1,1era. convocatoria,Universidad,PONTIFICIA UNIVERSIDAD CATOLICA DEL PERU,SEDE SAN MIGUEL,ARQUITECTURA,REGISTRO COMPLETO,2016-01,2016-01,,CALLAO,14/04/2026 14:01:19
2,2da. convocatoria,Universidad,PONTIFICIA UNIVERSIDAD CATOLICA DEL PERU,SEDE SAN MIGUEL,ARQUITECTURA,REGISTRO COMPLETO,2016-08,2016-08,2016-08,BREÑA,14/04/2026 14:01:19
3,2da. convocatoria,Universidad,PONTIFICIA UNIVERSIDAD CATOLICA DEL PERU,SEDE SAN MIGUEL,ARQUITECTURA,REGISTRO COMPLETO,2016-08,2016-08,2017-01,LOS OLIVOS,14/04/2026 14:01:19
4,1era. convocatoria,Universidad,PONTIFICIA UNIVERSIDAD CATOLICA DEL PERU,SEDE SAN MIGUEL,INGENIERIA CIVIL,REGISTRO COMPLETO,2016-02,2015-12,2016-02,CAJAMARCA,14/04/2026 14:01:19
5,2da. convocatoria,Universidad,PONTIFICIA UNIVERSIDAD CATOLICA DEL PERU,SEDE SAN MIGUEL,INGENIERIA CIVIL,REGISTRO COMPLETO,2016-08,2016-08,2017-01,CALLAO,14/04/2026 14:01:19
6,2da. convocatoria,Universidad,PONTIFICIA UNIVERSIDAD CATOLICA DEL PERU,SEDE SAN MIGUEL,INGENIERIA CIVIL,REGISTRO COMPLETO,2016-09,2016-08,2016-09,BELLAVISTA,14/04/2026 14:01:19
7,1era. convocatoria,Universidad,PONTIFICIA UNIVERSIDAD CATOLICA DEL PERU,SEDE SAN MIGUEL,INGENIERIA CIVIL,REGISTRO COMPLETO,2016-01,2016-01,,HUANCAYO,14/04/2026 14:01:19
8,1era. convocatoria,Universidad,PONTIFICIA UNIVERSIDAD CATOLICA DEL PERU,SEDE SAN MIGUEL,INGENIERIA CIVIL,REGISTRO COMPLETO,2016-01,2015-12,,LIMA,14/04/2026 14:01:19
9,1era. convocatoria,Universidad,PONTIFICIA UNIVERSIDAD CATOLICA DEL PERU,SEDE SAN MIGUEL,INGENIERIA CIVIL,REGISTRO COMPLETO,2016-01,2016-01,,LIMA,14/04/2026 14:01:19
10,2da. convocatoria,Universidad,PONTIFICIA UNIVERSIDAD CATOLICA DEL PERU,SEDE SAN MIGUEL,INGENIERIA CIVIL,REGISTRO COMPLETO,2016-09,2016-08,2016-09,SAN BORJA,14/04/2026 14:01:19
11,2da. convocatoria,Universidad,PONTIFICIA UNIVERSIDAD CATOLICA DEL PERU,SEDE SAN MIGUEL,INGENIERIA CIVIL,REGISTRO COMPLETO,2016-08,2016-08,2017-01,SAN JUAN DE LURIGANCHO,14/04/2026 14:01:19
12,2da. convocatoria,Universidad,PONTIFICIA UNIVERSIDAD CATOLICA DEL PERU,SEDE SAN MIGUEL,INGENIERIA CIVIL,EN PROCESO DE REGISTRO,,2016-08,,,14/04/2026 14:01:19
13,1era. convocatoria,Universidad,PONTIFICIA UNIVERSIDAD CATOLICA DEL PERU,SEDE SAN MIGUEL,INGENIERIA CIVIL,REGISTRO COMPLETO,2016-01,2016-01,,EL TAMBO,14/04/2026 14:01:19
14,2da. convocatoria,Universidad,PONTIFICIA UNIVERSIDAD CATOLICA DEL PERU,SEDE SAN MIGUEL,INGENIERIA CIVIL,REGISTRO COMPLETO,2016-08,2016-08,2017-01,EL TAMBO,14/04/2026 14:01:19
15,1era. convocatoria,Universidad,PONTIFICIA UNIVERSIDAD CATOLICA DEL PERU,SEDE SAN MIGUEL,INGENIERIA CIVIL,EN PROCESO DE REGISTRO,,2015-12,,CARABAYLLO,14/04/2026 14:01:19
16,1era. convocatoria,Universidad,PONTIFICIA UNIVERSIDAD CATOLICA DEL PERU,SEDE SAN MIGUEL,INGENIERIA CIVIL,REGISTRO COMPLETO,2016-01,2015-12,,LOS OLIVOS,14/04/2026 14:01:19
17,1era. convocatoria,Universidad,PONTIFICIA UNIVERSIDAD CATOLICA DEL PERU,SEDE SAN MIGUEL,INGENIERIA CIVIL,REGISTRO COMPLETO,2016-02,2016-01,2016-02,LOS OLIVOS,14/04/2026 14:01:19
18,1era. convocatoria,Universidad,PONTIFICIA UNIVERSIDAD CATOLICA DEL PERU,SEDE SAN MIGUEL,INGENIERIA CIVIL,REGISTRO COMPLETO,2016-02,2016-01,2016-02,PUEBLO LIBRE,14/04/2026 14:01:19
19,1era. convocatoria,Universidad,UNIVERSIDAD DEL PACIFICO,SEDE JESUS MARIA,INGENIERIA EMPRESARIAL,REGISTRO COMPLETO,2016-02,2016-01,2016-02,ANCON,14/04/2026 14:01:19
20,1era. convocatoria,Universidad,UNIVERSIDAD DEL PACIFICO,SEDE JESUS MARIA,INGENIERIA EMPRESARIAL,REGISTRO COMPLETO,2016-02,2016-01,2016-02,MAGDALENA DEL MAR,14/04/2026 14:01:19
21,1era. convocatoria,Universidad,UNIVERSIDAD DEL PACIFICO,SEDE JESUS MARIA,INGENIERIA EMPRESARIAL,REGISTRO COMPLETO,2016-01,2016-01,,SURQUILLO,14/04/2026 14:01:19
22,1era. convocatoria,Universidad,PONTIFICIA UNIVERSIDAD CATOLICA DEL PERU,SEDE SAN MIGUEL,INGENIERIA INFORMATICA,REGISTRO COMPLETO,2016-01,2016-01,,EL AGUSTINO,14/04/2026 14:01:19
23,1era. convocatoria,Universidad,PONTIFICIA UNIVERSIDAD CATOLICA DEL PERU,SEDE SAN MIGUEL,INGENIERIA INFORMATICA,REGISTRO COMPLETO,2016-01,2016-01,,CHORRILLOS,14/04/2026 14:01:19
24,1era. convocatoria,Universidad,PONTIFICIA UNIVERSIDAD CATOLICA DEL PERU,SEDE SAN MIGUEL,INGENIERIA INFORMATICA,REGISTRO COMPLETO,2016-02,2015-12,2016-02,PUENTE PIEDRA,14/04/2026 14:01:19
25,1era. convocatoria,Universidad,PONTIFICIA UNIVERSIDAD CATOLICA DEL PERU,SEDE SAN MIGUEL,INGENIERIA INFORMATICA,REGISTRO COMPLETO,2015-12,2015-12,,SAN MARTIN DE PORRES,14/04/2026 14:01:19
26,1era. convocatoria,Universidad,PONTIFICIA UNIVERSIDAD CATOLICA DEL PERU,SEDE SAN MIGUEL,INGENIERIA INFORMATICA,REGISTRO COMPLETO,2016-01,2016-01,2016-01,SAN MARTIN DE PORRES,14/04/2026 14:01:19
27,2da. convocatoria,Universidad,PONTIFICIA UNIVERSIDAD CATOLICA DEL PERU,SEDE SAN MIGUEL,INGENIERIA INFORMATICA,REGISTRO COMPLETO,2016-08,2016-08,2017-01,SAN MARTIN DE PORRES,14/04/2026 14:01:19
28,1era. convocatoria,Instituto de Educación Superior,IES PRIVADO TECSUP N° 1,SEDE SANTA ANITA,MECATRONICA INDUSTRIAL,EN PROCESO DE REGISTRO,,2016-02,,EL TAMBO,14/04/2026 14:01:19
29,2da. convocatoria,Instituto de Educación Superior,IES PRIVADO TECSUP N° 1,SEDE SANTA ANITA,MECATRONICA INDUSTRIAL,ANULADA,,2016-08,,EL TAMBO,14/04/2026 14:01:19
30,1era. convocatoria,Instituto de Educación Superior,IES PRIVADO TECSUP N° 1,SEDE SANTA ANITA,MECATRONICA INDUSTRIAL,EN PROCESO DE REGISTRO,,2016-03,,YAUYOS,14/04/2026 14:01:19
31,1era. convocatoria,Instituto de Educación Superior,IES PRIVADO TECSUP N° 1,SEDE SANTA ANITA,MECATRONICA INDUSTRIAL,REGISTRO COMPLETO,2016-03,2016-02,2016-03,ATE,14/04/2026 14:01:19
32,1era. convocatoria,Instituto de Educación Superior,IES PRIVADO TECSUP N° 1,SEDE SANTA ANITA,MECATRONICA INDUSTRIAL,REGISTRO COMPLETO,2016-02,2016-02,,HUAMANCACA CHICO,14/04/2026 14:01:19
33,1era. convocatoria,Instituto de Educación Superior,IES PRIVADO TECSUP N° 1,SEDE SANTA ANITA,MECATRONICA INDUSTRIAL,REGISTRO COMPLETO,2016-02,2016-02,,BREÑA,14/04/2026 14:01:19
34,1era. convocatoria,Instituto de Educación Superior,IES PRIVADO TECSUP N° 1,SEDE SANTA ANITA,MECATRONICA INDUSTRIAL,REGISTRO COMPLETO,2015-12,2015-12,,LA MOLINA,14/04/2026 14:01:19
35,1era. convocatoria,Instituto de Educación Superior,IES PRIVADO TECSUP N° 1,SEDE SANTA ANITA,MECATRONICA INDUSTRIAL,REGISTRO COMPLETO,2016-02,2015-12,,SAN JUAN DE LURIGANCHO,14/04/2026 14:01:19
36,1era. convocatoria,Instituto de Educación Superior,IES PRIVADO TECSUP N° 1,SEDE SANTA ANITA,MECATRONICA INDUSTRIAL,REGISTRO COMPLETO,2016-03,2016-02,2016-02,SANTA ANITA,14/04/2026 14:01:19
37,2da. convocatoria,Instituto de Educación Superior,IES PRIVADO TECSUP N° 1,SEDE SANTA ANITA,MECATRONICA INDUSTRIAL,ANULADA,,2016-09,,,14/04/2026 14:01:19
38,1era. convocatoria,Instituto de Educación Superior,IES PRIVADO TECSUP N° 1,SEDE SANTA ANITA,MECATRONICA INDUSTRIAL,EN PROCESO DE REGISTRO,,2016-03,,,14/04/2026 14:01:19
39,2da. convocatoria,Universidad,UNIVERSIDAD PERUANA CAYETANO HEREDIA,SEDE CENTRAL,ENFERMERIA,EN PROCESO DE REGISTRO,,2016-08,,LIMA,14/04/2026 14:01:19
40,1era. convocatoria,Universidad,UNIVERSIDAD PERUANA CAYETANO HEREDIA,SEDE CENTRAL,ENFERMERIA,REGISTRO COMPLETO,2016-02,2016-02,2016-02,LIMA,14/04/2026 14:01:19
41,1era. convocatoria,Universidad,UNIVERSIDAD PERUANA CAYETANO HEREDIA,SEDE CENTRAL,ENFERMERIA,EN PROCESO DE REGISTRO,,2016-02,2016-02,ATE,14/04/2026 14:01:19
42,1era. convocatoria,Universidad,UNIVERSIDAD PERUANA CAYETANO HEREDIA,SEDE CENTRAL,ENFERMERIA,REGISTRO COMPLETO,2016-02,2016-02,2016-02,LA VICTORIA,14/04/2026 14:01:19
43,1era. convocatoria,Universidad,UNIVERSIDAD PERUANA CAYETANO HEREDIA,SEDE CENTRAL,ENFERMERIA,EN PROCESO DE REGISTRO,,2016-02,2016-02,SAN JUAN DE LURIGANCHO,14/04/2026 14:01:19
44,1era. convocatoria,Universidad,UNIVERSIDAD PERUANA CAYETANO HEREDIA,SEDE CENTRAL,ENFERMERIA,REGISTRO COMPLETO,2016-02,2016-02,2016-02,SAN MARTIN DE PORRES,14/04/2026 14:01:19
45,1era. convocatoria,Universidad,UNIVERSIDAD PERUANA CAYETANO HEREDIA,SEDE CENTRAL,ENFERMERIA,EN PROCESO DE REGISTRO,,2016-02,,,14/04/2026 14:01:19
46,2da. convocatoria,Universidad,UNIVERSIDAD PERUANA CAYETANO HEREDIA,SEDE CENTRAL,ENFERMERIA,EN PROCESO DE REGISTRO,,2016-08,,,14/04/2026 14:01:19
47,1era. convocatoria,Universidad,UNIVERSIDAD PERUANA CAYETANO HEREDIA,SEDE CENTRAL,BIOLOGIA,REGISTRO COMPLETO,2016-02,2016-02,,LIMA,14/04/2026 14:01:19
48,1era. convocatoria,Universidad,UNIVERSIDAD PERUANA CAYETANO HEREDIA,SEDE CENTRAL,BIOLOGIA,EN PROCESO DE REGISTRO,,2016-02,2016-02,MAGDALENA DEL MAR,14/04/2026 14:01:19
49,1era. convocatoria,Universidad,UNIVERSIDAD PERUANA CAYETANO HEREDIA,SEDE CENTRAL,BIOLOGIA,REGISTRO COMPLETO,2016-02,2016-02,2016-02,MIRAFLORES,14/04/2026 14:01:19
50,2da. convocatoria,Universidad,UNIVERSIDAD PERUANA CAYETANO HEREDIA,SEDE CENTRAL,BIOLOGIA,REGISTRO COMPLETO,2016-09,2016-08,2016-09,LA VICTORIA,14/04/2026 14:01:19
51,1era. convocatoria,Universidad,UNIVERSIDAD PERUANA CAYETANO HEREDIA,SEDE CENTRAL,BIOLOGIA,REGISTRO COMPLETO,2016-02,2016-02,2016-02,SAN BORJA,14/04/2026 14:01:19
52,1era. convocatoria,Universidad,UNIVERSIDAD PERUANA CAYETANO HEREDIA,SEDE CENTRAL,BIOLOGIA,REGISTRO COMPLETO,2016-02,2016-02,2016-02,LOS OLIVOS,14/04/2026 14:01:19
53,2da. convocatoria,Universidad,UNIVERSIDAD PERUANA CAYETANO HEREDIA,SEDE CENTRAL,BIOLOGIA,REGISTRO COMPLETO,2016-08,2016-08,2016-08,HUACHO,14/04/2026 14:01:19
54,1era. convocatoria,Universidad,UNIVERSIDAD PERUANA CAYETANO HEREDIA,SEDE CENTRAL,BIOLOGIA,REGISTRO COMPLETO,2016-02,2016-02,2016-02,CALLERIA,14/04/2026 14:01:19
55,1era. convocatoria,Universidad,UNIVERSIDAD PERUANA CAYETANO HEREDIA,SEDE CENTRAL,BIOLOGIA,EN PROCESO DE REGISTRO,,2016-02,,,14/04/2026 14:01:19
56,1era. convocatoria,Universidad,UNIVERSIDAD PERUANA CAYETANO HEREDIA,SEDE CENTRAL,BIOLOGIA,REGISTRO COMPLETO,2016-02,2016-02,2016-02,SAN MARTIN DE PORRES,14/04/2026 14:01:19
57,1era. convocatoria,Universidad,UNIVERSIDAD PERUANA CAYETANO HEREDIA,SEDE CENTRAL,BIOLOGIA,REGISTRO COMPLETO,2016-02,2016-02,2016-02,SAN JUAN DE LURIGANCHO,14/04/2026 14:01:19
58,1era. convocatoria,Universidad,UNIVERSIDAD PERUANA CAYETANO HEREDIA,SEDE CENTRAL,BIOLOGIA,REGISTRO COMPLETO,2016-02,2016-02,2016-02,SANTIAGO DE SURCO,14/04/2026 14:01:19
59,2da. convocatoria,Universidad,UNIVERSIDAD PERUANA CAYETANO HEREDIA,SEDE CENTRAL,BIOLOGIA,REGISTRO COMPLETO,2016-09,2016-08,2016-09,SANTIAGO DE SURCO,14/04/2026 14:01:19
60,1era. convocatoria,Universidad,UNIVERSIDAD PERUANA CAYETANO HEREDIA,SEDE CENTRAL,BIOLOGIA,REGISTRO COMPLETO,2016-02,2016-02,2016-02,SAN MARTIN DE PORRES,14/04/2026 14:01:19
61,2da. convocatoria,Universidad,UNIVERSIDAD PERUANA CAYETANO HEREDIA,SEDE CENTRAL,BIOLOGIA,REGISTRO COMPLETO,2016-09,2016-08,2016-09,CHANCAY,14/04/2026 14:01:19
62,1era. convocatoria,Universidad,PONTIFICIA UNIVERSIDAD CATOLICA DEL PERU,SEDE SAN MIGUEL,FISICA,REGISTRO COMPLETO,2016-02,2016-01,2016-02,LIMA,14/04/2026 14:01:19
63,1era. convocatoria,Universidad,PONTIFICIA UNIVERSIDAD CATOLICA DEL PERU,SEDE SAN MIGUEL,INGENIERIA DE MINAS,REGISTRO COMPLETO,2016-01,2016-01,,LIMA,14/04/2026 14:01:19
64,1era. convocatoria,Universidad,PONTIFICIA UNIVERSIDAD CATOLICA DEL PERU,SEDE SAN MIGUEL,INGENIERIA DE MINAS,REGISTRO COMPLETO,2016-01,2016-01,,SAN MARTIN DE PORRES,14/04/2026 14:01:19
65,2da. convocatoria,Universidad,PONTIFICIA UNIVERSIDAD CATOLICA DEL PERU,SEDE SAN MIGUEL,INGENIERIA DE MINAS,REGISTRO COMPLETO,2016-08,2016-08,2017-01,SAN MARTIN DE PORRES,14/04/2026 14:01:19
66,2da. convocatoria,Universidad,PONTIFICIA UNIVERSIDAD CATOLICA DEL PERU,SEDE SAN MIGUEL,INGENIERIA DE MINAS,REGISTRO COMPLETO,2016-08,2016-08,2016-08,SAN MIGUEL,14/04/2026 14:01:19
67,2da. convocatoria,Universidad,PONTIFICIA UNIVERSIDAD CATOLICA DEL PERU,SEDE SAN MIGUEL,INGENIERIA DE MINAS,REGISTRO COMPLETO,2016-08,2016-08,,VILLA EL SALVADOR,14/04/2026 14:01:19
68,2da. convocatoria,Universidad,PONTIFICIA UNIVERSIDAD CATOLICA DEL PERU,SEDE SAN MIGUEL,INGENIERIA ELECTRONICA,REGISTRO COMPLETO,2016-08,2016-08,2017-01,SANTIAGO DE SURCO,14/04/2026 14:01:19
69,1era. convocatoria,Universidad,UNIVERSIDAD DE INGENIERIA Y TECNOLOGIA,SEDE BARRANCO,INGENIERIA ELECTRONICA,REGISTRO COMPLETO,2015-12,2015-12,,LIMA,14/04/2026 14:01:19
70,2da. convocatoria,Universidad,UNIVERSIDAD DE INGENIERIA Y TECNOLOGIA,SEDE BARRANCO,INGENIERIA ELECTRONICA,REGISTRO COMPLETO,2016-12,2016-11,2016-12,ATE,14/04/2026 14:01:19
71,1era. convocatoria,Universidad,UNIVERSIDAD DE INGENIERIA Y TECNOLOGIA,SEDE BARRANCO,INGENIERIA ELECTRONICA,REGISTRO COMPLETO,2016-02,2016-02,,ATE,14/04/2026 14:01:19
72,1era. convocatoria,Universidad,UNIVERSIDAD DE INGENIERIA Y TECNOLOGIA,SEDE BARRANCO,INGENIERIA ELECTRONICA,REGISTRO COMPLETO,2015-12,2015-11,,COMAS,14/04/2026 14:01:19
73,2da. convocatoria,Universidad,UNIVERSIDAD DE INGENIERIA Y TECNOLOGIA,SEDE BARRANCO,INGENIERIA ELECTRONICA,REGISTRO COMPLETO,2016-12,2016-11,2016-12,COMAS,14/04/2026 14:01:19
74,2da. convocatoria,Universidad,UNIVERSIDAD DE INGENIERIA Y TECNOLOGIA,SEDE BARRANCO,INGENIERIA ELECTRONICA,REGISTRO COMPLETO,2016-12,2016-11,2016-12,SANTIAGO DE SURCO,14/04/2026 14:01:19
75,1era. convocatoria,Universidad,UNIVERSIDAD DE INGENIERIA Y TECNOLOGIA,SEDE BARRANCO,INGENIERIA ELECTRONICA,REGISTRO COMPLETO,2016-02,2015-11,,LURIGANCHO,14/04/2026 14:01:19
76,2da. convocatoria,Universidad,UNIVERSIDAD DE INGENIERIA Y TECNOLOGIA,SEDE BARRANCO,INGENIERIA ELECTRONICA,REGISTRO COMPLETO,2016-11,2016-08,2016-11,LURIGANCHO,14/04/2026 14:01:19
77,1era. convocatoria,Universidad,UNIVERSIDAD DE INGENIERIA Y TECNOLOGIA,SEDE BARRANCO,INGENIERIA ELECTRONICA,REGISTRO COMPLETO,2016-05,2015-11,2016-02,LURIGANCHO,14/04/2026 14:01:19
78,1era. convocatoria,Universidad,UNIVERSIDAD DE INGENIERIA Y TECNOLOGIA,SEDE BARRANCO,INGENIERIA ELECTRONICA,REGISTRO COMPLETO,2015-12,2015-12,,SANTIAGO DE SURCO,14/04/2026 14:01:19
79,2da. convocatoria,Universidad,UNIVERSIDAD DE INGENIERIA Y TECNOLOGIA,SEDE BARRANCO,INGENIERIA ELECTRONICA,REGISTRO COMPLETO,2016-12,2016-11,2016-12,SAN MARTIN DE PORRES,14/04/2026 14:01:19
80,2da. convocatoria,Universidad,UNIVERSIDAD DE INGENIERIA Y TECNOLOGIA,SEDE BARRANCO,INGENIERIA ELECTRONICA,EN PROCESO DE REGISTRO,,2016-11,2016-12,,14/04/2026 14:01:19
81,1era. convocatoria,Universidad,PONTIFICIA UNIVERSIDAD CATOLICA DEL PERU,SEDE SAN MIGUEL,INGENIERIA GEOLOGICA,REGISTRO COMPLETO,2016-01,2016-01,,LIMA,14/04/2026 14:01:19
82,1era. convocatoria,Universidad,PONTIFICIA UNIVERSIDAD CATOLICA DEL PERU,SEDE SAN MIGUEL,INGENIERIA INDUSTRIAL,REGISTRO COMPLETO,2015-12,2015-12,,JOSE LEONARDO ORTIZ,14/04/2026 14:01:19
83,2da. convocatoria,Universidad,PONTIFICIA UNIVERSIDAD CATOLICA DEL PERU,SEDE SAN MIGUEL,INGENIERIA INDUSTRIAL,REGISTRO COMPLETO,2016-08,2016-08,2016-08,CARABAYLLO,14/04/2026 14:01:19
84,2da. convocatoria,Universidad,PONTIFICIA UNIVERSIDAD CATOLICA DEL PERU,SEDE SAN MIGUEL,INGENIERIA INDUSTRIAL,REGISTRO COMPLETO,2016-09,2016-08,2016-09,LIMA,14/04/2026 14:01:19
85,1era. convocatoria,Universidad,PONTIFICIA UNIVERSIDAD CATOLICA DEL PERU,SEDE SAN MIGUEL,INGENIERIA INDUSTRIAL,EN PROCESO DE REGISTRO,,2015-12,,LIMA,14/04/2026 14:01:19
86,1era. convocatoria,Universidad,PONTIFICIA UNIVERSIDAD CATOLICA DEL PERU,SEDE SAN MIGUEL,INGENIERIA INDUSTRIAL,REGISTRO COMPLETO,2016-02,2016-01,2016-02,BREÑA,14/04/2026 14:01:19
87,1era. convocatoria,Universidad,PONTIFICIA UNIVERSIDAD CATOLICA DEL PERU,SEDE SAN MIGUEL,INGENIERIA INDUSTRIAL,REGISTRO COMPLETO,2016-01,2016-01,2016-01,EL AGUSTINO,14/04/2026 14:01:19
88,1era. convocatoria,Universidad,UNIVERSIDAD DE INGENIERIA Y TECNOLOGIA,SEDE BARRANCO,INGENIERIA INDUSTRIAL,REGISTRO COMPLETO,2015-12,2015-11,,SAN MARTIN DE PORRES,14/04/2026 14:01:19
89,2da. convocatoria,Universidad,UNIVERSIDAD DE INGENIERIA Y TECNOLOGIA,SEDE BARRANCO,INGENIERIA INDUSTRIAL,EN PROCESO DE REGISTRO,,2016-08,,,14/04/2026 14:01:19
90,2da. convocatoria,Universidad,UNIVERSIDAD DE INGENIERIA Y TECNOLOGIA,SEDE BARRANCO,INGENIERIA INDUSTRIAL,ANULADA,,2016-10,2016-11,,14/04/2026 14:01:19
91,1era. convocatoria,Universidad,UNIVERSIDAD DE INGENIERIA Y TECNOLOGIA,SEDE BARRANCO,INGENIERIA INDUSTRIAL,REGISTRO COMPLETO,2015-11,2015-11,,SANTIAGO DE SURCO,14/04/2026 14:01:19
92,1era. convocatoria,Universidad,UNIVERSIDAD DE INGENIERIA Y TECNOLOGIA,SEDE BARRANCO,INGENIERIA INDUSTRIAL,REGISTRO COMPLETO,2016-02,2016-02,2016-02,SAN JUAN DE MIRAFLORES,14/04/2026 14:01:19
93,1era. convocatoria,Universidad,UNIVERSIDAD DE INGENIERIA Y TECNOLOGIA,SEDE BARRANCO,INGENIERIA INDUSTRIAL,REGISTRO COMPLETO,2016-02,2016-02,,LA MOLINA,14/04/2026 14:01:19
94,1era. convocatoria,Universidad,UNIVERSIDAD DE INGENIERIA Y TECNOLOGIA,SEDE BARRANCO,INGENIERIA INDUSTRIAL,EN PROCESO DE REGISTRO,,2016-02,,SANTIAGO DE SURCO,14/04/2026 14:01:19
95,1era. convocatoria,Universidad,UNIVERSIDAD DE INGENIERIA Y TECNOLOGIA,SEDE BARRANCO,INGENIERIA INDUSTRIAL,REGISTRO COMPLETO,2016-02,2016-02,,VILLA MARIA DEL TRIUNFO,14/04/2026 14:01:19
96,1era. convocatoria,Universidad,UNIVERSIDAD DE INGENIERIA Y TECNOLOGIA,SEDE BARRANCO,INGENIERIA INDUSTRIAL,REGISTRO COMPLETO,2016-02,2015-11,,VILLA MARIA DEL TRIUNFO,14/04/2026 14:01:19
97,1era. convocatoria,Universidad,UNIVERSIDAD DE INGENIERIA Y TECNOLOGIA,SEDE BARRANCO,INGENIERIA INDUSTRIAL,REGISTRO COMPLETO,2015-12,2015-11,,SAN MARTIN DE PORRES,14/04/2026 14:01:19
98,2da. convocatoria,Universidad,PONTIFICIA UNIVERSIDAD CATOLICA DEL PERU,SEDE SAN MIGUEL,INGENIERIA INDUSTRIAL,REGISTRO COMPLETO,2016-08,2016-08,2017-01,SANTIAGO DE SURCO,14/04/2026 14:01:19
99,1era. convocatoria,Universidad,UNIVERSIDAD DE INGENIERIA Y TECNOLOGIA,SEDE BARRANCO,INGENIERIA INDUSTRIAL,REGISTRO COMPLETO,2016-02,2016-02,,VENTANILLA,14/04/2026 14:01:19
100,1era. convocatoria,Universidad,UNIVERSIDAD DE INGENIERIA Y TECNOLOGIA,SEDE BARRANCO,INGENIERIA INDUSTRIAL,REGISTRO COMPLETO,2015-12,2015-11,,CHORRILLOS,14/04/2026 14:01:19
501,1era. convocatoria,Instituto de Educación Superior,TECSUP TRUJILLO,SEDE TRUJILLO,MANTENIMIENTO Y GESTION DE EQUIPO PESADO,REGISTRO COMPLETO,2016-02,2016-02,2016-02,LA ESPERANZA,14/04/2026 14:01:22
502,1era. convocatoria,Instituto de Educación Superior,TECSUP TRUJILLO,SEDE TRUJILLO,MANTENIMIENTO Y GESTION DE EQUIPO PESADO,REGISTRO COMPLETO,2016-02,2016-02,2016-02,LA ESPERANZA,14/04/2026 14:01:22
503,1era. convocatoria,Instituto de Educación Superior,TECSUP TRUJILLO,SEDE TRUJILLO,MANTENIMIENTO Y GESTION DE EQUIPO PESADO,REGISTRO COMPLETO,2016-02,2016-02,2016-02,LA ESPERANZA,14/04/2026 14:01:22
504,1era. convocatoria,Instituto de Educación Superior,TECSUP TRUJILLO,SEDE TRUJILLO,MANTENIMIENTO Y GESTION DE EQUIPO PESADO,REGISTRO COMPLETO,2016-02,2016-02,2016-02,HUANCHACO,14/04/2026 14:01:22
505,1era. convocatoria,Instituto de Educación Superior,TECSUP TRUJILLO,SEDE TRUJILLO,MANTENIMIENTO Y GESTION DE EQUIPO PESADO,REGISTRO COMPLETO,2016-02,2016-02,2016-02,EL PORVENIR,14/04/2026 14:01:22
506,1era. convocatoria,Instituto de Educación Superior,TECSUP TRUJILLO,SEDE TRUJILLO,MANTENIMIENTO Y GESTION DE EQUIPO PESADO,REGISTRO COMPLETO,2016-02,2016-02,,EL PORVENIR,14/04/2026 14:01:22
507,1era. convocatoria,Instituto de Educación Superior,TECSUP TRUJILLO,SEDE TRUJILLO,MANTENIMIENTO Y GESTION DE EQUIPO PESADO,REGISTRO COMPLETO,2016-03,2016-02,2016-03,EL PORVENIR,14/04/2026 14:01:22
508,1era. convocatoria,Instituto de Educación Superior,TECSUP TRUJILLO,SEDE TRUJILLO,MANTENIMIENTO Y GESTION DE EQUIPO PESADO,REGISTRO COMPLETO,2016-02,2016-02,2016-02,FLORENCIA DE MORA,14/04/2026 14:01:22
509,1era. convocatoria,Instituto de Educación Superior,TECSUP TRUJILLO,SEDE TRUJILLO,MANTENIMIENTO Y GESTION DE EQUIPO PESADO,REGISTRO COMPLETO,2016-03,2016-02,2016-03,FLORENCIA DE MORA,14/04/2026 14:01:22
510,1era. convocatoria,Instituto de Educación Superior,TECSUP TRUJILLO,SEDE TRUJILLO,MANTENIMIENTO Y GESTION DE EQUIPO PESADO,REGISTRO COMPLETO,2016-02,2016-02,,HUANCHACO,14/04/2026 14:01:22
511,1era. convocatoria,Instituto de Educación Superior,TECSUP TRUJILLO,SEDE TRUJILLO,MANTENIMIENTO Y GESTION DE EQUIPO PESADO,REGISTRO COMPLETO,2016-02,2016-02,,TRUJILLO,14/04/2026 14:01:22
512,1era. convocatoria,Instituto de Educación Superior,TECSUP TRUJILLO,SEDE TRUJILLO,MANTENIMIENTO Y GESTION DE EQUIPO PESADO,REGISTRO COMPLETO,2016-02,2016-02,2016-02,SAN JUAN,14/04/2026 14:01:22
513,1era. convocatoria,Instituto de Educación Superior,TECSUP TRUJILLO,SEDE TRUJILLO,MANTENIMIENTO Y GESTION DE EQUIPO PESADO,REGISTRO COMPLETO,2016-02,2016-02,2016-02,TRUJILLO,14/04/2026 14:01:22
514,1era. convocatoria,Instituto de Educación Superior,TECSUP TRUJILLO,SEDE TRUJILLO,MANTENIMIENTO Y GESTION DE EQUIPO PESADO,REGISTRO COMPLETO,2016-02,2016-02,2016-02,SAN PABLO,14/04/2026 14:01:22
515,1era. convocatoria,Instituto de Educación Superior,TECSUP TRUJILLO,SEDE TRUJILLO,MANTENIMIENTO Y GESTION DE EQUIPO PESADO,REGISTRO COMPLETO,2016-02,2016-02,2016-02,SAN PABLO,14/04/2026 14:01:22
516,1era. convocatoria,Instituto de Educación Superior,TECSUP TRUJILLO,SEDE TRUJILLO,MANTENIMIENTO Y GESTION DE EQUIPO PESADO,REGISTRO COMPLETO,2016-02,2016-02,2016-02,EL PORVENIR,14/04/2026 14:01:22
517,1era. convocatoria,Instituto de Educación Superior,IES PRIVADO TECSUP N° 1,SEDE SANTA ANITA,AVIONICA Y MECANICA AERONAUTICA,REGISTRO COMPLETO,2016-03,2016-03,,EL TAMBO,14/04/2026 14:01:22
518,1era. convocatoria,Instituto de Educación Superior,IES PRIVADO TECSUP N° 1,SEDE SANTA ANITA,AVIONICA Y MECANICA AERONAUTICA,REGISTRO COMPLETO,2016-02,2016-02,,PILCOMAYO,14/04/2026 14:01:22
519,1era. convocatoria,Instituto de Educación Superior,IES PRIVADO TECSUP N° 1,SEDE SANTA ANITA,AVIONICA Y MECANICA AERONAUTICA,EN PROCESO DE REGISTRO,,2016-03,,CHUPACA,14/04/2026 14:01:22
520,1era. convocatoria,Instituto de Educación Superior,IES PRIVADO TECSUP N° 1,SEDE SANTA ANITA,AVIONICA Y MECANICA AERONAUTICA,REGISTRO COMPLETO,2016-03,2016-02,,EL TAMBO,14/04/2026 14:01:22
521,2da. convocatoria,Instituto de Educación Superior,IES PRIVADO TECSUP N° 1,SEDE SANTA ANITA,AVIONICA Y MECANICA AERONAUTICA,REGISTRO COMPLETO,2016-09,2016-08,,PILCOMAYO,14/04/2026 14:01:22
522,1era. convocatoria,Instituto de Educación Superior,IES PRIVADO TECSUP N° 1,SEDE SANTA ANITA,AVIONICA Y MECANICA AERONAUTICA,EN PROCESO DE REGISTRO,,2016-02,,JAUJA,14/04/2026 14:01:22
523,2da. convocatoria,Instituto de Educación Superior,IES PRIVADO TECSUP N° 1,SEDE SANTA ANITA,AVIONICA Y MECANICA AERONAUTICA,ANULADA,,2016-08,,VILLA EL SALVADOR,14/04/2026 14:01:22
524,2da. convocatoria,Instituto de Educación Superior,IES PRIVADO TECSUP N° 1,SEDE SANTA ANITA,AVIONICA Y MECANICA AERONAUTICA,ANULADA,,2016-10,,,14/04/2026 14:01:22
525,2da. convocatoria,Instituto de Educación Superior,IES PRIVADO TECSUP N° 1,SEDE SANTA ANITA,AVIONICA Y MECANICA AERONAUTICA,ANULADA,,2016-08,,,14/04/2026 14:01:22
526,1era. convocatoria,Instituto de Educación Superior,IES PRIVADO TECSUP N° 1,SEDE SANTA ANITA,AVIONICA Y MECANICA AERONAUTICA,EN PROCESO DE REGISTRO,,2016-02,,,14/04/2026 14:01:22
527,1era. convocatoria,Instituto de Educación Superior,IES PRIVADO TECSUP N° 1,SEDE SANTA ANITA,AVIONICA Y MECANICA AERONAUTICA,EN PROCESO DE REGISTRO,,2016-02,,,14/04/2026 14:01:22
528,2da. convocatoria,Instituto de Educación Superior,IES PRIVADO TECSUP N° 1,SEDE SANTA ANITA,AVIONICA Y MECANICA AERONAUTICA,ANULADA,,2016-09,,,14/04/2026 14:01:22
529,1era. convocatoria,Instituto de Educación Superior,IES PRIVADO TECSUP N° 1,SEDE SANTA ANITA,AVIONICA Y MECANICA AERONAUTICA,REGISTRO COMPLETO,2015-12,2015-12,,SANTIAGO DE SURCO,14/04/2026 14:01:22
530,1era. convocatoria,Instituto de Educación Superior,IES PRIVADO TECSUP N° 1,SEDE SANTA ANITA,AVIONICA Y MECANICA AERONAUTICA,REGISTRO COMPLETO,2016-02,2015-12,,VILLA EL SALVADOR,14/04/2026 14:01:22
531,2da. convocatoria,Instituto de Educación Superior,IES PRIVADO TECSUP N° 1,SEDE SANTA ANITA,AVIONICA Y MECANICA AERONAUTICA,ANULADA,,2016-08,,VILLA EL SALVADOR,14/04/2026 14:01:22
532,1era. convocatoria,Instituto de Educación Superior,IES PRIVADO TECSUP N° 1,SEDE SANTA ANITA,AVIONICA Y MECANICA AERONAUTICA,REGISTRO COMPLETO,2016-02,2016-02,,VILLA MARIA DEL TRIUNFO,14/04/2026 14:01:22
533,1era. convocatoria,Instituto de Educación Superior,IES PRIVADO TECSUP N° 1,SEDE SANTA ANITA,AVIONICA Y MECANICA AERONAUTICA,REGISTRO COMPLETO,2016-03,2016-03,,VILLA MARIA DEL TRIUNFO,14/04/2026 14:01:22
534,1era. convocatoria,Instituto de Educación Superior,IES PRIVADO TECSUP N° 1,SEDE SANTA ANITA,AVIONICA Y MECANICA AERONAUTICA,REGISTRO COMPLETO,2016-03,2016-03,,VILLA EL SALVADOR,14/04/2026 14:01:22
535,2da. convocatoria,Instituto de Educación Superior,IES PRIVADO TECSUP N° 1,SEDE SANTA ANITA,AVIONICA Y MECANICA AERONAUTICA,ANULADA,2016-08,2016-08,2016-11,ATE,14/04/2026 14:01:22
536,1era. convocatoria,Instituto de Educación Superior,IES PRIVADO TECSUP N° 1,SEDE SANTA ANITA,AVIONICA Y MECANICA AERONAUTICA,REGISTRO COMPLETO,2016-02,2016-02,2016-02,ATE,14/04/2026 14:01:22
537,1era. convocatoria,Instituto de Educación Superior,IES PRIVADO TECSUP N° 1,SEDE SANTA ANITA,AVIONICA Y MECANICA AERONAUTICA,REGISTRO COMPLETO,2016-03,2016-03,,SAN BORJA,14/04/2026 14:01:22
538,1era. convocatoria,Instituto de Educación Superior,IES PRIVADO TECSUP N° 1,SEDE SANTA ANITA,AVIONICA Y MECANICA AERONAUTICA,REGISTRO COMPLETO,2016-02,2016-02,,SAN JUAN DE LURIGANCHO,14/04/2026 14:01:22
539,2da. convocatoria,Instituto de Educación Superior,IES PRIVADO TECSUP N° 1,SEDE SANTA ANITA,AVIONICA Y MECANICA AERONAUTICA,ANULADA,,2016-08,,SAN JUAN DE LURIGANCHO,14/04/2026 14:01:22
540,1era. convocatoria,Instituto de Educación Superior,IES PRIVADO TECSUP N° 1,SEDE SANTA ANITA,AVIONICA Y MECANICA AERONAUTICA,EN PROCESO DE REGISTRO,,2016-02,,SAN JUAN DE MIRAFLORES,14/04/2026 14:01:22
101,1era. convocatoria,Universidad,UNIVERSIDAD DE INGENIERIA Y TECNOLOGIA,SEDE BARRANCO,INGENIERIA INDUSTRIAL,REGISTRO COMPLETO,2015-12,2015-11,,LURIGANCHO,14/04/2026 14:01:22
102,1era. convocatoria,Universidad,UNIVERSIDAD DE INGENIERIA Y TECNOLOGIA,SEDE BARRANCO,INGENIERIA INDUSTRIAL,REGISTRO COMPLETO,2016-02,2016-02,2016-02,ATE,14/04/2026 14:01:22
103,1era. convocatoria,Universidad,UNIVERSIDAD DE INGENIERIA Y TECNOLOGIA,SEDE BARRANCO,INGENIERIA INDUSTRIAL,REGISTRO COMPLETO,2015-11,2015-11,,CHORRILLOS,14/04/2026 14:01:22
104,2da. convocatoria,Universidad,PONTIFICIA UNIVERSIDAD CATOLICA DEL PERU,SEDE SAN MIGUEL,INGENIERIA INDUSTRIAL,REGISTRO COMPLETO,2016-08,2016-08,2016-08,BARRANCA,14/04/2026 14:01:22
105,1era. convocatoria,Universidad,PONTIFICIA UNIVERSIDAD CATOLICA DEL PERU,SEDE SAN MIGUEL,INGENIERIA INDUSTRIAL,REGISTRO COMPLETO,2016-01,2016-01,,OXAPAMPA,14/04/2026 14:01:22
106,1era. convocatoria,Universidad,PONTIFICIA UNIVERSIDAD CATOLICA DEL PERU,SEDE SAN MIGUEL,INGENIERIA INDUSTRIAL,REGISTRO COMPLETO,2016-01,2016-01,2016-01,SAN MIGUEL,14/04/2026 14:01:22
107,2da. convocatoria,Universidad,PONTIFICIA UNIVERSIDAD CATOLICA DEL PERU,SEDE SAN MIGUEL,INGENIERIA INDUSTRIAL,REGISTRO COMPLETO,2016-08,2016-08,2017-01,SAN MIGUEL,14/04/2026 14:01:22
108,2da. convocatoria,Universidad,PONTIFICIA UNIVERSIDAD CATOLICA DEL PERU,SEDE SAN MIGUEL,INGENIERIA INDUSTRIAL,EN PROCESO DE REGISTRO,,2016-08,,,14/04/2026 14:01:22
109,1era. convocatoria,Universidad,PONTIFICIA UNIVERSIDAD CATOLICA DEL PERU,SEDE SAN MIGUEL,INGENIERIA INDUSTRIAL,EN PROCESO DE REGISTRO,,2016-01,,,14/04/2026 14:01:22
110,2da. convocatoria,Universidad,PONTIFICIA UNIVERSIDAD CATOLICA DEL PERU,SEDE SAN MIGUEL,INGENIERIA INDUSTRIAL,REGISTRO COMPLETO,2016-08,2016-08,2016-08,LOS OLIVOS,14/04/2026 14:01:22
111,1era. convocatoria,Universidad,PONTIFICIA UNIVERSIDAD CATOLICA DEL PERU,SEDE SAN MIGUEL,INGENIERIA INDUSTRIAL,REGISTRO COMPLETO,2016-01,2016-01,,PUENTE PIEDRA,14/04/2026 14:01:22
112,1era. convocatoria,Universidad,PONTIFICIA UNIVERSIDAD CATOLICA DEL PERU,SEDE SAN MIGUEL,INGENIERIA INDUSTRIAL,REGISTRO COMPLETO,2016-01,2016-01,,SAN MARTIN DE PORRES,14/04/2026 14:01:22
113,1era. convocatoria,Universidad,PONTIFICIA UNIVERSIDAD CATOLICA DEL PERU,SEDE SAN MIGUEL,INGENIERIA INDUSTRIAL,REGISTRO COMPLETO,2016-02,2016-01,2016-02,SANTIAGO DE SURCO,14/04/2026 14:01:22
114,2da. convocatoria,Universidad,PONTIFICIA UNIVERSIDAD CATOLICA DEL PERU,SEDE SAN MIGUEL,INGENIERIA INDUSTRIAL,REGISTRO COMPLETO,2016-08,2016-08,,SANTIAGO DE SURCO,14/04/2026 14:01:22
115,2da. convocatoria,Universidad,PONTIFICIA UNIVERSIDAD CATOLICA DEL PERU,SEDE SAN MIGUEL,INGENIERIA INDUSTRIAL,REGISTRO COMPLETO,2016-08,2016-08,,SAN MARTIN DE PORRES,14/04/2026 14:01:22
116,1era. convocatoria,Universidad,PONTIFICIA UNIVERSIDAD CATOLICA DEL PERU,SEDE SAN MIGUEL,INGENIERIA INDUSTRIAL,REGISTRO COMPLETO,2016-01,2016-01,,EL AGUSTINO,14/04/2026 14:01:22
117,1era. convocatoria,Universidad,PONTIFICIA UNIVERSIDAD CATOLICA DEL PERU,SEDE SAN MIGUEL,INGENIERIA INDUSTRIAL,REGISTRO COMPLETO,2016-01,2016-01,,PUENTE PIEDRA,14/04/2026 14:01:22
118,2da. convocatoria,Universidad,PONTIFICIA UNIVERSIDAD CATOLICA DEL PERU,SEDE SAN MIGUEL,INGENIERIA INDUSTRIAL,REGISTRO COMPLETO,2016-08,2016-08,2016-08,PUENTE PIEDRA,14/04/2026 14:01:22
119,1era. convocatoria,Universidad,PONTIFICIA UNIVERSIDAD CATOLICA DEL PERU,SEDE SAN MIGUEL,INGENIERIA INDUSTRIAL,REGISTRO COMPLETO,2016-01,2016-01,,LINCE,14/04/2026 14:01:22
120,1era. convocatoria,Universidad,PONTIFICIA UNIVERSIDAD CATOLICA DEL PERU,SEDE SAN MIGUEL,INGENIERIA INDUSTRIAL,REGISTRO COMPLETO,2016-02,2016-01,2016-02,LOS OLIVOS,14/04/2026 14:01:22
121,2da. convocatoria,Universidad,PONTIFICIA UNIVERSIDAD CATOLICA DEL PERU,SEDE SAN MIGUEL,INGENIERIA INDUSTRIAL,REGISTRO COMPLETO,2016-09,2016-08,2016-09,SAN JUAN DE LURIGANCHO,14/04/2026 14:01:22
122,2da. convocatoria,Universidad,PONTIFICIA UNIVERSIDAD CATOLICA DEL PERU,SEDE SAN MIGUEL,INGENIERIA MECANICA,REGISTRO COMPLETO,2016-08,2016-08,,EL AGUSTINO,14/04/2026 14:01:22
123,1era. convocatoria,Universidad,PONTIFICIA UNIVERSIDAD CATOLICA DEL PERU,SEDE SAN MIGUEL,INGENIERIA MECANICA,REGISTRO COMPLETO,2016-02,2016-01,2016-01,SAN MARTIN DE PORRES,14/04/2026 14:01:22
124,2da. convocatoria,Universidad,PONTIFICIA UNIVERSIDAD CATOLICA DEL PERU,SEDE SAN MIGUEL,INGENIERIA MECANICA,REGISTRO COMPLETO,2016-08,2016-08,,PUENTE PIEDRA,14/04/2026 14:01:22
125,1era. convocatoria,Universidad,UNIVERSIDAD DE INGENIERIA Y TECNOLOGIA,SEDE BARRANCO,INGENIERIA MECANICA,REGISTRO COMPLETO,2016-02,2016-02,,CARABAYLLO,14/04/2026 14:01:22
126,1era. convocatoria,Universidad,UNIVERSIDAD DE INGENIERIA Y TECNOLOGIA,SEDE BARRANCO,INGENIERIA MECANICA,REGISTRO COMPLETO,2015-12,2015-11,,SAN JUAN DE MIRAFLORES,14/04/2026 14:01:22
127,2da. convocatoria,Universidad,UNIVERSIDAD DE INGENIERIA Y TECNOLOGIA,SEDE BARRANCO,INGENIERIA MECANICA,REGISTRO COMPLETO,2016-12,2016-11,2016-12,SAN MIGUEL,14/04/2026 14:01:22
128,2da. convocatoria,Universidad,UNIVERSIDAD DE INGENIERIA Y TECNOLOGIA,SEDE BARRANCO,INGENIERIA MECANICA,REGISTRO COMPLETO,2016-12,2016-11,2016-12,SAN JUAN DE LURIGANCHO,14/04/2026 14:01:22
129,1era. convocatoria,Universidad,UNIVERSIDAD DE INGENIERIA Y TECNOLOGIA,SEDE BARRANCO,INGENIERIA MECANICA,REGISTRO COMPLETO,2015-12,2015-11,,SAN JUAN DE LURIGANCHO,14/04/2026 14:01:22
130,2da. convocatoria,Universidad,UNIVERSIDAD DE INGENIERIA Y TECNOLOGIA,SEDE BARRANCO,INGENIERIA MECANICA,EN PROCESO DE REGISTRO,,2016-09,,,14/04/2026 14:01:22
131,1era. convocatoria,Universidad,UNIVERSIDAD DE INGENIERIA Y TECNOLOGIA,SEDE BARRANCO,INGENIERIA MECANICA,REGISTRO COMPLETO,2016-02,2016-02,,VILLA EL SALVADOR,14/04/2026 14:01:22
132,1era. convocatoria,Universidad,PONTIFICIA UNIVERSIDAD CATOLICA DEL PERU,SEDE SAN MIGUEL,INGENIERIA MECATRONICA,EN PROCESO DE REGISTRO,,2015-12,2016-01,CHIMBOTE,14/04/2026 14:01:22
133,1era. convocatoria,Universidad,PONTIFICIA UNIVERSIDAD CATOLICA DEL PERU,SEDE SAN MIGUEL,INGENIERIA MECATRONICA,REGISTRO COMPLETO,2016-01,2016-01,2016-01,LIMA,14/04/2026 14:01:22
134,2da. convocatoria,Universidad,PONTIFICIA UNIVERSIDAD CATOLICA DEL PERU,SEDE SAN MIGUEL,INGENIERIA MECATRONICA,REGISTRO COMPLETO,2016-08,2016-08,,LIMA,14/04/2026 14:01:22
135,1era. convocatoria,Universidad,UNIVERSIDAD PERUANA CAYETANO HEREDIA,SEDE CENTRAL,MEDICINA VETERINARIA Y ZOOTECNIA,REGISTRO COMPLETO,2016-03,2016-02,2016-02,BELLAVISTA,14/04/2026 14:01:22
136,1era. convocatoria,Universidad,UNIVERSIDAD PERUANA CAYETANO HEREDIA,SEDE CENTRAL,MEDICINA VETERINARIA Y ZOOTECNIA,REGISTRO COMPLETO,2016-02,2016-02,2016-02,VENTANILLA,14/04/2026 14:01:22
137,1era. convocatoria,Universidad,UNIVERSIDAD PERUANA CAYETANO HEREDIA,SEDE CENTRAL,MEDICINA VETERINARIA Y ZOOTECNIA,EN PROCESO DE REGISTRO,,2016-02,,LIMA,14/04/2026 14:01:22
138,1era. convocatoria,Universidad,UNIVERSIDAD PERUANA CAYETANO HEREDIA,SEDE CENTRAL,MEDICINA VETERINARIA Y ZOOTECNIA,EN PROCESO DE REGISTRO,,2016-02,2016-02,COMAS,14/04/2026 14:01:22
139,1era. convocatoria,Universidad,UNIVERSIDAD PERUANA CAYETANO HEREDIA,SEDE CENTRAL,MEDICINA VETERINARIA Y ZOOTECNIA,REGISTRO COMPLETO,2016-02,2016-02,2016-02,INDEPENDENCIA,14/04/2026 14:01:22
140,1era. convocatoria,Universidad,UNIVERSIDAD PERUANA CAYETANO HEREDIA,SEDE CENTRAL,MEDICINA VETERINARIA Y ZOOTECNIA,REGISTRO COMPLETO,2016-02,2016-02,2016-02,LA VICTORIA,14/04/2026 14:01:22
141,1era. convocatoria,Universidad,UNIVERSIDAD PERUANA CAYETANO HEREDIA,SEDE CENTRAL,MEDICINA VETERINARIA Y ZOOTECNIA,REGISTRO COMPLETO,2016-02,2016-02,,SANTIAGO DE SURCO,14/04/2026 14:01:22
142,1era. convocatoria,Universidad,UNIVERSIDAD PERUANA CAYETANO HEREDIA,SEDE CENTRAL,MEDICINA VETERINARIA Y ZOOTECNIA,EN PROCESO DE REGISTRO,,2016-02,,,14/04/2026 14:01:22
143,1era. convocatoria,Universidad,UNIVERSIDAD PERUANA CAYETANO HEREDIA,SEDE CENTRAL,MEDICINA VETERINARIA Y ZOOTECNIA,EN PROCESO DE REGISTRO,,2016-02,,,14/04/2026 14:01:22
144,2da. convocatoria,Universidad,UNIVERSIDAD PERUANA CAYETANO HEREDIA,SEDE CENTRAL,MEDICINA VETERINARIA Y ZOOTECNIA,EN PROCESO DE REGISTRO,,2016-08,,,14/04/2026 14:01:22
145,1era. convocatoria,Universidad,UNIVERSIDAD PERUANA CAYETANO HEREDIA,SEDE CENTRAL,MEDICINA VETERINARIA Y ZOOTECNIA,EN PROCESO DE REGISTRO,,2016-02,,,14/04/2026 14:01:22
146,1era. convocatoria,Universidad,UNIVERSIDAD PERUANA CAYETANO HEREDIA,SEDE CENTRAL,MEDICINA VETERINARIA Y ZOOTECNIA,EN PROCESO DE REGISTRO,,2016-02,,,14/04/2026 14:01:22
147,1era. convocatoria,Universidad,UNIVERSIDAD PERUANA CAYETANO HEREDIA,SEDE CENTRAL,MEDICINA VETERINARIA Y ZOOTECNIA,EN PROCESO DE REGISTRO,,2016-02,,LOS OLIVOS,14/04/2026 14:01:22
148,1era. convocatoria,Universidad,UNIVERSIDAD PERUANA CAYETANO HEREDIA,SEDE CENTRAL,MEDICINA VETERINARIA Y ZOOTECNIA,EN PROCESO DE REGISTRO,,2016-02,2016-02,SAN MARTIN DE PORRES,14/04/2026 14:01:22
149,1era. convocatoria,Universidad,UNIVERSIDAD PERUANA CAYETANO HEREDIA,SEDE CENTRAL,MEDICINA VETERINARIA Y ZOOTECNIA,REGISTRO COMPLETO,2016-02,2016-02,2016-02,SAN BORJA,14/04/2026 14:01:22
150,1era. convocatoria,Universidad,UNIVERSIDAD PERUANA CAYETANO HEREDIA,SEDE CENTRAL,MEDICINA VETERINARIA Y ZOOTECNIA,EN PROCESO DE REGISTRO,,2016-02,,SAN MARTIN DE PORRES,14/04/2026 14:01:22
151,2da. convocatoria,Universidad,UNIVERSIDAD PERUANA CAYETANO HEREDIA,SEDE CENTRAL,MEDICINA VETERINARIA Y ZOOTECNIA,REGISTRO COMPLETO,2016-08,2016-08,,SANTIAGO DE SURCO,14/04/2026 14:01:22
152,1era. convocatoria,Universidad,UNIVERSIDAD PERUANA CAYETANO HEREDIA,SEDE CENTRAL,MEDICINA VETERINARIA Y ZOOTECNIA,REGISTRO COMPLETO,2016-02,2016-02,,SURQUILLO,14/04/2026 14:01:22
153,1era. convocatoria,Universidad,PONTIFICIA UNIVERSIDAD CATOLICA DEL PERU,SEDE SAN MIGUEL,QUIMICA,REGISTRO COMPLETO,2016-01,2016-01,,LIMA,14/04/2026 14:01:22
154,1era. convocatoria,Universidad,UNIVERSIDAD PERUANA CAYETANO HEREDIA,SEDE CENTRAL,QUIMICA,REGISTRO COMPLETO,2016-02,2016-02,2016-02,SAN MARTIN DE PORRES,14/04/2026 14:01:22
155,1era. convocatoria,Instituto de Educación Superior,IES PRIVADO TECSUP N° 1,SEDE SANTA ANITA,ELECTROTECNIA INDUSTRIAL,REGISTRO COMPLETO,2016-01,2015-12,,VENTANILLA,14/04/2026 14:01:22
156,1era. convocatoria,Instituto de Educación Superior,IES PRIVADO TECSUP N° 1,SEDE SANTA ANITA,ELECTROTECNIA INDUSTRIAL,REGISTRO COMPLETO,2016-02,2016-02,,HUANCAYO,14/04/2026 14:01:22
157,1era. convocatoria,Instituto de Educación Superior,IES PRIVADO TECSUP N° 1,SEDE SANTA ANITA,ELECTROTECNIA INDUSTRIAL,REGISTRO COMPLETO,2016-02,2016-02,2016-02,HUANCAYO,14/04/2026 14:01:22
158,1era. convocatoria,Instituto de Educación Superior,IES PRIVADO TECSUP N° 1,SEDE SANTA ANITA,ELECTROTECNIA INDUSTRIAL,EN PROCESO DE REGISTRO,,2016-03,,LIMA,14/04/2026 14:01:22
159,1era. convocatoria,Instituto de Educación Superior,IES PRIVADO TECSUP N° 1,SEDE SANTA ANITA,ELECTROTECNIA INDUSTRIAL,EN PROCESO DE REGISTRO,,2016-03,,ATE,14/04/2026 14:01:22
160,1era. convocatoria,Instituto de Educación Superior,IES PRIVADO TECSUP N° 1,SEDE SANTA ANITA,ELECTROTECNIA INDUSTRIAL,EN PROCESO DE REGISTRO,,2016-03,2016-03,CHACLACAYO,14/04/2026 14:01:22
161,1era. convocatoria,Instituto de Educación Superior,IES PRIVADO TECSUP N° 1,SEDE SANTA ANITA,ELECTROTECNIA INDUSTRIAL,REGISTRO COMPLETO,2016-01,2015-12,,EL AGUSTINO,14/04/2026 14:01:22
162,1era. convocatoria,Instituto de Educación Superior,IES PRIVADO TECSUP N° 1,SEDE SANTA ANITA,ELECTROTECNIA INDUSTRIAL,EN PROCESO DE REGISTRO,,2016-02,2016-02,SAN JUAN DE LURIGANCHO,14/04/2026 14:01:22
163,1era. convocatoria,Instituto de Educación Superior,IES PRIVADO TECSUP N° 1,SEDE SANTA ANITA,ELECTROTECNIA INDUSTRIAL,REGISTRO COMPLETO,2016-03,2016-03,,SANTA ANITA,14/04/2026 14:01:22
164,2da. convocatoria,Instituto de Educación Superior,IES PRIVADO TECSUP N° 1,SEDE SANTA ANITA,ELECTROTECNIA INDUSTRIAL,ANULADA,,2016-10,2017-01,,14/04/2026 14:01:22
165,2da. convocatoria,Instituto de Educación Superior,IES PRIVADO TECSUP N° 1,SEDE SANTA ANITA,ELECTROTECNIA INDUSTRIAL,ANULADA,,2016-09,,,14/04/2026 14:01:22
166,2da. convocatoria,Instituto de Educación Superior,IES PRIVADO TECSUP N° 1,SEDE SANTA ANITA,ELECTROTECNIA INDUSTRIAL,ANULADA,,2016-10,,,14/04/2026 14:01:22
167,2da. convocatoria,Instituto de Educación Superior,IES PRIVADO TECSUP N° 1,SEDE SANTA ANITA,MANTENIMIENTO DE MAQUINARIA PESADA,ANULADA,,2016-08,,EL TAMBO,14/04/2026 14:01:22
168,1era. convocatoria,Instituto de Educación Superior,IES PRIVADO TECSUP N° 1,SEDE SANTA ANITA,MANTENIMIENTO DE MAQUINARIA PESADA,REGISTRO COMPLETO,2016-03,2016-03,,EL TAMBO,14/04/2026 14:01:22
169,1era. convocatoria,Instituto de Educación Superior,IES PRIVADO TECSUP N° 1,SEDE SANTA ANITA,MANTENIMIENTO DE MAQUINARIA PESADA,REGISTRO COMPLETO,2016-03,2016-02,,LIMA,14/04/2026 14:01:22
170,1era. convocatoria,Instituto de Educación Superior,IES PRIVADO TECSUP N° 1,SEDE SANTA ANITA,MANTENIMIENTO DE MAQUINARIA PESADA,EN PROCESO DE REGISTRO,,2016-03,,LOS OLIVOS,14/04/2026 14:01:22
171,1era. convocatoria,Instituto de Educación Superior,IES PRIVADO TECSUP N° 1,SEDE SANTA ANITA,MANTENIMIENTO DE MAQUINARIA PESADA,REGISTRO COMPLETO,2016-02,2016-02,,PACHACAMAC,14/04/2026 14:01:22
172,2da. convocatoria,Instituto de Educación Superior,IES PRIVADO TECSUP N° 1,SEDE SANTA ANITA,MANTENIMIENTO DE MAQUINARIA PESADA,ANULADA,,2016-08,2017-01,PACHACAMAC,14/04/2026 14:01:22
173,2da. convocatoria,Instituto de Educación Superior,IES PRIVADO TECSUP N° 1,SEDE SANTA ANITA,MANTENIMIENTO DE MAQUINARIA PESADA,ANULADA,,2016-10,,,14/04/2026 14:01:22
174,1era. convocatoria,Instituto de Educación Superior,IES PRIVADO TECSUP N° 1,SEDE SANTA ANITA,MANTENIMIENTO DE MAQUINARIA PESADA,EN PROCESO DE REGISTRO,,2016-03,,PUENTE PIEDRA,14/04/2026 14:01:22
175,2da. convocatoria,Instituto de Educación Superior,IES PRIVADO TECSUP N° 1,SEDE SANTA ANITA,MANTENIMIENTO DE MAQUINARIA PESADA,EN PROCESO DE REGISTRO,,2016-08,2018-08,SAN JUAN DE MIRAFLORES,14/04/2026 14:01:22
176,1era. convocatoria,Instituto de Educación Superior,IES PRIVADO TECSUP N° 1,SEDE SANTA ANITA,MANTENIMIENTO DE MAQUINARIA PESADA,REGISTRO COMPLETO,2016-02,2016-02,2016-02,SANTIAGO DE SURCO,14/04/2026 14:01:22
177,1era. convocatoria,Instituto de Educación Superior,IES PRIVADO TECSUP N° 1,SEDE SANTA ANITA,MANTENIMIENTO DE MAQUINARIA PESADA,REGISTRO COMPLETO,2016-03,2016-03,,SAN MIGUEL,14/04/2026 14:01:22
178,1era. convocatoria,Instituto de Educación Superior,IES PRIVADO TECSUP N° 1,SEDE SANTA ANITA,MANTENIMIENTO DE MAQUINARIA PESADA,REGISTRO COMPLETO,2016-03,2016-02,,CERRO AZUL,14/04/2026 14:01:22
179,1era. convocatoria,Instituto de Educación Superior,IES PRIVADO TECSUP N° 1,SEDE SANTA ANITA,MANTENIMIENTO DE MAQUINARIA PESADA,EN PROCESO DE REGISTRO,,2016-03,,,14/04/2026 14:01:22
180,1era. convocatoria,Instituto de Educación Superior,TECSUP TRUJILLO,SEDE TRUJILLO,TECNOLOGIA DE LA PRODUCCION,REGISTRO COMPLETO,2016-03,2016-02,2016-02,YONAN,14/04/2026 14:01:22
181,1era. convocatoria,Instituto de Educación Superior,TECSUP TRUJILLO,SEDE TRUJILLO,TECNOLOGIA DE LA PRODUCCION,REGISTRO COMPLETO,2016-03,2016-03,,SAN ANDRES DE CUTERVO,14/04/2026 14:01:22
182,1era. convocatoria,Instituto de Educación Superior,TECSUP TRUJILLO,SEDE TRUJILLO,TECNOLOGIA DE LA PRODUCCION,REGISTRO COMPLETO,2016-03,2016-03,,SAN IGNACIO,14/04/2026 14:01:22
183,1era. convocatoria,Instituto de Educación Superior,TECSUP TRUJILLO,SEDE TRUJILLO,TECNOLOGIA DE LA PRODUCCION,REGISTRO COMPLETO,2016-03,2016-02,2016-02,LLAMA,14/04/2026 14:01:22
184,1era. convocatoria,Instituto de Educación Superior,TECSUP TRUJILLO,SEDE TRUJILLO,TECNOLOGIA DE LA PRODUCCION,REGISTRO COMPLETO,2016-02,2016-02,,TRUJILLO,14/04/2026 14:01:22
185,1era. convocatoria,Instituto de Educación Superior,TECSUP TRUJILLO,SEDE TRUJILLO,TECNOLOGIA DE LA PRODUCCION,REGISTRO COMPLETO,2016-02,2016-02,2016-02,TRUJILLO,14/04/2026 14:01:22
186,2da. convocatoria,Instituto de Educación Superior,TECSUP TRUJILLO,SEDE TRUJILLO,TECNOLOGIA DE LA PRODUCCION,EN PROCESO DE REGISTRO,,2016-11,,,14/04/2026 14:01:22
187,1era. convocatoria,Instituto de Educación Superior,TECSUP TRUJILLO,SEDE TRUJILLO,TECNOLOGIA DE LA PRODUCCION,REGISTRO COMPLETO,2016-02,2016-02,,PACASMAYO,14/04/2026 14:01:22
188,1era. convocatoria,Instituto de Educación Superior,TECSUP TRUJILLO,SEDE TRUJILLO,TECNOLOGIA DE LA PRODUCCION,REGISTRO COMPLETO,2016-02,2016-02,,PACASMAYO,14/04/2026 14:01:22
189,1era. convocatoria,Instituto de Educación Superior,TECSUP TRUJILLO,SEDE TRUJILLO,TECNOLOGIA DE LA PRODUCCION,REGISTRO COMPLETO,2016-02,2016-02,2016-02,CHAO,14/04/2026 14:01:22
190,1era. convocatoria,Instituto de Educación Superior,TECSUP TRUJILLO,SEDE TRUJILLO,TECNOLOGIA DE LA PRODUCCION,REGISTRO COMPLETO,2016-02,2016-02,2016-02,CHAO,14/04/2026 14:01:22
191,1era. convocatoria,Instituto de Educación Superior,TECSUP TRUJILLO,SEDE TRUJILLO,TECNOLOGIA DE LA PRODUCCION,REGISTRO COMPLETO,2016-02,2016-02,2016-02,CHAO,14/04/2026 14:01:22
192,2da. convocatoria,Instituto de Educación Superior,TECSUP TRUJILLO,SEDE TRUJILLO,TECNOLOGIA DE LA PRODUCCION,EN PROCESO DE REGISTRO,,2016-11,,,14/04/2026 14:01:22
193,1era. convocatoria,Instituto de Educación Superior,TECSUP TRUJILLO,SEDE TRUJILLO,TECNOLOGIA DE LA PRODUCCION,REGISTRO COMPLETO,2016-02,2016-02,,CHEPEN,14/04/2026 14:01:22
194,1era. convocatoria,Instituto de Educación Superior,TECSUP TRUJILLO,SEDE TRUJILLO,TECNOLOGIA DE LA PRODUCCION,REGISTRO COMPLETO,2016-02,2016-02,2016-02,CASA GRANDE,14/04/2026 14:01:22
195,1era. convocatoria,Instituto de Educación Superior,TECSUP TRUJILLO,SEDE TRUJILLO,TECNOLOGIA DE LA PRODUCCION,REGISTRO COMPLETO,2016-02,2016-02,,SAN PEDRO DE LLOC,14/04/2026 14:01:22
196,1era. convocatoria,Instituto de Educación Superior,TECSUP TRUJILLO,SEDE TRUJILLO,TECNOLOGIA DE LA PRODUCCION,REGISTRO COMPLETO,2016-02,2016-02,2016-02,SAN PEDRO DE LLOC,14/04/2026 14:01:22
197,1era. convocatoria,Instituto de Educación Superior,TECSUP TRUJILLO,SEDE TRUJILLO,TECNOLOGIA DE LA PRODUCCION,REGISTRO COMPLETO,2016-02,2016-02,2016-02,HUAMACHUCO,14/04/2026 14:01:22
198,1era. convocatoria,Instituto de Educación Superior,TECSUP TRUJILLO,SEDE TRUJILLO,TECNOLOGIA DE LA PRODUCCION,REGISTRO COMPLETO,2016-02,2016-02,2016-02,CHUGAY,14/04/2026 14:01:22
199,1era. convocatoria,Instituto de Educación Superior,TECSUP TRUJILLO,SEDE TRUJILLO,TECNOLOGIA DE LA PRODUCCION,REGISTRO COMPLETO,2016-03,2016-03,,RAZURI,14/04/2026 14:01:22
200,1era. convocatoria,Instituto de Educación Superior,TECSUP TRUJILLO,SEDE TRUJILLO,TECNOLOGIA DE LA PRODUCCION,REGISTRO COMPLETO,2016-03,2016-02,2016-03,CHICAMA,14/04/2026 14:01:22
201,1era. convocatoria,Instituto de Educación Superior,TECSUP TRUJILLO,SEDE TRUJILLO,TECNOLOGIA DE LA PRODUCCION,REGISTRO COMPLETO,2016-02,2016-02,,CASA GRANDE,14/04/2026 14:01:22
202,1era. convocatoria,Instituto de Educación Superior,TECSUP TRUJILLO,SEDE TRUJILLO,TECNOLOGIA DE LA PRODUCCION,REGISTRO COMPLETO,2016-02,2016-02,2016-02,CASA GRANDE,14/04/2026 14:01:22
203,1era. convocatoria,Instituto de Educación Superior,TECSUP TRUJILLO,SEDE TRUJILLO,TECNOLOGIA DE LA PRODUCCION,REGISTRO COMPLETO,2016-02,2016-02,2016-02,PAIJAN,14/04/2026 14:01:22
204,1era. convocatoria,Instituto de Educación Superior,TECSUP TRUJILLO,SEDE TRUJILLO,TECNOLOGIA DE LA PRODUCCION,REGISTRO COMPLETO,2016-02,2016-02,,CASA GRANDE,14/04/2026 14:01:22
205,1era. convocatoria,Instituto de Educación Superior,TECSUP TRUJILLO,SEDE TRUJILLO,TECNOLOGIA DE LA PRODUCCION,REGISTRO COMPLETO,2016-02,2016-02,,CHICAMA,14/04/2026 14:01:22
206,1era. convocatoria,Instituto de Educación Superior,TECSUP TRUJILLO,SEDE TRUJILLO,TECNOLOGIA DE LA PRODUCCION,REGISTRO COMPLETO,2016-03,2016-02,2016-02,CHOCOPE,14/04/2026 14:01:22
207,1era. convocatoria,Instituto de Educación Superior,TECSUP TRUJILLO,SEDE TRUJILLO,TECNOLOGIA DE LA PRODUCCION,REGISTRO COMPLETO,2016-02,2016-02,2016-02,CHOCOPE,14/04/2026 14:01:22
208,1era. convocatoria,Instituto de Educación Superior,TECSUP TRUJILLO,SEDE TRUJILLO,TECNOLOGIA DE LA PRODUCCION,REGISTRO COMPLETO,2016-03,2016-03,,CHICAMA,14/04/2026 14:01:22
209,1era. convocatoria,Instituto de Educación Superior,TECSUP TRUJILLO,SEDE TRUJILLO,TECNOLOGIA DE LA PRODUCCION,REGISTRO COMPLETO,2016-02,2016-02,2016-02,PAIJAN,14/04/2026 14:01:22
210,1era. convocatoria,Instituto de Educación Superior,TECSUP TRUJILLO,SEDE TRUJILLO,TECNOLOGIA DE LA PRODUCCION,REGISTRO COMPLETO,2016-02,2016-02,,PAIJAN,14/04/2026 14:01:22
211,1era. convocatoria,Instituto de Educación Superior,TECSUP TRUJILLO,SEDE TRUJILLO,TECNOLOGIA DE LA PRODUCCION,REGISTRO COMPLETO,2016-02,2016-02,,CHICAMA,14/04/2026 14:01:22
212,1era. convocatoria,Instituto de Educación Superior,TECSUP TRUJILLO,SEDE TRUJILLO,TECNOLOGIA DE LA PRODUCCION,REGISTRO COMPLETO,2016-03,2016-02,2016-03,CHICAMA,14/04/2026 14:01:22
213,1era. convocatoria,Instituto de Educación Superior,TECSUP TRUJILLO,SEDE TRUJILLO,TECNOLOGIA DE LA PRODUCCION,REGISTRO COMPLETO,2016-02,2016-02,,CHICAMA,14/04/2026 14:01:22
214,1era. convocatoria,Instituto de Educación Superior,TECSUP TRUJILLO,SEDE TRUJILLO,TECNOLOGIA DE LA PRODUCCION,REGISTRO COMPLETO,2016-02,2016-02,,CHICAMA,14/04/2026 14:01:22
215,1era. convocatoria,Instituto de Educación Superior,TECSUP TRUJILLO,SEDE TRUJILLO,TECNOLOGIA DE LA PRODUCCION,REGISTRO COMPLETO,2016-02,2016-02,2016-02,CHICAMA,14/04/2026 14:01:22
216,1era. convocatoria,Instituto de Educación Superior,TECSUP TRUJILLO,SEDE TRUJILLO,TECNOLOGIA DE LA PRODUCCION,REGISTRO COMPLETO,2016-02,2016-02,,CHICAMA,14/04/2026 14:01:22
217,1era. convocatoria,Instituto de Educación Superior,TECSUP TRUJILLO,SEDE TRUJILLO,TECNOLOGIA DE LA PRODUCCION,REGISTRO COMPLETO,2016-02,2016-02,,CHICAMA,14/04/2026 14:01:22
218,1era. convocatoria,Instituto de Educación Superior,TECSUP TRUJILLO,SEDE TRUJILLO,TECNOLOGIA DE LA PRODUCCION,REGISTRO COMPLETO,2016-03,2016-02,2016-03,VICTOR LARCO HERRERA,14/04/2026 14:01:22
219,1era. convocatoria,Instituto de Educación Superior,TECSUP TRUJILLO,SEDE TRUJILLO,TECNOLOGIA DE LA PRODUCCION,REGISTRO COMPLETO,2016-02,2016-02,,CHICAMA,14/04/2026 14:01:22
220,1era. convocatoria,Instituto de Educación Superior,TECSUP TRUJILLO,SEDE TRUJILLO,TECNOLOGIA DE LA PRODUCCION,REGISTRO COMPLETO,2016-02,2016-02,2016-02,CHICAMA,14/04/2026 14:01:22
221,1era. convocatoria,Instituto de Educación Superior,TECSUP TRUJILLO,SEDE TRUJILLO,TECNOLOGIA DE LA PRODUCCION,REGISTRO COMPLETO,2016-02,2016-02,,CHICAMA,14/04/2026 14:01:22
222,1era. convocatoria,Instituto de Educación Superior,TECSUP TRUJILLO,SEDE TRUJILLO,TECNOLOGIA DE LA PRODUCCION,REGISTRO COMPLETO,2016-02,2016-02,2016-02,CHICAMA,14/04/2026 14:01:22
223,1era. convocatoria,Instituto de Educación Superior,TECSUP TRUJILLO,SEDE TRUJILLO,TECNOLOGIA DE LA PRODUCCION,REGISTRO COMPLETO,2016-02,2016-02,,LA ESPERANZA,14/04/2026 14:01:22
224,1era. convocatoria,Instituto de Educación Superior,TECSUP TRUJILLO,SEDE TRUJILLO,TECNOLOGIA DE LA PRODUCCION,REGISTRO COMPLETO,2016-02,2016-02,2016-02,VICTOR LARCO HERRERA,14/04/2026 14:01:22
225,1era. convocatoria,Instituto de Educación Superior,TECSUP TRUJILLO,SEDE TRUJILLO,TECNOLOGIA DE LA PRODUCCION,REGISTRO COMPLETO,2016-02,2016-02,2016-02,LAREDO,14/04/2026 14:01:22
226,1era. convocatoria,Instituto de Educación Superior,TECSUP TRUJILLO,SEDE TRUJILLO,TECNOLOGIA DE LA PRODUCCION,EN PROCESO DE REGISTRO,,2016-02,2016-02,VICTOR LARCO HERRERA,14/04/2026 14:01:22
227,1era. convocatoria,Instituto de Educación Superior,TECSUP TRUJILLO,SEDE TRUJILLO,TECNOLOGIA DE LA PRODUCCION,REGISTRO COMPLETO,2016-02,2016-02,2016-02,VICTOR LARCO HERRERA,14/04/2026 14:01:22
228,1era. convocatoria,Instituto de Educación Superior,TECSUP TRUJILLO,SEDE TRUJILLO,TECNOLOGIA DE LA PRODUCCION,REGISTRO COMPLETO,2016-02,2016-02,2016-02,CHICAMA,14/04/2026 14:01:22
229,1era. convocatoria,Instituto de Educación Superior,TECSUP TRUJILLO,SEDE TRUJILLO,TECNOLOGIA DE LA PRODUCCION,REGISTRO COMPLETO,2016-02,2016-02,,LA ESPERANZA,14/04/2026 14:01:22
230,1era. convocatoria,Instituto de Educación Superior,TECSUP TRUJILLO,SEDE TRUJILLO,TECNOLOGIA DE LA PRODUCCION,REGISTRO COMPLETO,2016-02,2016-02,2016-02,LA ESPERANZA,14/04/2026 14:01:22
231,1era. convocatoria,Instituto de Educación Superior,TECSUP TRUJILLO,SEDE TRUJILLO,TECNOLOGIA DE LA PRODUCCION,REGISTRO COMPLETO,2016-02,2016-02,2016-02,LA ESPERANZA,14/04/2026 14:01:22
232,1era. convocatoria,Instituto de Educación Superior,TECSUP TRUJILLO,SEDE TRUJILLO,TECNOLOGIA DE LA PRODUCCION,REGISTRO COMPLETO,2016-02,2016-02,,LA ESPERANZA,14/04/2026 14:01:22
233,1era. convocatoria,Instituto de Educación Superior,TECSUP TRUJILLO,SEDE TRUJILLO,TECNOLOGIA DE LA PRODUCCION,REGISTRO COMPLETO,2016-02,2016-02,2016-02,LA ESPERANZA,14/04/2026 14:01:22
234,1era. convocatoria,Instituto de Educación Superior,TECSUP TRUJILLO,SEDE TRUJILLO,TECNOLOGIA DE LA PRODUCCION,REGISTRO COMPLETO,2016-02,2016-02,,VICTOR LARCO HERRERA,14/04/2026 14:01:22
235,1era. convocatoria,Instituto de Educación Superior,TECSUP TRUJILLO,SEDE TRUJILLO,TECNOLOGIA DE LA PRODUCCION,REGISTRO COMPLETO,2016-02,2016-02,,LA ESPERANZA,14/04/2026 14:01:22
236,1era. convocatoria,Instituto de Educación Superior,TECSUP TRUJILLO,SEDE TRUJILLO,TECNOLOGIA DE LA PRODUCCION,REGISTRO COMPLETO,2016-02,2016-02,,LA ESPERANZA,14/04/2026 14:01:22
237,1era. convocatoria,Instituto de Educación Superior,TECSUP TRUJILLO,SEDE TRUJILLO,TECNOLOGIA DE LA PRODUCCION,REGISTRO COMPLETO,2016-03,2016-03,2016-03,LA ESPERANZA,14/04/2026 14:01:22
238,1era. convocatoria,Instituto de Educación Superior,TECSUP TRUJILLO,SEDE TRUJILLO,TECNOLOGIA DE LA PRODUCCION,REGISTRO COMPLETO,2016-02,2016-02,2016-02,LA ESPERANZA,14/04/2026 14:01:22
239,1era. convocatoria,Instituto de Educación Superior,TECSUP TRUJILLO,SEDE TRUJILLO,TECNOLOGIA DE LA PRODUCCION,REGISTRO COMPLETO,2016-02,2016-02,2016-02,LA ESPERANZA,14/04/2026 14:01:22
240,1era. convocatoria,Instituto de Educación Superior,TECSUP TRUJILLO,SEDE TRUJILLO,TECNOLOGIA DE LA PRODUCCION,REGISTRO COMPLETO,2016-02,2016-02,2016-02,LA ESPERANZA,14/04/2026 14:01:22
241,1era. convocatoria,Instituto de Educación Superior,TECSUP TRUJILLO,SEDE TRUJILLO,TECNOLOGIA DE LA PRODUCCION,REGISTRO COMPLETO,2016-02,2016-02,2016-02,TRUJILLO,14/04/2026 14:01:22
242,1era. convocatoria,Instituto de Educación Superior,TECSUP TRUJILLO,SEDE TRUJILLO,TECNOLOGIA DE LA PRODUCCION,REGISTRO COMPLETO,2016-02,2016-02,2016-02,FLORENCIA DE MORA,14/04/2026 14:01:22
243,1era. convocatoria,Instituto de Educación Superior,TECSUP TRUJILLO,SEDE TRUJILLO,TECNOLOGIA DE LA PRODUCCION,REGISTRO COMPLETO,2016-02,2016-02,2016-02,HUANCHACO,14/04/2026 14:01:22
244,1era. convocatoria,Instituto de Educación Superior,TECSUP TRUJILLO,SEDE TRUJILLO,TECNOLOGIA DE LA PRODUCCION,REGISTRO COMPLETO,2016-03,2016-02,,HUANCHACO,14/04/2026 14:01:22
245,1era. convocatoria,Instituto de Educación Superior,TECSUP TRUJILLO,SEDE TRUJILLO,TECNOLOGIA DE LA PRODUCCION,REGISTRO COMPLETO,2016-02,2016-02,,LA ESPERANZA,14/04/2026 14:01:22
246,1era. convocatoria,Instituto de Educación Superior,TECSUP TRUJILLO,SEDE TRUJILLO,TECNOLOGIA DE LA PRODUCCION,REGISTRO COMPLETO,2016-02,2016-02,2016-02,LA ESPERANZA,14/04/2026 14:01:22
247,1era. convocatoria,Instituto de Educación Superior,TECSUP TRUJILLO,SEDE TRUJILLO,TECNOLOGIA MECANICA ELECTRICA,REGISTRO COMPLETO,2016-02,2016-02,2016-02,CAJAMARCA,14/04/2026 14:01:22
248,1era. convocatoria,Instituto de Educación Superior,TECSUP TRUJILLO,SEDE TRUJILLO,TECNOLOGIA MECANICA ELECTRICA,REGISTRO COMPLETO,2016-02,2016-02,2016-02,LLAMA,14/04/2026 14:01:22
249,1era. convocatoria,Instituto de Educación Superior,TECSUP TRUJILLO,SEDE TRUJILLO,TECNOLOGIA MECANICA ELECTRICA,REGISTRO COMPLETO,2016-02,2016-02,,SANTIAGO,14/04/2026 14:01:22
250,1era. convocatoria,Instituto de Educación Superior,TECSUP TRUJILLO,SEDE TRUJILLO,TECNOLOGIA MECANICA ELECTRICA,REGISTRO COMPLETO,2016-03,2016-02,2016-03,TRUJILLO,14/04/2026 14:01:22
251,1era. convocatoria,Instituto de Educación Superior,TECSUP TRUJILLO,SEDE TRUJILLO,TECNOLOGIA MECANICA ELECTRICA,REGISTRO COMPLETO,2016-02,2016-02,2016-02,TRUJILLO,14/04/2026 14:01:22
252,1era. convocatoria,Instituto de Educación Superior,TECSUP TRUJILLO,SEDE TRUJILLO,TECNOLOGIA MECANICA ELECTRICA,REGISTRO COMPLETO,2016-02,2016-02,,TRUJILLO,14/04/2026 14:01:22
253,2da. convocatoria,Instituto de Educación Superior,TECSUP TRUJILLO,SEDE TRUJILLO,TECNOLOGIA MECANICA ELECTRICA,EN PROCESO DE REGISTRO,,2016-08,,,14/04/2026 14:01:22
254,2da. convocatoria,Instituto de Educación Superior,TECSUP TRUJILLO,SEDE TRUJILLO,TECNOLOGIA MECANICA ELECTRICA,EN PROCESO DE REGISTRO,,2016-11,,,14/04/2026 14:01:22
255,2da. convocatoria,Instituto de Educación Superior,TECSUP TRUJILLO,SEDE TRUJILLO,TECNOLOGIA MECANICA ELECTRICA,EN PROCESO DE REGISTRO,,2016-09,,,14/04/2026 14:01:22
256,2da. convocatoria,Instituto de Educación Superior,TECSUP TRUJILLO,SEDE TRUJILLO,TECNOLOGIA MECANICA ELECTRICA,EN PROCESO DE REGISTRO,,2016-11,,,14/04/2026 14:01:22
257,1era. convocatoria,Instituto de Educación Superior,TECSUP TRUJILLO,SEDE TRUJILLO,TECNOLOGIA MECANICA ELECTRICA,REGISTRO COMPLETO,2016-02,2016-02,,PARDO MIGUEL,14/04/2026 14:01:22
258,1era. convocatoria,Instituto de Educación Superior,TECSUP TRUJILLO,SEDE TRUJILLO,TECNOLOGIA MECANICA ELECTRICA,REGISTRO COMPLETO,2016-02,2016-02,,PARIÑAS,14/04/2026 14:01:22
259,1era. convocatoria,Instituto de Educación Superior,TECSUP TRUJILLO,SEDE TRUJILLO,TECNOLOGIA MECANICA ELECTRICA,REGISTRO COMPLETO,2016-02,2016-02,,ELIAS SOPLIN VARGAS,14/04/2026 14:01:22
260,1era. convocatoria,Instituto de Educación Superior,TECSUP TRUJILLO,SEDE TRUJILLO,TECNOLOGIA MECANICA ELECTRICA,REGISTRO COMPLETO,2016-02,2016-02,,ELIAS SOPLIN VARGAS,14/04/2026 14:01:22
261,1era. convocatoria,Instituto de Educación Superior,TECSUP TRUJILLO,SEDE TRUJILLO,TECNOLOGIA MECANICA ELECTRICA,REGISTRO COMPLETO,2016-03,2016-03,,NUEVA CAJAMARCA,14/04/2026 14:01:22
262,1era. convocatoria,Instituto de Educación Superior,TECSUP TRUJILLO,SEDE TRUJILLO,TECNOLOGIA MECANICA ELECTRICA,REGISTRO COMPLETO,2016-02,2016-02,,NUEVA CAJAMARCA,14/04/2026 14:01:22
263,2da. convocatoria,Instituto de Educación Superior,TECSUP TRUJILLO,SEDE TRUJILLO,TECNOLOGIA MECANICA ELECTRICA,EN PROCESO DE REGISTRO,,2016-09,,,14/04/2026 14:01:22
264,1era. convocatoria,Instituto de Educación Superior,TECSUP TRUJILLO,SEDE TRUJILLO,TECNOLOGIA MECANICA ELECTRICA,REGISTRO COMPLETO,2016-03,2016-03,,OTUZCO,14/04/2026 14:01:22
265,1era. convocatoria,Instituto de Educación Superior,TECSUP TRUJILLO,SEDE TRUJILLO,TECNOLOGIA MECANICA ELECTRICA,REGISTRO COMPLETO,2016-02,2016-02,2016-02,HUAMACHUCO,14/04/2026 14:01:22
266,1era. convocatoria,Instituto de Educación Superior,TECSUP TRUJILLO,SEDE TRUJILLO,TECNOLOGIA MECANICA ELECTRICA,REGISTRO COMPLETO,2016-02,2016-02,2016-02,HUAMACHUCO,14/04/2026 14:01:22
267,1era. convocatoria,Instituto de Educación Superior,TECSUP TRUJILLO,SEDE TRUJILLO,TECNOLOGIA MECANICA ELECTRICA,REGISTRO COMPLETO,2016-02,2016-02,2016-02,CHAO,14/04/2026 14:01:22
268,1era. convocatoria,Instituto de Educación Superior,TECSUP TRUJILLO,SEDE TRUJILLO,TECNOLOGIA MECANICA ELECTRICA,REGISTRO COMPLETO,2016-02,2016-02,,CHAO,14/04/2026 14:01:22
269,1era. convocatoria,Instituto de Educación Superior,TECSUP TRUJILLO,SEDE TRUJILLO,TECNOLOGIA MECANICA ELECTRICA,REGISTRO COMPLETO,2016-02,2016-02,,CHAO,14/04/2026 14:01:22
270,1era. convocatoria,Instituto de Educación Superior,TECSUP TRUJILLO,SEDE TRUJILLO,TECNOLOGIA MECANICA ELECTRICA,REGISTRO COMPLETO,2016-02,2016-02,,SANTIAGO DE CAO,14/04/2026 14:01:22
271,1era. convocatoria,Instituto de Educación Superior,TECSUP TRUJILLO,SEDE TRUJILLO,TECNOLOGIA MECANICA ELECTRICA,REGISTRO COMPLETO,2016-02,2016-02,2016-02,SANTIAGO DE CAO,14/04/2026 14:01:22
272,1era. convocatoria,Instituto de Educación Superior,TECSUP TRUJILLO,SEDE TRUJILLO,TECNOLOGIA MECANICA ELECTRICA,REGISTRO COMPLETO,2016-02,2016-02,,SANTIAGO DE CAO,14/04/2026 14:01:22
273,1era. convocatoria,Instituto de Educación Superior,TECSUP TRUJILLO,SEDE TRUJILLO,TECNOLOGIA MECANICA ELECTRICA,REGISTRO COMPLETO,2016-03,2016-03,,SAN PEDRO DE LLOC,14/04/2026 14:01:22
274,1era. convocatoria,Instituto de Educación Superior,TECSUP TRUJILLO,SEDE TRUJILLO,TECNOLOGIA MECANICA ELECTRICA,REGISTRO COMPLETO,2016-02,2016-02,,SAN PEDRO DE LLOC,14/04/2026 14:01:22
275,1era. convocatoria,Instituto de Educación Superior,TECSUP TRUJILLO,SEDE TRUJILLO,TECNOLOGIA MECANICA ELECTRICA,REGISTRO COMPLETO,2016-02,2016-02,2016-02,PACASMAYO,14/04/2026 14:01:22
276,1era. convocatoria,Instituto de Educación Superior,TECSUP TRUJILLO,SEDE TRUJILLO,TECNOLOGIA MECANICA ELECTRICA,REGISTRO COMPLETO,2016-02,2016-02,,LA ESPERANZA,14/04/2026 14:01:22
277,1era. convocatoria,Instituto de Educación Superior,TECSUP TRUJILLO,SEDE TRUJILLO,TECNOLOGIA MECANICA ELECTRICA,REGISTRO COMPLETO,2016-02,2016-02,2016-02,VICTOR LARCO HERRERA,14/04/2026 14:01:22
278,1era. convocatoria,Instituto de Educación Superior,TECSUP TRUJILLO,SEDE TRUJILLO,TECNOLOGIA MECANICA ELECTRICA,REGISTRO COMPLETO,2016-02,2016-02,2016-02,LAREDO,14/04/2026 14:01:22
279,1era. convocatoria,Instituto de Educación Superior,TECSUP TRUJILLO,SEDE TRUJILLO,TECNOLOGIA MECANICA ELECTRICA,REGISTRO COMPLETO,2016-02,2016-02,2016-02,VICTOR LARCO HERRERA,14/04/2026 14:01:22
280,1era. convocatoria,Instituto de Educación Superior,TECSUP TRUJILLO,SEDE TRUJILLO,TECNOLOGIA MECANICA ELECTRICA,REGISTRO COMPLETO,2016-02,2016-02,,CHICAMA,14/04/2026 14:01:22
281,1era. convocatoria,Instituto de Educación Superior,TECSUP TRUJILLO,SEDE TRUJILLO,TECNOLOGIA MECANICA ELECTRICA,REGISTRO COMPLETO,2016-02,2016-02,,RAZURI,14/04/2026 14:01:22
282,1era. convocatoria,Instituto de Educación Superior,TECSUP TRUJILLO,SEDE TRUJILLO,TECNOLOGIA MECANICA ELECTRICA,REGISTRO COMPLETO,2016-02,2016-02,,EL PORVENIR,14/04/2026 14:01:22
283,1era. convocatoria,Instituto de Educación Superior,TECSUP TRUJILLO,SEDE TRUJILLO,TECNOLOGIA MECANICA ELECTRICA,REGISTRO COMPLETO,2016-02,2016-02,2016-02,LA ESPERANZA,14/04/2026 14:01:22
284,1era. convocatoria,Instituto de Educación Superior,TECSUP TRUJILLO,SEDE TRUJILLO,TECNOLOGIA MECANICA ELECTRICA,REGISTRO COMPLETO,2016-02,2016-02,,LA ESPERANZA,14/04/2026 14:01:22
285,1era. convocatoria,Instituto de Educación Superior,TECSUP TRUJILLO,SEDE TRUJILLO,TECNOLOGIA MECANICA ELECTRICA,REGISTRO COMPLETO,2016-02,2016-02,2016-02,EL PORVENIR,14/04/2026 14:01:22
286,1era. convocatoria,Instituto de Educación Superior,TECSUP TRUJILLO,SEDE TRUJILLO,TECNOLOGIA MECANICA ELECTRICA,REGISTRO COMPLETO,2016-03,2016-02,2016-03,HUANCHACO,14/04/2026 14:01:22
287,1era. convocatoria,Instituto de Educación Superior,TECSUP TRUJILLO,SEDE TRUJILLO,TECNOLOGIA MECANICA ELECTRICA,REGISTRO COMPLETO,2016-02,2016-02,,LA ESPERANZA,14/04/2026 14:01:22
288,1era. convocatoria,Universidad,UNIVERSIDAD PERUANA CAYETANO HEREDIA,SEDE CENTRAL,SALUD PUBLICA Y SALUD GLOBAL,EN PROCESO DE REGISTRO,,2016-02,2016-02,LINCE,14/04/2026 14:01:22
289,1era. convocatoria,Universidad,UNIVERSIDAD PERUANA CAYETANO HEREDIA,SEDE CENTRAL,SALUD PUBLICA Y SALUD GLOBAL,EN PROCESO DE REGISTRO,,2016-02,,,14/04/2026 14:01:22
290,1era. convocatoria,Universidad,UNIVERSIDAD PERUANA CAYETANO HEREDIA,SEDE CENTRAL,TECNOLOGIA MEDICA, ESPECIALIDAD DE TERAPIA FISICA Y REHABILITACION,EN PROCESO DE REGISTRO,,2016-02,2016-02,CALLAO,14/04/2026 14:01:22
291,1era. convocatoria,Universidad,UNIVERSIDAD PERUANA CAYETANO HEREDIA,SEDE CENTRAL,TECNOLOGIA MEDICA, ESPECIALIDAD DE TERAPIA FISICA Y REHABILITACION,REGISTRO COMPLETO,2016-02,2016-02,2016-02,SAN MARTIN DE PORRES,14/04/2026 14:01:22
292,1era. convocatoria,Universidad,UNIVERSIDAD PERUANA CAYETANO HEREDIA,SEDE CENTRAL,TECNOLOGIA MEDICA, ESPECIALIDAD DE TERAPIA FISICA Y REHABILITACION,EN PROCESO DE REGISTRO,,2016-02,2016-02,SURQUILLO,14/04/2026 14:01:22
293,2da. convocatoria,Universidad,UNIVERSIDAD PERUANA CAYETANO HEREDIA,SEDE CENTRAL,TECNOLOGIA MEDICA, ESPECIALIDAD DE TERAPIA FISICA Y REHABILITACION,EN PROCESO DE REGISTRO,,2016-08,,,14/04/2026 14:01:22
294,1era. convocatoria,Universidad,UNIVERSIDAD PERUANA CAYETANO HEREDIA,SEDE CENTRAL,TECNOLOGIA MEDICA, ESPECIALIDAD DE TERAPIA FISICA Y REHABILITACION,EN PROCESO DE REGISTRO,,2016-02,,,14/04/2026 14:01:22
295,1era. convocatoria,Instituto de Educación Superior,IES PRIVADO TECSUP N° 1,SEDE SANTA ANITA,PROCESOS QUIMICOS Y METALURGICOS,REGISTRO COMPLETO,2016-02,2016-01,,CARHUAMAYO,14/04/2026 14:01:22
296,1era. convocatoria,Instituto de Educación Superior,IES PRIVADO TECSUP N° 1,SEDE SANTA ANITA,PROCESOS QUIMICOS Y METALURGICOS,REGISTRO COMPLETO,2016-03,2016-02,2016-03,LIMA,14/04/2026 14:01:22
297,1era. convocatoria,Instituto de Educación Superior,IES PRIVADO TECSUP N° 1,SEDE SANTA ANITA,PROCESOS QUIMICOS Y METALURGICOS,REGISTRO COMPLETO,2015-12,2015-12,,ATE,14/04/2026 14:01:22
298,1era. convocatoria,Instituto de Educación Superior,IES PRIVADO TECSUP N° 1,SEDE SANTA ANITA,PROCESOS QUIMICOS Y METALURGICOS,EN PROCESO DE REGISTRO,,2016-03,,ATE,14/04/2026 14:01:22
299,1era. convocatoria,Instituto de Educación Superior,IES PRIVADO TECSUP N° 1,SEDE SANTA ANITA,PROCESOS QUIMICOS Y METALURGICOS,EN PROCESO DE REGISTRO,,2016-02,,LURIGANCHO,14/04/2026 14:01:22
300,1era. convocatoria,Instituto de Educación Superior,IES PRIVADO TECSUP N° 1,SEDE SANTA ANITA,PROCESOS QUIMICOS Y METALURGICOS,REGISTRO COMPLETO,2016-02,2016-02,,SANTA ANITA,14/04/2026 14:01:22
301,2da. convocatoria,Instituto de Educación Superior,IES PRIVADO TECSUP N° 1,SEDE SANTA ANITA,PROCESOS QUIMICOS Y METALURGICOS,ANULADA,,2016-08,,,14/04/2026 14:01:22
302,1era. convocatoria,Instituto de Educación Superior,IES PRIVADO TECSUP N° 1,SEDE SANTA ANITA,PROCESOS QUIMICOS Y METALURGICOS,REGISTRO COMPLETO,2016-01,2015-12,,SANTA ANITA,14/04/2026 14:01:22
303,1era. convocatoria,Instituto de Educación Superior,IES PRIVADO TECSUP N° 1,SEDE SANTA ANITA,PROCESOS QUIMICOS Y METALURGICOS,REGISTRO COMPLETO,2016-02,2016-02,,SAN JUAN DE LURIGANCHO,14/04/2026 14:01:22
304,2da. convocatoria,Instituto de Educación Superior,IES PRIVADO TECSUP N° 1,SEDE SANTA ANITA,PROCESOS QUIMICOS Y METALURGICOS,ANULADA,,2016-08,,SANTA ANITA,14/04/2026 14:01:22
305,1era. convocatoria,Instituto de Educación Superior,IES PRIVADO TECSUP N° 1,SEDE SANTA ANITA,PROCESOS QUIMICOS Y METALURGICOS,REGISTRO COMPLETO,2016-02,2015-12,,VILLA MARIA DEL TRIUNFO,14/04/2026 14:01:22
306,2da. convocatoria,Instituto de Educación Superior,IES PRIVADO TECSUP N° 1,SEDE SANTA ANITA,PROCESOS QUIMICOS Y METALURGICOS,ANULADA,,2016-10,,,14/04/2026 14:01:22
307,2da. convocatoria,Instituto de Educación Superior,IES PRIVADO TECSUP N° 1,SEDE SANTA ANITA,PROCESOS QUIMICOS Y METALURGICOS,ANULADA,,2016-10,,,14/04/2026 14:01:22
308,1era. convocatoria,Instituto de Educación Superior,IES PRIVADO TECSUP N° 1,SEDE SANTA ANITA,MANTENIMIENTO DE MAQUINARIA DE PLANTA,REGISTRO COMPLETO,2015-11,2015-11,,CAHUACHO,14/04/2026 14:01:22
309,1era. convocatoria,Instituto de Educación Superior,IES PRIVADO TECSUP N° 1,SEDE SANTA ANITA,MANTENIMIENTO DE MAQUINARIA DE PLANTA,REGISTRO COMPLETO,2016-02,2015-12,,VENTANILLA,14/04/2026 14:01:22
310,1era. convocatoria,Instituto de Educación Superior,IES PRIVADO TECSUP N° 1,SEDE SANTA ANITA,MANTENIMIENTO DE MAQUINARIA DE PLANTA,REGISTRO COMPLETO,2016-01,2015-12,,ATE,14/04/2026 14:01:22
311,1era. convocatoria,Instituto de Educación Superior,IES PRIVADO TECSUP N° 1,SEDE SANTA ANITA,MANTENIMIENTO DE MAQUINARIA DE PLANTA,REGISTRO COMPLETO,2016-02,2016-02,,EL AGUSTINO,14/04/2026 14:01:22
312,1era. convocatoria,Instituto de Educación Superior,IES PRIVADO TECSUP N° 1,SEDE SANTA ANITA,MANTENIMIENTO DE MAQUINARIA DE PLANTA,REGISTRO COMPLETO,2016-01,2016-01,,INDEPENDENCIA,14/04/2026 14:01:22
313,2da. convocatoria,Instituto de Educación Superior,IES PRIVADO TECSUP N° 1,SEDE SANTA ANITA,MANTENIMIENTO DE MAQUINARIA DE PLANTA,ANULADA,,2016-08,2016-10,INDEPENDENCIA,14/04/2026 14:01:22
314,2da. convocatoria,Instituto de Educación Superior,IES PRIVADO TECSUP N° 1,SEDE SANTA ANITA,MANTENIMIENTO DE MAQUINARIA DE PLANTA,ANULADA,,2016-08,,,14/04/2026 14:01:22
315,2da. convocatoria,Instituto de Educación Superior,IES PRIVADO TECSUP N° 1,SEDE SANTA ANITA,MANTENIMIENTO DE MAQUINARIA DE PLANTA,ANULADA,,2016-08,,,14/04/2026 14:01:22
316,1era. convocatoria,Instituto de Educación Superior,IES PRIVADO TECSUP N° 1,SEDE SANTA ANITA,MANTENIMIENTO DE MAQUINARIA DE PLANTA,REGISTRO COMPLETO,2016-03,2016-02,,SAN JUAN DE MIRAFLORES,14/04/2026 14:01:22
317,1era. convocatoria,Instituto de Educación Superior,IES PRIVADO TECSUP N° 1,SEDE SANTA ANITA,MANTENIMIENTO DE MAQUINARIA DE PLANTA,REGISTRO COMPLETO,2016-01,2016-01,,SAN JUAN DE LURIGANCHO,14/04/2026 14:01:22
318,1era. convocatoria,Instituto de Educación Superior,IES PRIVADO TECSUP N° 1,SEDE SANTA ANITA,MANTENIMIENTO DE MAQUINARIA DE PLANTA,REGISTRO COMPLETO,2016-02,2016-02,,SANTA ANITA,14/04/2026 14:01:22
319,2da. convocatoria,Instituto de Educación Superior,IES PRIVADO TECSUP N° 1,SEDE SANTA ANITA,MANTENIMIENTO DE MAQUINARIA DE PLANTA,ANULADA,,2016-10,,,14/04/2026 14:01:22
320,2da. convocatoria,Instituto de Educación Superior,IES PRIVADO TECSUP N° 1,SEDE SANTA ANITA,MANTENIMIENTO DE MAQUINARIA DE PLANTA,ANULADA,,2016-08,,,14/04/2026 14:01:22
321,2da. convocatoria,Instituto de Educación Superior,IES PRIVADO TECSUP N° 1,SEDE SANTA ANITA,MANTENIMIENTO DE MAQUINARIA DE PLANTA,ANULADA,,2016-10,,,14/04/2026 14:01:22
322,1era. convocatoria,Instituto de Educación Superior,IES PRIVADO TECSUP N° 1,SEDE SANTA ANITA,MANTENIMIENTO DE MAQUINARIA DE PLANTA,REGISTRO COMPLETO,2016-03,2016-03,,INDEPENDENCIA,14/04/2026 14:01:22
323,1era. convocatoria,Instituto de Educación Superior,IES PRIVADO TECSUP N° 1,SEDE SANTA ANITA,MANTENIMIENTO DE MAQUINARIA DE PLANTA,REGISTRO COMPLETO,2016-02,2016-02,,LURIGANCHO,14/04/2026 14:01:22
324,1era. convocatoria,Instituto de Educación Superior,IES PRIVADO TECSUP N° 1,SEDE SANTA ANITA,MANTENIMIENTO DE MAQUINARIA DE PLANTA,REGISTRO COMPLETO,2016-01,2016-01,,LA MOLINA,14/04/2026 14:01:22
325,2da. convocatoria,Instituto de Educación Superior,IES PRIVADO TECSUP N° 1,SEDE SANTA ANITA,MANTENIMIENTO DE MAQUINARIA DE PLANTA,ANULADA,2016-11,2016-08,2016-11,LA MOLINA,14/04/2026 14:01:22
326,1era. convocatoria,Instituto de Educación Superior,IES PRIVADO TECSUP N° 1,SEDE SANTA ANITA,MANTENIMIENTO DE MAQUINARIA DE PLANTA,EN PROCESO DE REGISTRO,,2016-03,,SAN JUAN DE LURIGANCHO,14/04/2026 14:01:22
327,2da. convocatoria,Instituto de Educación Superior,IES PRIVADO TECSUP N° 1,SEDE SANTA ANITA,MANTENIMIENTO DE MAQUINARIA DE PLANTA,ANULADA,,2016-08,2016-10,SAN JUAN DE LURIGANCHO,14/04/2026 14:01:22
328,1era. convocatoria,Instituto de Educación Superior,IES PRIVADO TECSUP N° 1,SEDE SANTA ANITA,ELECTRONICA Y AUTOMATIZACION INDUSTRIAL,EN PROCESO DE REGISTRO,,2015-11,2015-11,ARAMANGO,14/04/2026 14:01:22
329,1era. convocatoria,Instituto de Educación Superior,IES PRIVADO TECSUP N° 1,SEDE SANTA ANITA,ELECTRONICA Y AUTOMATIZACION INDUSTRIAL,ANULADA,2015-11,2015-11,2016-02,ARAMANGO,14/04/2026 14:01:22
330,1era. convocatoria,Instituto de Educación Superior,IES PRIVADO TECSUP N° 1,SEDE SANTA ANITA,ELECTRONICA Y AUTOMATIZACION INDUSTRIAL,REGISTRO COMPLETO,2015-11,2015-11,,ABANCAY,14/04/2026 14:01:22
331,1era. convocatoria,Instituto de Educación Superior,IES PRIVADO TECSUP N° 1,SEDE SANTA ANITA,ELECTRONICA Y AUTOMATIZACION INDUSTRIAL,REGISTRO COMPLETO,2016-03,2016-02,2016-03,EL TAMBO,14/04/2026 14:01:22
332,1era. convocatoria,Instituto de Educación Superior,IES PRIVADO TECSUP N° 1,SEDE SANTA ANITA,ELECTRONICA Y AUTOMATIZACION INDUSTRIAL,REGISTRO COMPLETO,2016-03,2016-03,,LIMA,14/04/2026 14:01:22
333,1era. convocatoria,Instituto de Educación Superior,IES PRIVADO TECSUP N° 1,SEDE SANTA ANITA,ELECTRONICA Y AUTOMATIZACION INDUSTRIAL,REGISTRO COMPLETO,2016-03,2016-03,,ATE,14/04/2026 14:01:22
334,2da. convocatoria,Instituto de Educación Superior,IES PRIVADO TECSUP N° 1,SEDE SANTA ANITA,ELECTRONICA Y AUTOMATIZACION INDUSTRIAL,ANULADA,,2016-09,,,14/04/2026 14:01:22
335,1era. convocatoria,Instituto de Educación Superior,IES PRIVADO TECSUP N° 1,SEDE SANTA ANITA,ELECTRONICA Y AUTOMATIZACION INDUSTRIAL,EN PROCESO DE REGISTRO,,2016-03,,,14/04/2026 14:01:22
336,1era. convocatoria,Instituto de Educación Superior,IES PRIVADO TECSUP N° 1,SEDE SANTA ANITA,ELECTRONICA Y AUTOMATIZACION INDUSTRIAL,EN PROCESO DE REGISTRO,,2016-03,,,14/04/2026 14:01:22
337,1era. convocatoria,Instituto de Educación Superior,IES PRIVADO TECSUP N° 1,SEDE SANTA ANITA,ELECTRONICA Y AUTOMATIZACION INDUSTRIAL,REGISTRO COMPLETO,2016-02,2016-02,,SAN JUAN DE LURIGANCHO,14/04/2026 14:01:22
338,2da. convocatoria,Instituto de Educación Superior,IES PRIVADO TECSUP N° 1,SEDE SANTA ANITA,ELECTRONICA Y AUTOMATIZACION INDUSTRIAL,ANULADA,,2016-09,,SANTA ANITA,14/04/2026 14:01:22
339,1era. convocatoria,Instituto de Educación Superior,IES PRIVADO TECSUP N° 1,SEDE SANTA ANITA,ELECTRONICA Y AUTOMATIZACION INDUSTRIAL,EN PROCESO DE REGISTRO,,2016-03,,VILLA MARIA DEL TRIUNFO,14/04/2026 14:01:22
340,1era. convocatoria,Instituto de Educación Superior,IES PRIVADO TECSUP N° 1,SEDE SANTA ANITA,ELECTRONICA Y AUTOMATIZACION INDUSTRIAL,EN PROCESO DE REGISTRO,,2016-03,,,14/04/2026 14:01:22
341,1era. convocatoria,Instituto de Educación Superior,IES PRIVADO TECSUP N° 1,SEDE SANTA ANITA,ELECTRONICA Y AUTOMATIZACION INDUSTRIAL,EN PROCESO DE REGISTRO,,2016-03,,,14/04/2026 14:01:22
342,2da. convocatoria,Instituto de Educación Superior,IES PRIVADO TECSUP N° 1,SEDE SANTA ANITA,ELECTRONICA Y AUTOMATIZACION INDUSTRIAL,ANULADA,,2016-10,2017-01,,14/04/2026 14:01:22
343,1era. convocatoria,Instituto de Educación Superior,IES PRIVADO TECSUP N° 1,SEDE SANTA ANITA,ELECTRONICA Y AUTOMATIZACION INDUSTRIAL,REGISTRO COMPLETO,2016-02,2016-02,,CARABAYLLO,14/04/2026 14:01:22
344,2da. convocatoria,Instituto de Educación Superior,IES PRIVADO TECSUP N° 1,SEDE SANTA ANITA,ELECTRONICA Y AUTOMATIZACION INDUSTRIAL,ANULADA,,2016-09,,CARABAYLLO,14/04/2026 14:01:22
345,1era. convocatoria,Instituto de Educación Superior,IES PRIVADO TECSUP N° 1,SEDE SANTA ANITA,ELECTRONICA Y AUTOMATIZACION INDUSTRIAL,REGISTRO COMPLETO,2016-03,2016-02,,EL AGUSTINO,14/04/2026 14:01:22
346,1era. convocatoria,Instituto de Educación Superior,IES PRIVADO TECSUP N° 1,SEDE SANTA ANITA,ELECTRONICA Y AUTOMATIZACION INDUSTRIAL,REGISTRO COMPLETO,2016-03,2016-02,,CHACLACAYO,14/04/2026 14:01:22
347,1era. convocatoria,Instituto de Educación Superior,IES PRIVADO TECSUP N° 1,SEDE SANTA ANITA,ELECTRONICA Y AUTOMATIZACION INDUSTRIAL,EN PROCESO DE REGISTRO,,2016-03,,LOS OLIVOS,14/04/2026 14:01:22
348,2da. convocatoria,Instituto de Educación Superior,IES PRIVADO TECSUP N° 1,SEDE SANTA ANITA,ELECTRONICA Y AUTOMATIZACION INDUSTRIAL,ANULADA,,2016-09,,SAN JUAN DE LURIGANCHO,14/04/2026 14:01:22
349,1era. convocatoria,Instituto de Educación Superior,IES PRIVADO TECSUP N° 1,SEDE SANTA ANITA,REDES Y COMUNICACIONES DE DATOS,REGISTRO COMPLETO,2016-03,2016-02,,LIMA,14/04/2026 14:01:22
350,1era. convocatoria,Instituto de Educación Superior,IES PRIVADO TECSUP N° 1,SEDE SANTA ANITA,REDES Y COMUNICACIONES DE DATOS,REGISTRO COMPLETO,2016-03,2016-02,,ATE,14/04/2026 14:01:22
351,1era. convocatoria,Instituto de Educación Superior,IES PRIVADO TECSUP N° 1,SEDE SANTA ANITA,REDES Y COMUNICACIONES DE DATOS,EN PROCESO DE REGISTRO,,2016-03,,CARABAYLLO,14/04/2026 14:01:22
352,2da. convocatoria,Instituto de Educación Superior,IES PRIVADO TECSUP N° 1,SEDE SANTA ANITA,REDES Y COMUNICACIONES DE DATOS,REGISTRO COMPLETO,2016-08,2016-08,,ATE,14/04/2026 14:01:22
353,2da. convocatoria,Instituto de Educación Superior,IES PRIVADO TECSUP N° 1,SEDE SANTA ANITA,REDES Y COMUNICACIONES DE DATOS,ANULADA,,2016-08,,ATE,14/04/2026 14:01:22
354,1era. convocatoria,Instituto de Educación Superior,IES PRIVADO TECSUP N° 1,SEDE SANTA ANITA,REDES Y COMUNICACIONES DE DATOS,REGISTRO COMPLETO,2016-02,2016-02,,EL AGUSTINO,14/04/2026 14:01:22
355,1era. convocatoria,Instituto de Educación Superior,IES PRIVADO TECSUP N° 1,SEDE SANTA ANITA,REDES Y COMUNICACIONES DE DATOS,EN PROCESO DE REGISTRO,,2016-03,,,14/04/2026 14:01:22
356,2da. convocatoria,Instituto de Educación Superior,IES PRIVADO TECSUP N° 1,SEDE SANTA ANITA,REDES Y COMUNICACIONES DE DATOS,ANULADA,,2016-10,,,14/04/2026 14:01:22
357,2da. convocatoria,Instituto de Educación Superior,IES PRIVADO TECSUP N° 1,SEDE SANTA ANITA,REDES Y COMUNICACIONES DE DATOS,ANULADA,,2016-08,,,14/04/2026 14:01:22
358,1era. convocatoria,Instituto de Educación Superior,IES PRIVADO TECSUP N° 1,SEDE SANTA ANITA,REDES Y COMUNICACIONES DE DATOS,REGISTRO COMPLETO,2016-01,2016-01,,ATE,14/04/2026 14:01:22
359,1era. convocatoria,Instituto de Educación Superior,IES PRIVADO TECSUP N° 1,SEDE SANTA ANITA,REDES Y COMUNICACIONES DE DATOS,EN PROCESO DE REGISTRO,,2016-03,,CHACLACAYO,14/04/2026 14:01:22
360,1era. convocatoria,Instituto de Educación Superior,IES PRIVADO TECSUP N° 1,SEDE SANTA ANITA,REDES Y COMUNICACIONES DE DATOS,REGISTRO COMPLETO,2016-02,2016-02,,LA VICTORIA,14/04/2026 14:01:22
361,1era. convocatoria,Instituto de Educación Superior,IES PRIVADO TECSUP N° 1,SEDE SANTA ANITA,REDES Y COMUNICACIONES DE DATOS,EN PROCESO DE REGISTRO,,2016-03,2016-03,LURIGANCHO,14/04/2026 14:01:22
362,1era. convocatoria,Instituto de Educación Superior,IES PRIVADO TECSUP N° 1,SEDE SANTA ANITA,REDES Y COMUNICACIONES DE DATOS,REGISTRO COMPLETO,2016-03,2016-03,,SANTA ANITA,14/04/2026 14:01:22
363,1era. convocatoria,Instituto de Educación Superior,IES PRIVADO TECSUP N° 1,SEDE SANTA ANITA,REDES Y COMUNICACIONES DE DATOS,REGISTRO COMPLETO,2016-03,2016-03,,VILLA MARIA DEL TRIUNFO,14/04/2026 14:01:22
364,1era. convocatoria,Universidad,PONTIFICIA UNIVERSIDAD CATOLICA DEL PERU,SEDE SAN MIGUEL,PSICOLOGIA,REGISTRO COMPLETO,2016-01,2015-12,,SURQUILLO,14/04/2026 14:01:22
365,2da. convocatoria,Universidad,UNIVERSIDAD PERUANA CAYETANO HEREDIA,SEDE LA MOLINA,PSICOLOGIA,EN PROCESO DE REGISTRO,,2016-08,,,14/04/2026 14:01:22
366,1era. convocatoria,Universidad,UNIVERSIDAD PERUANA CAYETANO HEREDIA,SEDE LA MOLINA,PSICOLOGIA,REGISTRO COMPLETO,2016-02,2016-02,2016-02,VILLA MARIA DEL TRIUNFO,14/04/2026 14:01:22
367,1era. convocatoria,Universidad,UNIVERSIDAD PERUANA CAYETANO HEREDIA,SEDE LA MOLINA,PSICOLOGIA,REGISTRO COMPLETO,2016-02,2016-02,,SAN ANTONIO,14/04/2026 14:01:22
368,1era. convocatoria,Universidad,UNIVERSIDAD PERUANA CAYETANO HEREDIA,SEDE LA MOLINA,PSICOLOGIA,REGISTRO COMPLETO,2016-02,2016-02,2016-02,SAN MARTIN DE PORRES,14/04/2026 14:01:22
369,2da. convocatoria,Universidad,UNIVERSIDAD PERUANA CAYETANO HEREDIA,SEDE LA MOLINA,PSICOLOGIA,REGISTRO COMPLETO,2016-09,2016-08,2016-09,LOS OLIVOS,14/04/2026 14:01:22
370,1era. convocatoria,Universidad,UNIVERSIDAD PERUANA CAYETANO HEREDIA,SEDE LA MOLINA,PSICOLOGIA,EN PROCESO DE REGISTRO,,2016-02,2016-02,PUEBLO LIBRE,14/04/2026 14:01:22
371,1era. convocatoria,Universidad,UNIVERSIDAD PERUANA CAYETANO HEREDIA,SEDE LA MOLINA,PSICOLOGIA,REGISTRO COMPLETO,2016-02,2016-02,2016-02,LA MOLINA,14/04/2026 14:01:22
372,1era. convocatoria,Universidad,UNIVERSIDAD PERUANA CAYETANO HEREDIA,SEDE LA MOLINA,PSICOLOGIA,REGISTRO COMPLETO,2016-02,2016-02,2016-02,LIMA,14/04/2026 14:01:22
373,2da. convocatoria,Universidad,UNIVERSIDAD PERUANA CAYETANO HEREDIA,SEDE CENTRAL,ESTOMATOLOGIA,REGISTRO COMPLETO,2016-09,2016-08,2016-09,COMAS,14/04/2026 14:01:22
374,2da. convocatoria,Universidad,UNIVERSIDAD PERUANA CAYETANO HEREDIA,SEDE CENTRAL,ESTOMATOLOGIA,REGISTRO COMPLETO,2016-08,2016-08,2016-08,SAN MARTIN DE PORRES,14/04/2026 14:01:22
375,2da. convocatoria,Universidad,UNIVERSIDAD PERUANA CAYETANO HEREDIA,SEDE CENTRAL,ESTOMATOLOGIA,REGISTRO COMPLETO,2016-09,2016-08,2016-09,RIMAC,14/04/2026 14:01:22
376,1era. convocatoria,Universidad,UNIVERSIDAD PERUANA CAYETANO HEREDIA,SEDE CENTRAL,FARMACIA Y BIOQUIMICA,REGISTRO COMPLETO,2016-02,2016-02,2016-02,SAN MARTIN DE PORRES,14/04/2026 14:01:22
377,2da. convocatoria,Universidad,UNIVERSIDAD PERUANA CAYETANO HEREDIA,SEDE CENTRAL,ADMINISTRACION EN SALUD,REGISTRO COMPLETO,2016-08,2016-08,2016-08,SAN JUAN DE LURIGANCHO,14/04/2026 14:01:22
378,1era. convocatoria,Universidad,UNIVERSIDAD PERUANA CAYETANO HEREDIA,SEDE CENTRAL,ADMINISTRACION EN SALUD,REGISTRO COMPLETO,2016-02,2016-02,2016-02,SAN MARTIN DE PORRES,14/04/2026 14:01:22
379,2da. convocatoria,Universidad,UNIVERSIDAD PERUANA CAYETANO HEREDIA,SEDE CENTRAL,ADMINISTRACION EN SALUD,EN PROCESO DE REGISTRO,,2016-08,,,14/04/2026 14:01:22
380,1era. convocatoria,Universidad,UNIVERSIDAD PERUANA CAYETANO HEREDIA,SEDE CENTRAL,ADMINISTRACION EN SALUD,EN PROCESO DE REGISTRO,,2016-02,,,14/04/2026 14:01:22
381,1era. convocatoria,Universidad,UNIVERSIDAD PERUANA CAYETANO HEREDIA,SEDE CENTRAL,TECNOLOGIA MEDICA ESPECIALIDAD DE TERAPIA DE AUDICION, VOZ Y LENGUAJE,REGISTRO COMPLETO,2016-02,2016-02,2016-02,LIMA,14/04/2026 14:01:22
382,1era. convocatoria,Universidad,UNIVERSIDAD PERUANA CAYETANO HEREDIA,SEDE CENTRAL,TECNOLOGIA MEDICA ESPECIALIDAD DE TERAPIA DE AUDICION, VOZ Y LENGUAJE,REGISTRO COMPLETO,2016-02,2016-02,2016-02,SAN BORJA,14/04/2026 14:01:22
383,2da. convocatoria,Universidad,UNIVERSIDAD PERUANA CAYETANO HEREDIA,SEDE CENTRAL,TECNOLOGIA MEDICA ESPECIALIDAD DE TERAPIA DE AUDICION, VOZ Y LENGUAJE,EN PROCESO DE REGISTRO,,2016-08,,,14/04/2026 14:01:22
384,1era. convocatoria,Instituto de Educación Superior,IES PRIVADO TECSUP N° 1,SEDE SANTA ANITA,OPERACIONES MINERAS,REGISTRO COMPLETO,2016-02,2016-02,,PUEBLO NUEVO,14/04/2026 14:01:22
385,1era. convocatoria,Instituto de Educación Superior,IES PRIVADO TECSUP N° 1,SEDE SANTA ANITA,OPERACIONES MINERAS,REGISTRO COMPLETO,2016-03,2016-03,2016-03,LEONOR ORDOÑEZ,14/04/2026 14:01:22
386,1era. convocatoria,Instituto de Educación Superior,IES PRIVADO TECSUP N° 1,SEDE SANTA ANITA,OPERACIONES MINERAS,REGISTRO COMPLETO,2016-03,2016-03,,ATE,14/04/2026 14:01:22
387,1era. convocatoria,Instituto de Educación Superior,IES PRIVADO TECSUP N° 1,SEDE SANTA ANITA,OPERACIONES MINERAS,REGISTRO COMPLETO,2016-02,2016-02,,SAN MARTIN DE PORRES,14/04/2026 14:01:22
388,1era. convocatoria,Instituto de Educación Superior,IES PRIVADO TECSUP N° 1,SEDE SANTA ANITA,OPERACIONES MINERAS,EN PROCESO DE REGISTRO,,2016-03,,MI PERU,14/04/2026 14:01:22
389,1era. convocatoria,Instituto de Educación Superior,IES PRIVADO TECSUP N° 1,SEDE SANTA ANITA,OPERACIONES MINERAS,EN PROCESO DE REGISTRO,,2016-02,,,14/04/2026 14:01:22
390,1era. convocatoria,Instituto de Educación Superior,IES PRIVADO TECSUP N° 1,SEDE SANTA ANITA,OPERACIONES MINERAS,REGISTRO COMPLETO,2016-02,2016-02,,VILLA MARIA DEL TRIUNFO,14/04/2026 14:01:22
391,2da. convocatoria,Instituto de Educación Superior,IES PRIVADO TECSUP N° 1,SEDE SANTA ANITA,OPERACIONES MINERAS,ANULADA,,2016-08,,,14/04/2026 14:01:22
392,1era. convocatoria,Instituto de Educación Superior,IES PRIVADO TECSUP N° 1,SEDE SANTA ANITA,PRODUCCION Y GESTION INDUSTRIAL,EN PROCESO DE REGISTRO,,2016-02,,EL TAMBO,14/04/2026 14:01:22
393,1era. convocatoria,Instituto de Educación Superior,IES PRIVADO TECSUP N° 1,SEDE SANTA ANITA,PRODUCCION Y GESTION INDUSTRIAL,REGISTRO COMPLETO,2016-03,2016-02,2016-03,INDEPENDENCIA,14/04/2026 14:01:22
394,1era. convocatoria,Instituto de Educación Superior,IES PRIVADO TECSUP N° 1,SEDE SANTA ANITA,PRODUCCION Y GESTION INDUSTRIAL,REGISTRO COMPLETO,2016-03,2016-03,,EL AGUSTINO,14/04/2026 14:01:22
395,1era. convocatoria,Instituto de Educación Superior,IES PRIVADO TECSUP N° 1,SEDE SANTA ANITA,PRODUCCION Y GESTION INDUSTRIAL,REGISTRO COMPLETO,2016-02,2016-02,,LURIGANCHO,14/04/2026 14:01:22
396,1era. convocatoria,Instituto de Educación Superior,IES PRIVADO TECSUP N° 1,SEDE SANTA ANITA,PRODUCCION Y GESTION INDUSTRIAL,REGISTRO COMPLETO,2015-12,2015-12,,LURIGANCHO,14/04/2026 14:01:22
397,1era. convocatoria,Instituto de Educación Superior,IES PRIVADO TECSUP N° 1,SEDE SANTA ANITA,PRODUCCION Y GESTION INDUSTRIAL,REGISTRO COMPLETO,2016-03,2016-03,,PUNTA NEGRA,14/04/2026 14:01:22
398,1era. convocatoria,Instituto de Educación Superior,IES PRIVADO TECSUP N° 1,SEDE SANTA ANITA,PRODUCCION Y GESTION INDUSTRIAL,REGISTRO COMPLETO,2016-02,2016-02,,SAN JUAN DE MIRAFLORES,14/04/2026 14:01:22
399,1era. convocatoria,Instituto de Educación Superior,IES PRIVADO TECSUP N° 1,SEDE SANTA ANITA,PRODUCCION Y GESTION INDUSTRIAL,REGISTRO COMPLETO,2016-02,2016-02,2016-02,SANTA EULALIA,14/04/2026 14:01:22
400,2da. convocatoria,Instituto de Educación Superior,IES PRIVADO TECSUP N° 1,SEDE SANTA ANITA,PRODUCCION Y GESTION INDUSTRIAL,ANULADA,,2016-08,,,14/04/2026 14:01:22
401,2da. convocatoria,Instituto de Educación Superior,IES PRIVADO TECSUP N° 1,SEDE SANTA ANITA,PRODUCCION Y GESTION INDUSTRIAL,ANULADA,,2016-10,,,14/04/2026 14:01:22
402,1era. convocatoria,Instituto de Educación Superior,IES PRIVADO TECSUP N° 1,SEDE SANTA ANITA,PRODUCCION Y GESTION INDUSTRIAL,EN PROCESO DE REGISTRO,,2016-02,,,14/04/2026 14:01:22
403,1era. convocatoria,Universidad,UNIVERSIDAD DEL PACIFICO,SEDE JESUS MARIA,NEGOCIOS INTERNACIONALES,REGISTRO COMPLETO,2016-02,2016-02,,VIRU,14/04/2026 14:01:22
404,1era. convocatoria,Universidad,UNIVERSIDAD DEL PACIFICO,SEDE JESUS MARIA,NEGOCIOS INTERNACIONALES,REGISTRO COMPLETO,2016-01,2016-01,2016-01,LIMA,14/04/2026 14:01:22
405,2da. convocatoria,Universidad,UNIVERSIDAD DEL PACIFICO,SEDE JESUS MARIA,NEGOCIOS INTERNACIONALES,REGISTRO COMPLETO,2016-06,2016-06,,CHACLACAYO,14/04/2026 14:01:22
406,1era. convocatoria,Universidad,UNIVERSIDAD DEL PACIFICO,SEDE JESUS MARIA,NEGOCIOS INTERNACIONALES,REGISTRO COMPLETO,2016-02,2016-01,2016-02,SAN JUAN DE LURIGANCHO,14/04/2026 14:01:22
407,1era. convocatoria,Universidad,UNIVERSIDAD DE PIURA,SEDE MIRAFLORES,ECONOMIA,REGISTRO COMPLETO,2015-11,2015-11,2015-11,CHURUJA,14/04/2026 14:01:22
408,1era. convocatoria,Universidad,PONTIFICIA UNIVERSIDAD CATOLICA DEL PERU,SEDE SAN MIGUEL,ECONOMIA,EN PROCESO DE REGISTRO,,2016-01,,LA VICTORIA,14/04/2026 14:01:22
409,2da. convocatoria,Universidad,PONTIFICIA UNIVERSIDAD CATOLICA DEL PERU,SEDE SAN MIGUEL,ECONOMIA,REGISTRO COMPLETO,2016-09,2016-08,2016-09,LOS OLIVOS,14/04/2026 14:01:22
410,1era. convocatoria,Universidad,PONTIFICIA UNIVERSIDAD CATOLICA DEL PERU,SEDE SAN MIGUEL,ECONOMIA,REGISTRO COMPLETO,2016-02,2016-01,2016-02,PUNO,14/04/2026 14:01:22
411,2da. convocatoria,Universidad,UNIVERSIDAD DEL PACIFICO,SEDE JESUS MARIA,ECONOMIA,REGISTRO COMPLETO,2016-06,2016-06,2016-06,CARMEN DE LA LEGUA REYNOSO,14/04/2026 14:01:22
412,1era. convocatoria,Universidad,UNIVERSIDAD DEL PACIFICO,SEDE JESUS MARIA,ECONOMIA,REGISTRO COMPLETO,2016-02,2016-01,2016-02,NASCA,14/04/2026 14:01:22
413,1era. convocatoria,Universidad,UNIVERSIDAD DEL PACIFICO,SEDE JESUS MARIA,ECONOMIA,REGISTRO COMPLETO,2016-01,2016-01,,CHICLAYO,14/04/2026 14:01:22
414,2da. convocatoria,Universidad,UNIVERSIDAD DEL PACIFICO,SEDE JESUS MARIA,ECONOMIA,REGISTRO COMPLETO,2016-06,2016-06,,SAN MIGUEL,14/04/2026 14:01:22
415,2da. convocatoria,Universidad,UNIVERSIDAD DEL PACIFICO,SEDE JESUS MARIA,ECONOMIA,REGISTRO COMPLETO,2016-07,2016-06,2016-07,LA VICTORIA,14/04/2026 14:01:22
416,1era. convocatoria,Universidad,UNIVERSIDAD DEL PACIFICO,SEDE JESUS MARIA,ECONOMIA,REGISTRO COMPLETO,2016-01,2016-01,,SAN JUAN DE LURIGANCHO,14/04/2026 14:01:22
417,1era. convocatoria,Universidad,UNIVERSIDAD DEL PACIFICO,SEDE JESUS MARIA,ADMINISTRACION,REGISTRO COMPLETO,2016-01,2016-01,,CHORRILLOS,14/04/2026 14:01:22
418,1era. convocatoria,Universidad,UNIVERSIDAD DEL PACIFICO,SEDE JESUS MARIA,ADMINISTRACION,REGISTRO COMPLETO,2016-02,2016-01,2016-02,JESUS MARIA,14/04/2026 14:01:22
419,1era. convocatoria,Universidad,UNIVERSIDAD DEL PACIFICO,SEDE JESUS MARIA,ADMINISTRACION,EN PROCESO DE REGISTRO,,2016-01,,SAN JUAN DE LURIGANCHO,14/04/2026 14:01:22
420,1era. convocatoria,Universidad,UNIVERSIDAD DEL PACIFICO,SEDE JESUS MARIA,ADMINISTRACION,REGISTRO COMPLETO,2016-01,2016-01,,SAN MIGUEL,14/04/2026 14:01:22
421,1era. convocatoria,Universidad,UNIVERSIDAD DE INGENIERIA Y TECNOLOGIA,SEDE BARRANCO,INGENIERIA DE LA ENERGIA,REGISTRO COMPLETO,2016-02,2016-02,,BELLAVISTA,14/04/2026 14:01:22
422,1era. convocatoria,Universidad,UNIVERSIDAD DE INGENIERIA Y TECNOLOGIA,SEDE BARRANCO,INGENIERIA DE LA ENERGIA,REGISTRO COMPLETO,2015-12,2015-11,,LOS OLIVOS,14/04/2026 14:01:22
423,1era. convocatoria,Universidad,UNIVERSIDAD DE INGENIERIA Y TECNOLOGIA,SEDE BARRANCO,INGENIERIA QUIMICA INDUSTRIAL,REGISTRO COMPLETO,2016-02,2016-02,2016-02,BELLAVISTA,14/04/2026 14:01:22
424,1era. convocatoria,Universidad,UNIVERSIDAD DE INGENIERIA Y TECNOLOGIA,SEDE BARRANCO,INGENIERIA QUIMICA INDUSTRIAL,REGISTRO COMPLETO,2016-02,2016-02,2016-02,SAN LUIS,14/04/2026 14:01:22
425,1era. convocatoria,Universidad,UNIVERSIDAD DE INGENIERIA Y TECNOLOGIA,SEDE BARRANCO,INGENIERIA QUIMICA INDUSTRIAL,REGISTRO COMPLETO,2015-12,2015-11,,SAN JUAN DE LURIGANCHO,14/04/2026 14:01:22
426,1era. convocatoria,Universidad,PONTIFICIA UNIVERSIDAD CATOLICA DEL PERU,SEDE SAN MIGUEL,INGENIERIA DE LAS TELECOMUNICACIONES,REGISTRO COMPLETO,2016-02,2016-01,2016-02,LIMA,14/04/2026 14:01:22
427,1era. convocatoria,Universidad,UNIVERSIDAD DEL PACIFICO,SEDE JESUS MARIA,FINANZAS,REGISTRO COMPLETO,2016-02,2016-01,2016-02,JESUS MARIA,14/04/2026 14:01:22
428,1era. convocatoria,Universidad,UNIVERSIDAD DEL PACIFICO,SEDE JESUS MARIA,FINANZAS,REGISTRO COMPLETO,2016-01,2016-01,,SAN MARTIN DE PORRES,14/04/2026 14:01:22
429,1era. convocatoria,Instituto de Educación Superior,TECSUP TRUJILLO,SEDE TRUJILLO,MANTENIMIENTO Y GESTION DE EQUIPO PESADO,REGISTRO COMPLETO,2016-02,2016-02,2016-02,HUALLANCA,14/04/2026 14:01:22
430,1era. convocatoria,Instituto de Educación Superior,TECSUP TRUJILLO,SEDE TRUJILLO,MANTENIMIENTO Y GESTION DE EQUIPO PESADO,REGISTRO COMPLETO,2016-02,2016-02,2016-02,COISHCO,14/04/2026 14:01:22
431,1era. convocatoria,Instituto de Educación Superior,TECSUP TRUJILLO,SEDE TRUJILLO,MANTENIMIENTO Y GESTION DE EQUIPO PESADO,REGISTRO COMPLETO,2016-02,2016-02,2016-02,NUEVO CHIMBOTE,14/04/2026 14:01:22
432,2da. convocatoria,Instituto de Educación Superior,TECSUP TRUJILLO,SEDE TRUJILLO,MANTENIMIENTO Y GESTION DE EQUIPO PESADO,EN PROCESO DE REGISTRO,,2016-06,,CHAPIMARCA,14/04/2026 14:01:22
433,1era. convocatoria,Instituto de Educación Superior,TECSUP TRUJILLO,SEDE TRUJILLO,MANTENIMIENTO Y GESTION DE EQUIPO PESADO,REGISTRO COMPLETO,2016-02,2016-02,2016-02,CAJAMARCA,14/04/2026 14:01:22
434,1era. convocatoria,Instituto de Educación Superior,TECSUP TRUJILLO,SEDE TRUJILLO,MANTENIMIENTO Y GESTION DE EQUIPO PESADO,REGISTRO COMPLETO,2016-02,2016-02,2016-02,TRUJILLO,14/04/2026 14:01:22
435,2da. convocatoria,Instituto de Educación Superior,TECSUP TRUJILLO,SEDE TRUJILLO,MANTENIMIENTO Y GESTION DE EQUIPO PESADO,EN PROCESO DE REGISTRO,,2016-08,,,14/04/2026 14:01:22
436,1era. convocatoria,Instituto de Educación Superior,TECSUP TRUJILLO,SEDE TRUJILLO,MANTENIMIENTO Y GESTION DE EQUIPO PESADO,REGISTRO COMPLETO,2016-02,2016-02,,RIOJA,14/04/2026 14:01:22
437,1era. convocatoria,Instituto de Educación Superior,TECSUP TRUJILLO,SEDE TRUJILLO,MANTENIMIENTO Y GESTION DE EQUIPO PESADO,REGISTRO COMPLETO,2016-02,2016-02,,ELIAS SOPLIN VARGAS,14/04/2026 14:01:22
438,1era. convocatoria,Instituto de Educación Superior,TECSUP TRUJILLO,SEDE TRUJILLO,MANTENIMIENTO Y GESTION DE EQUIPO PESADO,REGISTRO COMPLETO,2016-02,2016-02,,NUEVA CAJAMARCA,14/04/2026 14:01:22
439,1era. convocatoria,Instituto de Educación Superior,TECSUP TRUJILLO,SEDE TRUJILLO,MANTENIMIENTO Y GESTION DE EQUIPO PESADO,REGISTRO COMPLETO,2016-02,2016-02,2016-02,SULLANA,14/04/2026 14:01:22
440,1era. convocatoria,Instituto de Educación Superior,TECSUP TRUJILLO,SEDE TRUJILLO,MANTENIMIENTO Y GESTION DE EQUIPO PESADO,REGISTRO COMPLETO,2016-02,2016-02,,SULLANA,14/04/2026 14:01:22
441,1era. convocatoria,Instituto de Educación Superior,TECSUP TRUJILLO,SEDE TRUJILLO,MANTENIMIENTO Y GESTION DE EQUIPO PESADO,REGISTRO COMPLETO,2016-02,2016-02,2016-02,CHAO,14/04/2026 14:01:22
442,1era. convocatoria,Instituto de Educación Superior,TECSUP TRUJILLO,SEDE TRUJILLO,MANTENIMIENTO Y GESTION DE EQUIPO PESADO,REGISTRO COMPLETO,2016-02,2016-02,,CHAO,14/04/2026 14:01:22
443,1era. convocatoria,Instituto de Educación Superior,TECSUP TRUJILLO,SEDE TRUJILLO,MANTENIMIENTO Y GESTION DE EQUIPO PESADO,REGISTRO COMPLETO,2016-02,2016-02,2016-02,IQUITOS,14/04/2026 14:01:22
444,1era. convocatoria,Instituto de Educación Superior,TECSUP TRUJILLO,SEDE TRUJILLO,MANTENIMIENTO Y GESTION DE EQUIPO PESADO,REGISTRO COMPLETO,2016-03,2016-03,,HUANCABAMBA,14/04/2026 14:01:22
445,1era. convocatoria,Instituto de Educación Superior,TECSUP TRUJILLO,SEDE TRUJILLO,MANTENIMIENTO Y GESTION DE EQUIPO PESADO,REGISTRO COMPLETO,2016-02,2016-02,2016-02,VIRU,14/04/2026 14:01:22
446,1era. convocatoria,Instituto de Educación Superior,TECSUP TRUJILLO,SEDE TRUJILLO,MANTENIMIENTO Y GESTION DE EQUIPO PESADO,REGISTRO COMPLETO,2016-02,2016-02,2016-02,COCHORCO,14/04/2026 14:01:22
447,1era. convocatoria,Instituto de Educación Superior,TECSUP TRUJILLO,SEDE TRUJILLO,MANTENIMIENTO Y GESTION DE EQUIPO PESADO,REGISTRO COMPLETO,2016-02,2016-02,2016-02,SANAGORAN,14/04/2026 14:01:22
448,1era. convocatoria,Instituto de Educación Superior,TECSUP TRUJILLO,SEDE TRUJILLO,MANTENIMIENTO Y GESTION DE EQUIPO PESADO,REGISTRO COMPLETO,2016-02,2016-02,2016-02,VIRU,14/04/2026 14:01:22
449,1era. convocatoria,Instituto de Educación Superior,TECSUP TRUJILLO,SEDE TRUJILLO,MANTENIMIENTO Y GESTION DE EQUIPO PESADO,REGISTRO COMPLETO,2016-02,2016-02,2016-02,VIRU,14/04/2026 14:01:22
450,1era. convocatoria,Instituto de Educación Superior,TECSUP TRUJILLO,SEDE TRUJILLO,MANTENIMIENTO Y GESTION DE EQUIPO PESADO,REGISTRO COMPLETO,2016-03,2016-03,,SULLANA,14/04/2026 14:01:22
451,1era. convocatoria,Instituto de Educación Superior,TECSUP TRUJILLO,SEDE TRUJILLO,MANTENIMIENTO Y GESTION DE EQUIPO PESADO,REGISTRO COMPLETO,2016-02,2016-02,2016-02,SANAGORAN,14/04/2026 14:01:22
452,1era. convocatoria,Instituto de Educación Superior,TECSUP TRUJILLO,SEDE TRUJILLO,MANTENIMIENTO Y GESTION DE EQUIPO PESADO,REGISTRO COMPLETO,2016-02,2016-02,2016-02,SITABAMBA,14/04/2026 14:01:22
453,1era. convocatoria,Instituto de Educación Superior,TECSUP TRUJILLO,SEDE TRUJILLO,MANTENIMIENTO Y GESTION DE EQUIPO PESADO,REGISTRO COMPLETO,2016-02,2016-02,,VIRU,14/04/2026 14:01:22
454,1era. convocatoria,Instituto de Educación Superior,TECSUP TRUJILLO,SEDE TRUJILLO,MANTENIMIENTO Y GESTION DE EQUIPO PESADO,REGISTRO COMPLETO,2016-02,2016-02,,HUAMACHUCO,14/04/2026 14:01:22
455,1era. convocatoria,Instituto de Educación Superior,TECSUP TRUJILLO,SEDE TRUJILLO,MANTENIMIENTO Y GESTION DE EQUIPO PESADO,REGISTRO COMPLETO,2016-02,2016-02,,HUAMACHUCO,14/04/2026 14:01:22
456,1era. convocatoria,Instituto de Educación Superior,TECSUP TRUJILLO,SEDE TRUJILLO,MANTENIMIENTO Y GESTION DE EQUIPO PESADO,REGISTRO COMPLETO,2016-02,2016-02,,VIRU,14/04/2026 14:01:22
457,1era. convocatoria,Instituto de Educación Superior,TECSUP TRUJILLO,SEDE TRUJILLO,MANTENIMIENTO Y GESTION DE EQUIPO PESADO,REGISTRO COMPLETO,2016-02,2016-02,2016-02,CHEPEN,14/04/2026 14:01:22
458,1era. convocatoria,Instituto de Educación Superior,TECSUP TRUJILLO,SEDE TRUJILLO,MANTENIMIENTO Y GESTION DE EQUIPO PESADO,REGISTRO COMPLETO,2016-03,2016-02,2016-03,PACASMAYO,14/04/2026 14:01:22
459,1era. convocatoria,Instituto de Educación Superior,TECSUP TRUJILLO,SEDE TRUJILLO,MANTENIMIENTO Y GESTION DE EQUIPO PESADO,REGISTRO COMPLETO,2016-02,2016-02,2016-02,HUAMACHUCO,14/04/2026 14:01:22
460,1era. convocatoria,Instituto de Educación Superior,TECSUP TRUJILLO,SEDE TRUJILLO,MANTENIMIENTO Y GESTION DE EQUIPO PESADO,REGISTRO COMPLETO,2016-02,2016-02,2016-02,HUAMACHUCO,14/04/2026 14:01:22
461,1era. convocatoria,Instituto de Educación Superior,TECSUP TRUJILLO,SEDE TRUJILLO,MANTENIMIENTO Y GESTION DE EQUIPO PESADO,REGISTRO COMPLETO,2016-02,2016-02,2016-02,SAN PEDRO DE LLOC,14/04/2026 14:01:22
462,1era. convocatoria,Instituto de Educación Superior,TECSUP TRUJILLO,SEDE TRUJILLO,MANTENIMIENTO Y GESTION DE EQUIPO PESADO,REGISTRO COMPLETO,2016-02,2016-02,2016-02,SANAGORAN,14/04/2026 14:01:22
463,1era. convocatoria,Instituto de Educación Superior,TECSUP TRUJILLO,SEDE TRUJILLO,MANTENIMIENTO Y GESTION DE EQUIPO PESADO,REGISTRO COMPLETO,2016-02,2016-02,2016-02,CALAMARCA,14/04/2026 14:01:22
464,1era. convocatoria,Instituto de Educación Superior,TECSUP TRUJILLO,SEDE TRUJILLO,MANTENIMIENTO Y GESTION DE EQUIPO PESADO,REGISTRO COMPLETO,2016-02,2016-02,,CALAMARCA,14/04/2026 14:01:22
465,1era. convocatoria,Instituto de Educación Superior,TECSUP TRUJILLO,SEDE TRUJILLO,MANTENIMIENTO Y GESTION DE EQUIPO PESADO,REGISTRO COMPLETO,2016-02,2016-02,2016-02,CARABAMBA,14/04/2026 14:01:22
466,1era. convocatoria,Instituto de Educación Superior,TECSUP TRUJILLO,SEDE TRUJILLO,MANTENIMIENTO Y GESTION DE EQUIPO PESADO,REGISTRO COMPLETO,2016-03,2016-03,,HUASO,14/04/2026 14:01:22
467,1era. convocatoria,Instituto de Educación Superior,TECSUP TRUJILLO,SEDE TRUJILLO,MANTENIMIENTO Y GESTION DE EQUIPO PESADO,REGISTRO COMPLETO,2016-02,2016-02,2016-02,CASA GRANDE,14/04/2026 14:01:22
468,1era. convocatoria,Instituto de Educación Superior,TECSUP TRUJILLO,SEDE TRUJILLO,MANTENIMIENTO Y GESTION DE EQUIPO PESADO,REGISTRO COMPLETO,2016-02,2016-02,2016-02,CHEPEN,14/04/2026 14:01:22
469,1era. convocatoria,Instituto de Educación Superior,TECSUP TRUJILLO,SEDE TRUJILLO,MANTENIMIENTO Y GESTION DE EQUIPO PESADO,REGISTRO COMPLETO,2016-02,2016-02,2016-02,CHICAMA,14/04/2026 14:01:22
470,1era. convocatoria,Instituto de Educación Superior,TECSUP TRUJILLO,SEDE TRUJILLO,MANTENIMIENTO Y GESTION DE EQUIPO PESADO,REGISTRO COMPLETO,2016-02,2016-02,2016-02,CHICAMA,14/04/2026 14:01:22
471,1era. convocatoria,Instituto de Educación Superior,TECSUP TRUJILLO,SEDE TRUJILLO,MANTENIMIENTO Y GESTION DE EQUIPO PESADO,REGISTRO COMPLETO,2016-02,2016-02,2016-02,CASA GRANDE,14/04/2026 14:01:22
472,1era. convocatoria,Instituto de Educación Superior,TECSUP TRUJILLO,SEDE TRUJILLO,MANTENIMIENTO Y GESTION DE EQUIPO PESADO,REGISTRO COMPLETO,2016-03,2016-03,,PAIJAN,14/04/2026 14:01:22
473,1era. convocatoria,Instituto de Educación Superior,TECSUP TRUJILLO,SEDE TRUJILLO,MANTENIMIENTO Y GESTION DE EQUIPO PESADO,REGISTRO COMPLETO,2016-02,2016-02,,CASA GRANDE,14/04/2026 14:01:22
474,1era. convocatoria,Instituto de Educación Superior,TECSUP TRUJILLO,SEDE TRUJILLO,MANTENIMIENTO Y GESTION DE EQUIPO PESADO,REGISTRO COMPLETO,2016-02,2016-02,,CHEPEN,14/04/2026 14:01:22
475,1era. convocatoria,Instituto de Educación Superior,TECSUP TRUJILLO,SEDE TRUJILLO,MANTENIMIENTO Y GESTION DE EQUIPO PESADO,REGISTRO COMPLETO,2016-02,2016-02,2016-02,VICTOR LARCO HERRERA,14/04/2026 14:01:22
476,1era. convocatoria,Instituto de Educación Superior,TECSUP TRUJILLO,SEDE TRUJILLO,MANTENIMIENTO Y GESTION DE EQUIPO PESADO,REGISTRO COMPLETO,2016-02,2016-02,2016-02,VICTOR LARCO HERRERA,14/04/2026 14:01:22
477,1era. convocatoria,Instituto de Educación Superior,TECSUP TRUJILLO,SEDE TRUJILLO,MANTENIMIENTO Y GESTION DE EQUIPO PESADO,REGISTRO COMPLETO,2016-02,2016-02,,CHICAMA,14/04/2026 14:01:22
478,1era. convocatoria,Instituto de Educación Superior,TECSUP TRUJILLO,SEDE TRUJILLO,MANTENIMIENTO Y GESTION DE EQUIPO PESADO,REGISTRO COMPLETO,2016-02,2016-02,2016-02,CHICAMA,14/04/2026 14:01:22
479,1era. convocatoria,Instituto de Educación Superior,TECSUP TRUJILLO,SEDE TRUJILLO,MANTENIMIENTO Y GESTION DE EQUIPO PESADO,REGISTRO COMPLETO,2016-02,2016-02,2016-02,CHICAMA,14/04/2026 14:01:22
480,1era. convocatoria,Instituto de Educación Superior,TECSUP TRUJILLO,SEDE TRUJILLO,MANTENIMIENTO Y GESTION DE EQUIPO PESADO,REGISTRO COMPLETO,2016-02,2016-02,,MAGDALENA DE CAO,14/04/2026 14:01:22
481,1era. convocatoria,Instituto de Educación Superior,TECSUP TRUJILLO,SEDE TRUJILLO,MANTENIMIENTO Y GESTION DE EQUIPO PESADO,REGISTRO COMPLETO,2016-02,2016-02,2016-02,VICTOR LARCO HERRERA,14/04/2026 14:01:22
482,1era. convocatoria,Instituto de Educación Superior,TECSUP TRUJILLO,SEDE TRUJILLO,MANTENIMIENTO Y GESTION DE EQUIPO PESADO,REGISTRO COMPLETO,2016-02,2016-02,2016-02,CHICAMA,14/04/2026 14:01:22
483,1era. convocatoria,Instituto de Educación Superior,TECSUP TRUJILLO,SEDE TRUJILLO,MANTENIMIENTO Y GESTION DE EQUIPO PESADO,REGISTRO COMPLETO,2016-03,2016-03,,CHICAMA,14/04/2026 14:01:22
484,1era. convocatoria,Instituto de Educación Superior,TECSUP TRUJILLO,SEDE TRUJILLO,MANTENIMIENTO Y GESTION DE EQUIPO PESADO,REGISTRO COMPLETO,2016-02,2016-02,2016-02,VICTOR LARCO HERRERA,14/04/2026 14:01:22
485,1era. convocatoria,Instituto de Educación Superior,TECSUP TRUJILLO,SEDE TRUJILLO,MANTENIMIENTO Y GESTION DE EQUIPO PESADO,REGISTRO COMPLETO,2016-02,2016-02,,CHICAMA,14/04/2026 14:01:22
486,1era. convocatoria,Instituto de Educación Superior,TECSUP TRUJILLO,SEDE TRUJILLO,MANTENIMIENTO Y GESTION DE EQUIPO PESADO,REGISTRO COMPLETO,2016-02,2016-02,2016-02,CHICAMA,14/04/2026 14:01:22
487,1era. convocatoria,Instituto de Educación Superior,TECSUP TRUJILLO,SEDE TRUJILLO,MANTENIMIENTO Y GESTION DE EQUIPO PESADO,REGISTRO COMPLETO,2016-02,2016-02,,LA ESPERANZA,14/04/2026 14:01:22
488,1era. convocatoria,Instituto de Educación Superior,TECSUP TRUJILLO,SEDE TRUJILLO,MANTENIMIENTO Y GESTION DE EQUIPO PESADO,REGISTRO COMPLETO,2016-02,2016-02,2016-02,VICTOR LARCO HERRERA,14/04/2026 14:01:22
489,1era. convocatoria,Instituto de Educación Superior,TECSUP TRUJILLO,SEDE TRUJILLO,MANTENIMIENTO Y GESTION DE EQUIPO PESADO,REGISTRO COMPLETO,2016-02,2016-02,2016-02,VICTOR LARCO HERRERA,14/04/2026 14:01:22
490,1era. convocatoria,Instituto de Educación Superior,TECSUP TRUJILLO,SEDE TRUJILLO,MANTENIMIENTO Y GESTION DE EQUIPO PESADO,REGISTRO COMPLETO,2016-02,2016-02,2016-02,VICTOR LARCO HERRERA,14/04/2026 14:01:22
491,1era. convocatoria,Instituto de Educación Superior,TECSUP TRUJILLO,SEDE TRUJILLO,MANTENIMIENTO Y GESTION DE EQUIPO PESADO,REGISTRO COMPLETO,2016-02,2016-02,2016-02,VICTOR LARCO HERRERA,14/04/2026 14:01:22
492,1era. convocatoria,Instituto de Educación Superior,TECSUP TRUJILLO,SEDE TRUJILLO,MANTENIMIENTO Y GESTION DE EQUIPO PESADO,REGISTRO COMPLETO,2016-02,2016-02,2016-02,VICTOR LARCO HERRERA,14/04/2026 14:01:22
493,1era. convocatoria,Instituto de Educación Superior,TECSUP TRUJILLO,SEDE TRUJILLO,MANTENIMIENTO Y GESTION DE EQUIPO PESADO,REGISTRO COMPLETO,2016-02,2016-02,,LA ESPERANZA,14/04/2026 14:01:22
494,1era. convocatoria,Instituto de Educación Superior,TECSUP TRUJILLO,SEDE TRUJILLO,MANTENIMIENTO Y GESTION DE EQUIPO PESADO,REGISTRO COMPLETO,2016-02,2016-02,2016-02,LA ESPERANZA,14/04/2026 14:01:22
495,1era. convocatoria,Instituto de Educación Superior,TECSUP TRUJILLO,SEDE TRUJILLO,MANTENIMIENTO Y GESTION DE EQUIPO PESADO,REGISTRO COMPLETO,2016-02,2016-02,2016-02,LA ESPERANZA,14/04/2026 14:01:22
496,1era. convocatoria,Instituto de Educación Superior,TECSUP TRUJILLO,SEDE TRUJILLO,MANTENIMIENTO Y GESTION DE EQUIPO PESADO,REGISTRO COMPLETO,2016-02,2016-02,2016-02,LA ESPERANZA,14/04/2026 14:01:22
497,1era. convocatoria,Instituto de Educación Superior,TECSUP TRUJILLO,SEDE TRUJILLO,MANTENIMIENTO Y GESTION DE EQUIPO PESADO,REGISTRO COMPLETO,2016-02,2016-02,2016-02,LAREDO,14/04/2026 14:01:22
498,1era. convocatoria,Instituto de Educación Superior,TECSUP TRUJILLO,SEDE TRUJILLO,MANTENIMIENTO Y GESTION DE EQUIPO PESADO,REGISTRO COMPLETO,2016-02,2016-02,,MOCHE,14/04/2026 14:01:22
499,1era. convocatoria,Instituto de Educación Superior,TECSUP TRUJILLO,SEDE TRUJILLO,MANTENIMIENTO Y GESTION DE EQUIPO PESADO,REGISTRO COMPLETO,2016-02,2016-02,,EL PORVENIR,14/04/2026 14:01:22
500,1era. convocatoria,Instituto de Educación Superior,TECSUP TRUJILLO,SEDE TRUJILLO,MANTENIMIENTO Y GESTION DE EQUIPO PESADO,REGISTRO COMPLETO,2016-03,2016-02,2016-02,FLORENCIA DE MORA,14/04/2026 14:01:22
