1,2da. convocatoria,Universidad,PONTIFICIA UNIVERSIDAD CATOLICA DEL PERU,SEDE SAN MIGUEL,ARQUITECTURA,REGISTRO COMPLETO,2016-08,2016-08,2017-01,LOS OLIVOS,14/04/2026 14:01:21
2,1era. convocatoria,Universidad,PONTIFICIA UNIVERSIDAD CATOLICA DEL PERU,SEDE SAN MIGUEL,ARQUITECTURA,REGISTRO COMPLETO,2016-01,2016-01,,CALLAO,14/04/2026 14:01:21
3,2da. convocatoria,Universidad,PONTIFICIA UNIVERSIDAD CATOLICA DEL PERU,SEDE SAN MIGUEL,ARQUITECTURA,REGISTRO COMPLETO,2016-08,2016-08,2016-08,BREÑA,14/04/2026 14:01:21
4,2da. convocatoria,Universidad,PONTIFICIA UNIVERSIDAD CATOLICA DEL PERU,SEDE SAN MIGUEL,INGENIERIA CIVIL,EN PROCESO DE REGISTRO,,2016-08,,,14/04/2026 14:01:21
5,1era. convocatoria,Universidad,PONTIFICIA UNIVERSIDAD CATOLICA DEL PERU,SEDE SAN MIGUEL,INGENIERIA CIVIL,REGISTRO COMPLETO,2016-02,2016-01,2016-02,LOS OLIVOS,14/04/2026 14:01:21
6,1era. convocatoria,Universidad,PONTIFICIA UNIVERSIDAD CATOLICA DEL PERU,SEDE SAN MIGUEL,INGENIERIA CIVIL,REGISTRO COMPLETO,2016-01,2015-12,,LOS OLIVOS,14/04/2026 14:01:21
7,1era. convocatoria,Universidad,PONTIFICIA UNIVERSIDAD CATOLICA DEL PERU,SEDE SAN MIGUEL,INGENIERIA CIVIL,REGISTRO COMPLETO,2016-02,2016-01,2016-02,PUEBLO LIBRE,14/04/2026 14:01:21
8,2da. convocatoria,Universidad,PONTIFICIA UNIVERSIDAD CATOLICA DEL PERU,SEDE SAN MIGUEL,INGENIERIA CIVIL,REGISTRO COMPLETO,2016-09,2016-08,2016-09,SAN BORJA,14/04/2026 14:01:21
9,2da. convocatoria,Universidad,PONTIFICIA UNIVERSIDAD CATOLICA DEL PERU,SEDE SAN MIGUEL,INGENIERIA CIVIL,REGISTRO COMPLETO,2016-08,2016-08,2017-01,SAN JUAN DE LURIGANCHO,14/04/2026 14:01:21
10,2da. convocatoria,Universidad,PONTIFICIA UNIVERSIDAD CATOLICA DEL PERU,SEDE SAN MIGUEL,INGENIERIA CIVIL,REGISTRO COMPLETO,2016-09,2016-08,2016-09,BELLAVISTA,14/04/2026 14:01:21
11,1era. convocatoria,Universidad,PONTIFICIA UNIVERSIDAD CATOLICA DEL PERU,SEDE SAN MIGUEL,INGENIERIA CIVIL,REGISTRO COMPLETO,2016-01,2016-01,,HUANCAYO,14/04/2026 14:01:21
12,1era. convocatoria,Universidad,PONTIFICIA UNIVERSIDAD CATOLICA DEL PERU,SEDE SAN MIGUEL,INGENIERIA CIVIL,EN PROCESO DE REGISTRO,,2015-12,,CARABAYLLO,14/04/2026 14:01:21
13,1era. convocatoria,Universidad,PONTIFICIA UNIVERSIDAD CATOLICA DEL PERU,SEDE SAN MIGUEL,INGENIERIA CIVIL,REGISTRO COMPLETO,2016-01,2015-12,,LIMA,14/04/2026 14:01:21
14,1era. convocatoria,Universidad,PONTIFICIA UNIVERSIDAD CATOLICA DEL PERU,SEDE SAN MIGUEL,INGENIERIA CIVIL,REGISTRO COMPLETO,2016-01,2016-01,,LIMA,14/04/2026 14:01:21
15,1era. convocatoria,Universidad,PONTIFICIA UNIVERSIDAD CATOLICA DEL PERU,SEDE SAN MIGUEL,INGENIERIA CIVIL,REGISTRO COMPLETO,2016-01,2016-01,,EL TAMBO,14/04/2026 14:01:21
16,1era. convocatoria,Universidad,PONTIFICIA UNIVERSIDAD CATOLICA DEL PERU,SEDE SAN MIGUEL,INGENIERIA CIVIL,REGISTRO COMPLETO,2016-02,2015-12,2016-02,CAJAMARCA,14/04/2026 14:01:21
17,2da. convocatoria,Universidad,PONTIFICIA UNIVERSIDAD CATOLICA DEL PERU,SEDE SAN MIGUEL,INGENIERIA CIVIL,REGISTRO COMPLETO,2016-08,2016-08,2017-01,EL TAMBO,14/04/2026 14:01:21
18,2da. convocatoria,Universidad,PONTIFICIA UNIVERSIDAD CATOLICA DEL PERU,SEDE SAN MIGUEL,INGENIERIA CIVIL,REGISTRO COMPLETO,2016-08,2016-08,2017-01,CALLAO,14/04/2026 14:01:21
19,1era. convocatoria,Universidad,UNIVERSIDAD DEL PACIFICO,SEDE JESUS MARIA,INGENIERIA EMPRESARIAL,REGISTRO COMPLETO,2016-02,2016-01,2016-02,ANCON,14/04/2026 14:01:21
20,1era. convocatoria,Universidad,UNIVERSIDAD DEL PACIFICO,SEDE JESUS MARIA,INGENIERIA EMPRESARIAL,REGISTRO COMPLETO,2016-01,2016-01,,SURQUILLO,14/04/2026 14:01:21
21,1era. convocatoria,Universidad,UNIVERSIDAD DEL PACIFICO,SEDE JESUS MARIA,INGENIERIA EMPRESARIAL,REGISTRO COMPLETO,2016-02,2016-01,2016-02,MAGDALENA DEL MAR,14/04/2026 14:01:21
22,1era. convocatoria,Universidad,PONTIFICIA UNIVERSIDAD CATOLICA DEL PERU,SEDE SAN MIGUEL,INGENIERIA INFORMATICA,REGISTRO COMPLETO,2016-02,2015-12,2016-02,PUENTE PIEDRA,14/04/2026 14:01:21
23,1era. convocatoria,Universidad,PONTIFICIA UNIVERSIDAD CATOLICA DEL PERU,SEDE SAN MIGUEL,INGENIERIA INFORMATICA,REGISTRO COMPLETO,2016-01,2016-01,2016-01,SAN MARTIN DE PORRES,14/04/2026 14:01:21
24,2da. convocatoria,Universidad,PONTIFICIA UNIVERSIDAD CATOLICA DEL PERU,SEDE SAN MIGUEL,INGENIERIA INFORMATICA,REGISTRO COMPLETO,2016-08,2016-08,2017-01,SAN MARTIN DE PORRES,14/04/2026 14:01:21
25,1era. convocatoria,Universidad,PONTIFICIA UNIVERSIDAD CATOLICA DEL PERU,SEDE SAN MIGUEL,INGENIERIA INFORMATICA,REGISTRO COMPLETO,2015-12,2015-12,,SAN MARTIN DE PORRES,14/04/2026 14:01:21
26,1era. convocatoria,Universidad,PONTIFICIA UNIVERSIDAD CATOLICA DEL PERU,SEDE SAN MIGUEL,INGENIERIA INFORMATICA,REGISTRO COMPLETO,2016-01,2016-01,,CHORRILLOS,14/04/2026 14:01:21
27,1era. convocatoria,Universidad,PONTIFICIA UNIVERSIDAD CATOLICA DEL PERU,SEDE SAN MIGUEL,INGENIERIA INFORMATICA,REGISTRO COMPLETO,2016-01,2016-01,,EL AGUSTINO,14/04/2026 14:01:21
28,1era. convocatoria,Instituto de Educación Superior,IES PRIVADO TECSUP N° 1,SEDE SANTA ANITA,MECATRONICA INDUSTRIAL,REGISTRO COMPLETO,2015-12,2015-12,,LA MOLINA,14/04/2026 14:01:21
29,1era. convocatoria,Instituto de Educación Superior,IES PRIVADO TECSUP N° 1,SEDE SANTA ANITA,MECATRONICA INDUSTRIAL,REGISTRO COMPLETO,2016-02,2016-02,,BREÑA,14/04/2026 14:01:21
30,1era. convocatoria,Instituto de Educación Superior,IES PRIVADO TECSUP N° 1,SEDE SANTA ANITA,MECATRONICA INDUSTRIAL,REGISTRO COMPLETO,2016-03,2016-02,2016-03,ATE,14/04/2026 14:01:21
31,1era. convocatoria,Instituto de Educación Superior,IES PRIVADO TECSUP N° 1,SEDE SANTA ANITA,MECATRONICA INDUSTRIAL,EN PROCESO DE REGISTRO,,2016-02,,EL TAMBO,14/04/2026 14:01:21
32,2da. convocatoria,Instituto de Educación Superior,IES PRIVADO TECSUP N° 1,SEDE SANTA ANITA,MECATRONICA INDUSTRIAL,ANULADA,,2016-08,,EL TAMBO,14/04/2026 14:01:21
33,1era. convocatoria,Instituto de Educación Superior,IES PRIVADO TECSUP N° 1,SEDE SANTA ANITA,MECATRONICA INDUSTRIAL,EN PROCESO DE REGISTRO,,2016-03,,YAUYOS,14/04/2026 14:01:21
34,1era. convocatoria,Instituto de Educación Superior,IES PRIVADO TECSUP N° 1,SEDE SANTA ANITA,MECATRONICA INDUSTRIAL,REGISTRO COMPLETO,2016-02,2016-02,,HUAMANCACA CHICO,14/04/2026 14:01:21
35,1era. convocatoria,Instituto de Educación Superior,IES PRIVADO TECSUP N° 1,SEDE SANTA ANITA,MECATRONICA INDUSTRIAL,EN PROCESO DE REGISTRO,,2016-03,,,14/04/2026 14:01:21
36,2da. convocatoria,Instituto de Educación Superior,IES PRIVADO TECSUP N° 1,SEDE SANTA ANITA,MECATRONICA INDUSTRIAL,ANULADA,,2016-09,,,14/04/2026 14:01:21
37,1era. convocatoria,Instituto de Educación Superior,IES PRIVADO TECSUP N° 1,SEDE SANTA ANITA,MECATRONICA INDUSTRIAL,REGISTRO COMPLETO,2016-03,2016-02,2016-02,SANTA ANITA,14/04/2026 14:01:21
38,1era. convocatoria,Instituto de Educación Superior,IES PRIVADO TECSUP N° 1,SEDE SANTA ANITA,MECATRONICA INDUSTRIAL,REGISTRO COMPLETO,2016-02,2015-12,,SAN JUAN DE LURIGANCHO,14/04/2026 14:01:21
39,1era. convocatoria,Universidad,UNIVERSIDAD PERUANA CAYETANO HEREDIA,SEDE CENTRAL,ENFERMERIA,REGISTRO COMPLETO,2016-02,2016-02,2016-02,LIMA,14/04/2026 14:01:21
40,2da. convocatoria,Universidad,UNIVERSIDAD PERUANA CAYETANO HEREDIA,SEDE CENTRAL,ENFERMERIA,EN PROCESO DE REGISTRO,,2016-08,,LIMA,14/04/2026 14:01:21
41,1era. convocatoria,Universidad,UNIVERSIDAD PERUANA CAYETANO HEREDIA,SEDE CENTRAL,ENFERMERIA,EN PROCESO DE REGISTRO,,2016-02,2016-02,ATE,14/04/2026 14:01:21
42,1era. convocatoria,Universidad,UNIVERSIDAD PERUANA CAYETANO HEREDIA,SEDE CENTRAL,ENFERMERIA,EN PROCESO DE REGISTRO,,2016-02,,,14/04/2026 14:01:21
43,2da. convocatoria,Universidad,UNIVERSIDAD PERUANA CAYETANO HEREDIA,SEDE CENTRAL,ENFERMERIA,EN PROCESO DE REGISTRO,,2016-08,,,14/04/2026 14:01:21
44,1era. convocatoria,Universidad,UNIVERSIDAD PERUANA CAYETANO HEREDIA,SEDE CENTRAL,ENFERMERIA,REGISTRO COMPLETO,2016-02,2016-02,2016-02,SAN MARTIN DE PORRES,14/04/2026 14:01:21
45,1era. convocatoria,Universidad,UNIVERSIDAD PERUANA CAYETANO HEREDIA,SEDE CENTRAL,ENFERMERIA,EN PROCESO DE REGISTRO,,2016-02,2016-02,SAN JUAN DE LURIGANCHO,14/04/2026 14:01:21
46,1era. convocatoria,Universidad,UNIVERSIDAD PERUANA CAYETANO HEREDIA,SEDE CENTRAL,ENFERMERIA,REGISTRO COMPLETO,2016-02,2016-02,2016-02,LA VICTORIA,14/04/2026 14:01:21
47,2da. convocatoria,Universidad,UNIVERSIDAD PERUANA CAYETANO HEREDIA,SEDE CENTRAL,BIOLOGIA,REGISTRO COMPLETO,2016-09,2016-08,2016-09,CHANCAY,14/04/2026 14:01:21
48,1era. convocatoria,Universidad,UNIVERSIDAD PERUANA CAYETANO HEREDIA,SEDE CENTRAL,BIOLOGIA,REGISTRO COMPLETO,2016-02,2016-02,,LIMA,14/04/2026 14:01:21
49,1era. convocatoria,Universidad,UNIVERSIDAD PERUANA CAYETANO HEREDIA,SEDE CENTRAL,BIOLOGIA,REGISTRO COMPLETO,2016-02,2016-02,2016-02,CALLERIA,14/04/2026 14:01:21
50,2da. convocatoria,Universidad,UNIVERSIDAD PERUANA CAYETANO HEREDIA,SEDE CENTRAL,BIOLOGIA,REGISTRO COMPLETO,2016-08,2016-08,2016-08,HUACHO,14/04/2026 14:01:21
51,1era. convocatoria,Universidad,UNIVERSIDAD PERUANA CAYETANO HEREDIA,SEDE CENTRAL,BIOLOGIA,REGISTRO COMPLETO,2016-02,2016-02,2016-02,SAN MARTIN DE PORRES,14/04/2026 14:01:21
52,2da. convocatoria,Universidad,UNIVERSIDAD PERUANA CAYETANO HEREDIA,SEDE CENTRAL,BIOLOGIA,REGISTRO COMPLETO,2016-09,2016-08,2016-09,SANTIAGO DE SURCO,14/04/2026 14:01:21
53,2da. convocatoria,Universidad,UNIVERSIDAD PERUANA CAYETANO HEREDIA,SEDE CENTRAL,BIOLOGIA,REGISTRO COMPLETO,2016-09,2016-08,2016-09,LA VICTORIA,14/04/2026 14:01:21
54,1era. convocatoria,Universidad,UNIVERSIDAD PERUANA CAYETANO HEREDIA,SEDE CENTRAL,BIOLOGIA,REGISTRO COMPLETO,2016-02,2016-02,2016-02,LOS OLIVOS,14/04/2026 14:01:21
55,1era. convocatoria,Universidad,UNIVERSIDAD PERUANA CAYETANO HEREDIA,SEDE CENTRAL,BIOLOGIA,REGISTRO COMPLETO,2016-02,2016-02,2016-02,MIRAFLORES,14/04/2026 14:01:21
56,1era. convocatoria,Universidad,UNIVERSIDAD PERUANA CAYETANO HEREDIA,SEDE CENTRAL,BIOLOGIA,REGISTRO COMPLETO,2016-02,2016-02,2016-02,SANTIAGO DE SURCO,14/04/2026 14:01:21
57,1era. convocatoria,Universidad,UNIVERSIDAD PERUANA CAYETANO HEREDIA,SEDE CENTRAL,BIOLOGIA,EN PROCESO DE REGISTRO,,2016-02,,,14/04/2026 14:01:21
58,1era. convocatoria,Universidad,UNIVERSIDAD PERUANA CAYETANO HEREDIA,SEDE CENTRAL,BIOLOGIA,EN PROCESO DE REGISTRO,,2016-02,2016-02,MAGDALENA DEL MAR,14/04/2026 14:01:21
59,1era. convocatoria,Universidad,UNIVERSIDAD PERUANA CAYETANO HEREDIA,SEDE CENTRAL,BIOLOGIA,REGISTRO COMPLETO,2016-02,2016-02,2016-02,SAN BORJA,14/04/2026 14:01:21
60,1era. convocatoria,Universidad,UNIVERSIDAD PERUANA CAYETANO HEREDIA,SEDE CENTRAL,BIOLOGIA,REGISTRO COMPLETO,2016-02,2016-02,2016-02,SAN JUAN DE LURIGANCHO,14/04/2026 14:01:21
61,1era. convocatoria,Universidad,UNIVERSIDAD PERUANA CAYETANO HEREDIA,SEDE CENTRAL,BIOLOGIA,REGISTRO COMPLETO,2016-02,2016-02,2016-02,SAN MARTIN DE PORRES,14/04/2026 14:01:21
62,1era. convocatoria,Universidad,PONTIFICIA UNIVERSIDAD CATOLICA DEL PERU,SEDE SAN MIGUEL,FISICA,REGISTRO COMPLETO,2016-02,2016-01,2016-02,LIMA,14/04/2026 14:01:21
63,1era. convocatoria,Universidad,PONTIFICIA UNIVERSIDAD CATOLICA DEL PERU,SEDE SAN MIGUEL,INGENIERIA DE MINAS,REGISTRO COMPLETO,2016-01,2016-01,,SAN MARTIN DE PORRES,14/04/2026 14:01:21
64,2da. convocatoria,Universidad,PONTIFICIA UNIVERSIDAD CATOLICA DEL PERU,SEDE SAN MIGUEL,INGENIERIA DE MINAS,REGISTRO COMPLETO,2016-08,2016-08,2017-01,SAN MARTIN DE PORRES,14/04/2026 14:01:21
65,2da. convocatoria,Universidad,PONTIFICIA UNIVERSIDAD CATOLICA DEL PERU,SEDE SAN MIGUEL,INGENIERIA DE MINAS,REGISTRO COMPLETO,2016-08,2016-08,2016-08,SAN MIGUEL,14/04/2026 14:01:21
66,2da. convocatoria,Universidad,PONTIFICIA UNIVERSIDAD CATOLICA DEL PERU,SEDE SAN MIGUEL,INGENIERIA DE MINAS,REGISTRO COMPLETO,2016-08,2016-08,,VILLA EL SALVADOR,14/04/2026 14:01:21
67,1era. convocatoria,Universidad,PONTIFICIA UNIVERSIDAD CATOLICA DEL PERU,SEDE SAN MIGUEL,INGENIERIA DE MINAS,REGISTRO COMPLETO,2016-01,2016-01,,LIMA,14/04/2026 14:01:21
68,2da. convocatoria,Universidad,PONTIFICIA UNIVERSIDAD CATOLICA DEL PERU,SEDE SAN MIGUEL,INGENIERIA ELECTRONICA,REGISTRO COMPLETO,2016-08,2016-08,2017-01,SANTIAGO DE SURCO,14/04/2026 14:01:21
69,2da. convocatoria,Universidad,UNIVERSIDAD DE INGENIERIA Y TECNOLOGIA,SEDE BARRANCO,INGENIERIA ELECTRONICA,REGISTRO COMPLETO,2016-11,2016-08,2016-11,LURIGANCHO,14/04/2026 14:01:21
70,1era. convocatoria,Universidad,UNIVERSIDAD DE INGENIERIA Y TECNOLOGIA,SEDE BARRANCO,INGENIERIA ELECTRONICA,REGISTRO COMPLETO,2016-02,2015-11,,LURIGANCHO,14/04/2026 14:01:21
71,1era. convocatoria,Universidad,UNIVERSIDAD DE INGENIERIA Y TECNOLOGIA,SEDE BARRANCO,INGENIERIA ELECTRONICA,REGISTRO COMPLETO,2016-05,2015-11,2016-02,LURIGANCHO,14/04/2026 14:01:21
72,2da. convocatoria,Universidad,UNIVERSIDAD DE INGENIERIA Y TECNOLOGIA,SEDE BARRANCO,INGENIERIA ELECTRONICA,REGISTRO COMPLETO,2016-12,2016-11,2016-12,SAN MARTIN DE PORRES,14/04/2026 14:01:21
73,1era. convocatoria,Universidad,UNIVERSIDAD DE INGENIERIA Y TECNOLOGIA,SEDE BARRANCO,INGENIERIA ELECTRONICA,REGISTRO COMPLETO,2015-12,2015-12,,SANTIAGO DE SURCO,14/04/2026 14:01:21
74,2da. convocatoria,Universidad,UNIVERSIDAD DE INGENIERIA Y TECNOLOGIA,SEDE BARRANCO,INGENIERIA ELECTRONICA,REGISTRO COMPLETO,2016-12,2016-11,2016-12,COMAS,14/04/2026 14:01:21
75,2da. convocatoria,Universidad,UNIVERSIDAD DE INGENIERIA Y TECNOLOGIA,SEDE BARRANCO,INGENIERIA ELECTRONICA,REGISTRO COMPLETO,2016-12,2016-11,2016-12,SANTIAGO DE SURCO,14/04/2026 14:01:21
76,2da. convocatoria,Universidad,UNIVERSIDAD DE INGENIERIA Y TECNOLOGIA,SEDE BARRANCO,INGENIERIA ELECTRONICA,EN PROCESO DE REGISTRO,,2016-11,2016-12,,14/04/2026 14:01:21
77,1era. convocatoria,Universidad,UNIVERSIDAD DE INGENIERIA Y TECNOLOGIA,SEDE BARRANCO,INGENIERIA ELECTRONICA,REGISTRO COMPLETO,2015-12,2015-12,,LIMA,14/04/2026 14:01:21
78,2da. convocatoria,Universidad,UNIVERSIDAD DE INGENIERIA Y TECNOLOGIA,SEDE BARRANCO,INGENIERIA ELECTRONICA,REGISTRO COMPLETO,2016-12,2016-11,2016-12,ATE,14/04/2026 14:01:21
79,1era. convocatoria,Universidad,UNIVERSIDAD DE INGENIERIA Y TECNOLOGIA,SEDE BARRANCO,INGENIERIA ELECTRONICA,REGISTRO COMPLETO,2016-02,2016-02,,ATE,14/04/2026 14:01:21
80,1era. convocatoria,Universidad,UNIVERSIDAD DE INGENIERIA Y TECNOLOGIA,SEDE BARRANCO,INGENIERIA ELECTRONICA,REGISTRO COMPLETO,2015-12,2015-11,,COMAS,14/04/2026 14:01:21
81,1era. convocatoria,Universidad,PONTIFICIA UNIVERSIDAD CATOLICA DEL PERU,SEDE SAN MIGUEL,INGENIERIA GEOLOGICA,REGISTRO COMPLETO,2016-01,2016-01,,LIMA,14/04/2026 14:01:21
82,1era. convocatoria,Universidad,PONTIFICIA UNIVERSIDAD CATOLICA DEL PERU,SEDE SAN MIGUEL,INGENIERIA INDUSTRIAL,EN PROCESO DE REGISTRO,,2016-01,,,14/04/2026 14:01:21
83,2da. convocatoria,Universidad,PONTIFICIA UNIVERSIDAD CATOLICA DEL PERU,SEDE SAN MIGUEL,INGENIERIA INDUSTRIAL,EN PROCESO DE REGISTRO,,2016-08,,,14/04/2026 14:01:21
84,1era. convocatoria,Universidad,PONTIFICIA UNIVERSIDAD CATOLICA DEL PERU,SEDE SAN MIGUEL,INGENIERIA INDUSTRIAL,REGISTRO COMPLETO,2016-01,2016-01,,OXAPAMPA,14/04/2026 14:01:21
85,2da. convocatoria,Universidad,PONTIFICIA UNIVERSIDAD CATOLICA DEL PERU,SEDE SAN MIGUEL,INGENIERIA INDUSTRIAL,REGISTRO COMPLETO,2016-08,2016-08,2016-08,BARRANCA,14/04/2026 14:01:21
86,1era. convocatoria,Universidad,PONTIFICIA UNIVERSIDAD CATOLICA DEL PERU,SEDE SAN MIGUEL,INGENIERIA INDUSTRIAL,REGISTRO COMPLETO,2016-01,2016-01,,LINCE,14/04/2026 14:01:21
87,1era. convocatoria,Universidad,PONTIFICIA UNIVERSIDAD CATOLICA DEL PERU,SEDE SAN MIGUEL,INGENIERIA INDUSTRIAL,REGISTRO COMPLETO,2016-02,2016-01,2016-02,LOS OLIVOS,14/04/2026 14:01:21
88,1era. convocatoria,Universidad,UNIVERSIDAD DE INGENIERIA Y TECNOLOGIA,SEDE BARRANCO,INGENIERIA INDUSTRIAL,REGISTRO COMPLETO,2016-02,2016-02,,VENTANILLA,14/04/2026 14:01:21
89,1era. convocatoria,Universidad,UNIVERSIDAD DE INGENIERIA Y TECNOLOGIA,SEDE BARRANCO,INGENIERIA INDUSTRIAL,REGISTRO COMPLETO,2016-02,2016-02,2016-02,ATE,14/04/2026 14:01:21
90,1era. convocatoria,Universidad,UNIVERSIDAD DE INGENIERIA Y TECNOLOGIA,SEDE BARRANCO,INGENIERIA INDUSTRIAL,REGISTRO COMPLETO,2015-12,2015-11,,CHORRILLOS,14/04/2026 14:01:21
91,1era. convocatoria,Universidad,UNIVERSIDAD DE INGENIERIA Y TECNOLOGIA,SEDE BARRANCO,INGENIERIA INDUSTRIAL,REGISTRO COMPLETO,2015-11,2015-11,,CHORRILLOS,14/04/2026 14:01:21
92,1era. convocatoria,Universidad,UNIVERSIDAD DE INGENIERIA Y TECNOLOGIA,SEDE BARRANCO,INGENIERIA INDUSTRIAL,REGISTRO COMPLETO,2016-02,2016-02,,VILLA MARIA DEL TRIUNFO,14/04/2026 14:01:21
93,1era. convocatoria,Universidad,UNIVERSIDAD DE INGENIERIA Y TECNOLOGIA,SEDE BARRANCO,INGENIERIA INDUSTRIAL,EN PROCESO DE REGISTRO,,2016-02,,SANTIAGO DE SURCO,14/04/2026 14:01:21
94,1era. convocatoria,Universidad,UNIVERSIDAD DE INGENIERIA Y TECNOLOGIA,SEDE BARRANCO,INGENIERIA INDUSTRIAL,REGISTRO COMPLETO,2015-11,2015-11,,SANTIAGO DE SURCO,14/04/2026 14:01:21
95,1era. convocatoria,Universidad,UNIVERSIDAD DE INGENIERIA Y TECNOLOGIA,SEDE BARRANCO,INGENIERIA INDUSTRIAL,REGISTRO COMPLETO,2016-02,2015-11,,VILLA MARIA DEL TRIUNFO,14/04/2026 14:01:21
96,2da. convocatoria,Universidad,UNIVERSIDAD DE INGENIERIA Y TECNOLOGIA,SEDE BARRANCO,INGENIERIA INDUSTRIAL,ANULADA,,2016-10,2016-11,,14/04/2026 14:01:21
97,2da. convocatoria,Universidad,UNIVERSIDAD DE INGENIERIA Y TECNOLOGIA,SEDE BARRANCO,INGENIERIA INDUSTRIAL,EN PROCESO DE REGISTRO,,2016-08,,,14/04/2026 14:01:21
98,1era. convocatoria,Universidad,PONTIFICIA UNIVERSIDAD CATOLICA DEL PERU,SEDE SAN MIGUEL,INGENIERIA INDUSTRIAL,REGISTRO COMPLETO,2016-01,2016-01,,EL AGUSTINO,14/04/2026 14:01:21
99,1era. convocatoria,Universidad,UNIVERSIDAD DE INGENIERIA Y TECNOLOGIA,SEDE BARRANCO,INGENIERIA INDUSTRIAL,REGISTRO COMPLETO,2016-02,2016-02,,LA MOLINA,14/04/2026 14:01:21
100,1era. convocatoria,Universidad,UNIVERSIDAD DE INGENIERIA Y TECNOLOGIA,SEDE BARRANCO,INGENIERIA INDUSTRIAL,REGISTRO COMPLETO,2015-12,2015-11,,LURIGANCHO,14/04/2026 14:01:21
501,1era. convocatoria,Instituto de Educación Superior,TECSUP TRUJILLO,SEDE TRUJILLO,MANTENIMIENTO Y GESTION DE EQUIPO PESADO,REGISTRO COMPLETO,2016-02,2016-02,,EL PORVENIR,14/04/2026 14:01:23
502,1era. convocatoria,Instituto de Educación Superior,TECSUP TRUJILLO,SEDE TRUJILLO,MANTENIMIENTO Y GESTION DE EQUIPO PESADO,REGISTRO COMPLETO,2016-03,2016-02,2016-03,EL PORVENIR,14/04/2026 14:01:23
503,1era. convocatoria,Instituto de Educación Superior,TECSUP TRUJILLO,SEDE TRUJILLO,MANTENIMIENTO Y GESTION DE EQUIPO PESADO,REGISTRO COMPLETO,2016-03,2016-02,2016-02,FLORENCIA DE MORA,14/04/2026 14:01:23
504,1era. convocatoria,Instituto de Educación Superior,TECSUP TRUJILLO,SEDE TRUJILLO,MANTENIMIENTO Y GESTION DE EQUIPO PESADO,REGISTRO COMPLETO,2016-02,2016-02,2016-02,FLORENCIA DE MORA,14/04/2026 14:01:23
505,1era. convocatoria,Instituto de Educación Superior,TECSUP TRUJILLO,SEDE TRUJILLO,MANTENIMIENTO Y GESTION DE EQUIPO PESADO,REGISTRO COMPLETO,2016-02,2016-02,2016-02,CHAO,14/04/2026 14:01:23
506,1era. convocatoria,Instituto de Educación Superior,TECSUP TRUJILLO,SEDE TRUJILLO,MANTENIMIENTO Y GESTION DE EQUIPO PESADO,REGISTRO COMPLETO,2016-02,2016-02,,CHAO,14/04/2026 14:01:23
507,1era. convocatoria,Instituto de Educación Superior,TECSUP TRUJILLO,SEDE TRUJILLO,MANTENIMIENTO Y GESTION DE EQUIPO PESADO,REGISTRO COMPLETO,2016-02,2016-02,2016-02,TRUJILLO,14/04/2026 14:01:23
508,1era. convocatoria,Instituto de Educación Superior,TECSUP TRUJILLO,SEDE TRUJILLO,MANTENIMIENTO Y GESTION DE EQUIPO PESADO,REGISTRO COMPLETO,2016-02,2016-02,,TRUJILLO,14/04/2026 14:01:23
509,1era. convocatoria,Instituto de Educación Superior,TECSUP TRUJILLO,SEDE TRUJILLO,MANTENIMIENTO Y GESTION DE EQUIPO PESADO,REGISTRO COMPLETO,2016-02,2016-02,2016-02,TRUJILLO,14/04/2026 14:01:23
510,1era. convocatoria,Instituto de Educación Superior,TECSUP TRUJILLO,SEDE TRUJILLO,MANTENIMIENTO Y GESTION DE EQUIPO PESADO,REGISTRO COMPLETO,2016-02,2016-02,,EL PORVENIR,14/04/2026 14:01:23
511,1era. convocatoria,Instituto de Educación Superior,TECSUP TRUJILLO,SEDE TRUJILLO,MANTENIMIENTO Y GESTION DE EQUIPO PESADO,REGISTRO COMPLETO,2016-02,2016-02,2016-02,SAN PABLO,14/04/2026 14:01:23
512,1era. convocatoria,Instituto de Educación Superior,TECSUP TRUJILLO,SEDE TRUJILLO,MANTENIMIENTO Y GESTION DE EQUIPO PESADO,REGISTRO COMPLETO,2016-02,2016-02,2016-02,CAJAMARCA,14/04/2026 14:01:23
513,1era. convocatoria,Instituto de Educación Superior,TECSUP TRUJILLO,SEDE TRUJILLO,MANTENIMIENTO Y GESTION DE EQUIPO PESADO,REGISTRO COMPLETO,2016-02,2016-02,2016-02,VIRU,14/04/2026 14:01:23
514,1era. convocatoria,Instituto de Educación Superior,TECSUP TRUJILLO,SEDE TRUJILLO,MANTENIMIENTO Y GESTION DE EQUIPO PESADO,REGISTRO COMPLETO,2016-02,2016-02,2016-02,VIRU,14/04/2026 14:01:23
515,1era. convocatoria,Instituto de Educación Superior,TECSUP TRUJILLO,SEDE TRUJILLO,MANTENIMIENTO Y GESTION DE EQUIPO PESADO,REGISTRO COMPLETO,2016-02,2016-02,,VIRU,14/04/2026 14:01:23
516,1era. convocatoria,Instituto de Educación Superior,TECSUP TRUJILLO,SEDE TRUJILLO,MANTENIMIENTO Y GESTION DE EQUIPO PESADO,REGISTRO COMPLETO,2016-02,2016-02,2016-02,VIRU,14/04/2026 14:01:23
517,1era. convocatoria,Instituto de Educación Superior,IES PRIVADO TECSUP N° 1,SEDE SANTA ANITA,AVIONICA Y MECANICA AERONAUTICA,REGISTRO COMPLETO,2016-02,2016-02,2016-02,ATE,14/04/2026 14:01:23
518,2da. convocatoria,Instituto de Educación Superior,IES PRIVADO TECSUP N° 1,SEDE SANTA ANITA,AVIONICA Y MECANICA AERONAUTICA,ANULADA,2016-08,2016-08,2016-11,ATE,14/04/2026 14:01:23
519,1era. convocatoria,Instituto de Educación Superior,IES PRIVADO TECSUP N° 1,SEDE SANTA ANITA,AVIONICA Y MECANICA AERONAUTICA,REGISTRO COMPLETO,2016-03,2016-03,,EL TAMBO,14/04/2026 14:01:23
520,1era. convocatoria,Instituto de Educación Superior,IES PRIVADO TECSUP N° 1,SEDE SANTA ANITA,AVIONICA Y MECANICA AERONAUTICA,REGISTRO COMPLETO,2016-03,2016-02,,EL TAMBO,14/04/2026 14:01:23
521,1era. convocatoria,Instituto de Educación Superior,IES PRIVADO TECSUP N° 1,SEDE SANTA ANITA,AVIONICA Y MECANICA AERONAUTICA,REGISTRO COMPLETO,2016-02,2016-02,,PILCOMAYO,14/04/2026 14:01:23
522,2da. convocatoria,Instituto de Educación Superior,IES PRIVADO TECSUP N° 1,SEDE SANTA ANITA,AVIONICA Y MECANICA AERONAUTICA,REGISTRO COMPLETO,2016-09,2016-08,,PILCOMAYO,14/04/2026 14:01:23
523,2da. convocatoria,Instituto de Educación Superior,IES PRIVADO TECSUP N° 1,SEDE SANTA ANITA,AVIONICA Y MECANICA AERONAUTICA,ANULADA,,2016-08,,VILLA EL SALVADOR,14/04/2026 14:01:23
524,2da. convocatoria,Instituto de Educación Superior,IES PRIVADO TECSUP N° 1,SEDE SANTA ANITA,AVIONICA Y MECANICA AERONAUTICA,ANULADA,,2016-08,,VILLA EL SALVADOR,14/04/2026 14:01:23
525,1era. convocatoria,Instituto de Educación Superior,IES PRIVADO TECSUP N° 1,SEDE SANTA ANITA,AVIONICA Y MECANICA AERONAUTICA,REGISTRO COMPLETO,2016-03,2016-03,,SAN BORJA,14/04/2026 14:01:23
526,1era. convocatoria,Instituto de Educación Superior,IES PRIVADO TECSUP N° 1,SEDE SANTA ANITA,AVIONICA Y MECANICA AERONAUTICA,EN PROCESO DE REGISTRO,,2016-02,,SAN JUAN DE MIRAFLORES,14/04/2026 14:01:23
527,1era. convocatoria,Instituto de Educación Superior,IES PRIVADO TECSUP N° 1,SEDE SANTA ANITA,AVIONICA Y MECANICA AERONAUTICA,REGISTRO COMPLETO,2016-02,2016-02,,SAN JUAN DE LURIGANCHO,14/04/2026 14:01:23
528,2da. convocatoria,Instituto de Educación Superior,IES PRIVADO TECSUP N° 1,SEDE SANTA ANITA,AVIONICA Y MECANICA AERONAUTICA,ANULADA,,2016-08,,SAN JUAN DE LURIGANCHO,14/04/2026 14:01:23
529,1era. convocatoria,Instituto de Educación Superior,IES PRIVADO TECSUP N° 1,SEDE SANTA ANITA,AVIONICA Y MECANICA AERONAUTICA,EN PROCESO DE REGISTRO,,2016-02,,,14/04/2026 14:01:23
530,1era. convocatoria,Instituto de Educación Superior,IES PRIVADO TECSUP N° 1,SEDE SANTA ANITA,AVIONICA Y MECANICA AERONAUTICA,EN PROCESO DE REGISTRO,,2016-02,,,14/04/2026 14:01:23
531,1era. convocatoria,Instituto de Educación Superior,IES PRIVADO TECSUP N° 1,SEDE SANTA ANITA,AVIONICA Y MECANICA AERONAUTICA,REGISTRO COMPLETO,2015-12,2015-12,,SANTIAGO DE SURCO,14/04/2026 14:01:23
532,1era. convocatoria,Instituto de Educación Superior,IES PRIVADO TECSUP N° 1,SEDE SANTA ANITA,AVIONICA Y MECANICA AERONAUTICA,REGISTRO COMPLETO,2016-02,2016-02,,VILLA MARIA DEL TRIUNFO,14/04/2026 14:01:23
533,1era. convocatoria,Instituto de Educación Superior,IES PRIVADO TECSUP N° 1,SEDE SANTA ANITA,AVIONICA Y MECANICA AERONAUTICA,REGISTRO COMPLETO,2016-02,2015-12,,VILLA EL SALVADOR,14/04/2026 14:01:23
534,1era. convocatoria,Instituto de Educación Superior,IES PRIVADO TECSUP N° 1,SEDE SANTA ANITA,AVIONICA Y MECANICA AERONAUTICA,REGISTRO COMPLETO,2016-03,2016-03,,VILLA EL SALVADOR,14/04/2026 14:01:23
535,1era. convocatoria,Instituto de Educación Superior,IES PRIVADO TECSUP N° 1,SEDE SANTA ANITA,AVIONICA Y MECANICA AERONAUTICA,EN PROCESO DE REGISTRO,,2016-02,,JAUJA,14/04/2026 14:01:23
536,1era. convocatoria,Instituto de Educación Superior,IES PRIVADO TECSUP N° 1,SEDE SANTA ANITA,AVIONICA Y MECANICA AERONAUTICA,EN PROCESO DE REGISTRO,,2016-03,,CHUPACA,14/04/2026 14:01:23
537,2da. convocatoria,Instituto de Educación Superior,IES PRIVADO TECSUP N° 1,SEDE SANTA ANITA,AVIONICA Y MECANICA AERONAUTICA,ANULADA,,2016-08,,,14/04/2026 14:01:23
538,2da. convocatoria,Instituto de Educación Superior,IES PRIVADO TECSUP N° 1,SEDE SANTA ANITA,AVIONICA Y MECANICA AERONAUTICA,ANULADA,,2016-09,,,14/04/2026 14:01:23
539,2da. convocatoria,Instituto de Educación Superior,IES PRIVADO TECSUP N° 1,SEDE SANTA ANITA,AVIONICA Y MECANICA AERONAUTICA,ANULADA,,2016-10,,,14/04/2026 14:01:23
540,1era. convocatoria,Instituto de Educación Superior,IES PRIVADO TECSUP N° 1,SEDE SANTA ANITA,AVIONICA Y MECANICA AERONAUTICA,REGISTRO COMPLETO,2016-03,2016-03,,VILLA MARIA DEL TRIUNFO,14/04/2026 14:01:23
301,1era. convocatoria,Instituto de Educación Superior,IES PRIVADO TECSUP N° 1,SEDE SANTA ANITA,PROCESOS QUIMICOS Y METALURGICOS,EN PROCESO DE REGISTRO,,2016-02,,LURIGANCHO,14/04/2026 14:01:23
302,2da. convocatoria,Instituto de Educación Superior,IES PRIVADO TECSUP N° 1,SEDE SANTA ANITA,PROCESOS QUIMICOS Y METALURGICOS,ANULADA,,2016-10,,,14/04/2026 14:01:23
303,1era. convocatoria,Instituto de Educación Superior,IES PRIVADO TECSUP N° 1,SEDE SANTA ANITA,PROCESOS QUIMICOS Y METALURGICOS,REGISTRO COMPLETO,2016-02,2015-12,,VILLA MARIA DEL TRIUNFO,14/04/2026 14:01:23
304,1era. convocatoria,Instituto de Educación Superior,IES PRIVADO TECSUP N° 1,SEDE SANTA ANITA,PROCESOS QUIMICOS Y METALURGICOS,REGISTRO COMPLETO,2016-02,2016-02,,SANTA ANITA,14/04/2026 14:01:23
305,1era. convocatoria,Instituto de Educación Superior,IES PRIVADO TECSUP N° 1,SEDE SANTA ANITA,PROCESOS QUIMICOS Y METALURGICOS,REGISTRO COMPLETO,2016-01,2015-12,,SANTA ANITA,14/04/2026 14:01:23
306,2da. convocatoria,Instituto de Educación Superior,IES PRIVADO TECSUP N° 1,SEDE SANTA ANITA,PROCESOS QUIMICOS Y METALURGICOS,ANULADA,,2016-08,,SANTA ANITA,14/04/2026 14:01:23
307,1era. convocatoria,Instituto de Educación Superior,IES PRIVADO TECSUP N° 1,SEDE SANTA ANITA,PROCESOS QUIMICOS Y METALURGICOS,REGISTRO COMPLETO,2016-02,2016-02,,SAN JUAN DE LURIGANCHO,14/04/2026 14:01:23
308,1era. convocatoria,Instituto de Educación Superior,IES PRIVADO TECSUP N° 1,SEDE SANTA ANITA,MANTENIMIENTO DE MAQUINARIA DE PLANTA,REGISTRO COMPLETO,2016-01,2016-01,,LA MOLINA,14/04/2026 14:01:23
309,2da. convocatoria,Instituto de Educación Superior,IES PRIVADO TECSUP N° 1,SEDE SANTA ANITA,MANTENIMIENTO DE MAQUINARIA DE PLANTA,ANULADA,2016-11,2016-08,2016-11,LA MOLINA,14/04/2026 14:01:23
310,2da. convocatoria,Instituto de Educación Superior,IES PRIVADO TECSUP N° 1,SEDE SANTA ANITA,MANTENIMIENTO DE MAQUINARIA DE PLANTA,ANULADA,,2016-08,2016-10,INDEPENDENCIA,14/04/2026 14:01:23
311,1era. convocatoria,Instituto de Educación Superior,IES PRIVADO TECSUP N° 1,SEDE SANTA ANITA,MANTENIMIENTO DE MAQUINARIA DE PLANTA,REGISTRO COMPLETO,2016-03,2016-03,,INDEPENDENCIA,14/04/2026 14:01:23
312,1era. convocatoria,Instituto de Educación Superior,IES PRIVADO TECSUP N° 1,SEDE SANTA ANITA,MANTENIMIENTO DE MAQUINARIA DE PLANTA,REGISTRO COMPLETO,2016-01,2016-01,,INDEPENDENCIA,14/04/2026 14:01:23
313,1era. convocatoria,Instituto de Educación Superior,IES PRIVADO TECSUP N° 1,SEDE SANTA ANITA,MANTENIMIENTO DE MAQUINARIA DE PLANTA,REGISTRO COMPLETO,2016-02,2016-02,,EL AGUSTINO,14/04/2026 14:01:23
314,2da. convocatoria,Instituto de Educación Superior,IES PRIVADO TECSUP N° 1,SEDE SANTA ANITA,MANTENIMIENTO DE MAQUINARIA DE PLANTA,ANULADA,,2016-08,2016-10,SAN JUAN DE LURIGANCHO,14/04/2026 14:01:23
315,1era. convocatoria,Instituto de Educación Superior,IES PRIVADO TECSUP N° 1,SEDE SANTA ANITA,MANTENIMIENTO DE MAQUINARIA DE PLANTA,REGISTRO COMPLETO,2016-02,2016-02,,LURIGANCHO,14/04/2026 14:01:23
316,2da. convocatoria,Instituto de Educación Superior,IES PRIVADO TECSUP N° 1,SEDE SANTA ANITA,MANTENIMIENTO DE MAQUINARIA DE PLANTA,ANULADA,,2016-10,,,14/04/2026 14:01:23
317,2da. convocatoria,Instituto de Educación Superior,IES PRIVADO TECSUP N° 1,SEDE SANTA ANITA,MANTENIMIENTO DE MAQUINARIA DE PLANTA,ANULADA,,2016-08,,,14/04/2026 14:01:23
318,1era. convocatoria,Instituto de Educación Superior,IES PRIVADO TECSUP N° 1,SEDE SANTA ANITA,MANTENIMIENTO DE MAQUINARIA DE PLANTA,REGISTRO COMPLETO,2016-02,2016-02,,SANTA ANITA,14/04/2026 14:01:23
319,1era. convocatoria,Instituto de Educación Superior,IES PRIVADO TECSUP N° 1,SEDE SANTA ANITA,MANTENIMIENTO DE MAQUINARIA DE PLANTA,REGISTRO COMPLETO,2016-03,2016-02,,SAN JUAN DE MIRAFLORES,14/04/2026 14:01:23
320,1era. convocatoria,Instituto de Educación Superior,IES PRIVADO TECSUP N° 1,SEDE SANTA ANITA,MANTENIMIENTO DE MAQUINARIA DE PLANTA,EN PROCESO DE REGISTRO,,2016-03,,SAN JUAN DE LURIGANCHO,14/04/2026 14:01:23
321,1era. convocatoria,Instituto de Educación Superior,IES PRIVADO TECSUP N° 1,SEDE SANTA ANITA,MANTENIMIENTO DE MAQUINARIA DE PLANTA,REGISTRO COMPLETO,2016-01,2016-01,,SAN JUAN DE LURIGANCHO,14/04/2026 14:01:23
322,1era. convocatoria,Instituto de Educación Superior,IES PRIVADO TECSUP N° 1,SEDE SANTA ANITA,MANTENIMIENTO DE MAQUINARIA DE PLANTA,REGISTRO COMPLETO,2016-01,2015-12,,ATE,14/04/2026 14:01:23
323,1era. convocatoria,Instituto de Educación Superior,IES PRIVADO TECSUP N° 1,SEDE SANTA ANITA,MANTENIMIENTO DE MAQUINARIA DE PLANTA,REGISTRO COMPLETO,2015-11,2015-11,,CAHUACHO,14/04/2026 14:01:23
324,1era. convocatoria,Instituto de Educación Superior,IES PRIVADO TECSUP N° 1,SEDE SANTA ANITA,MANTENIMIENTO DE MAQUINARIA DE PLANTA,REGISTRO COMPLETO,2016-02,2015-12,,VENTANILLA,14/04/2026 14:01:23
325,2da. convocatoria,Instituto de Educación Superior,IES PRIVADO TECSUP N° 1,SEDE SANTA ANITA,MANTENIMIENTO DE MAQUINARIA DE PLANTA,ANULADA,,2016-10,,,14/04/2026 14:01:23
326,2da. convocatoria,Instituto de Educación Superior,IES PRIVADO TECSUP N° 1,SEDE SANTA ANITA,MANTENIMIENTO DE MAQUINARIA DE PLANTA,ANULADA,,2016-08,,,14/04/2026 14:01:23
327,2da. convocatoria,Instituto de Educación Superior,IES PRIVADO TECSUP N° 1,SEDE SANTA ANITA,MANTENIMIENTO DE MAQUINARIA DE PLANTA,ANULADA,,2016-08,,,14/04/2026 14:01:23
328,1era. convocatoria,Instituto de Educación Superior,IES PRIVADO TECSUP N° 1,SEDE SANTA ANITA,ELECTRONICA Y AUTOMATIZACION INDUSTRIAL,REGISTRO COMPLETO,2016-03,2016-02,,EL AGUSTINO,14/04/2026 14:01:23
329,1era. convocatoria,Instituto de Educación Superior,IES PRIVADO TECSUP N° 1,SEDE SANTA ANITA,ELECTRONICA Y AUTOMATIZACION INDUSTRIAL,REGISTRO COMPLETO,2016-03,2016-02,,CHACLACAYO,14/04/2026 14:01:23
330,1era. convocatoria,Instituto de Educación Superior,IES PRIVADO TECSUP N° 1,SEDE SANTA ANITA,ELECTRONICA Y AUTOMATIZACION INDUSTRIAL,REGISTRO COMPLETO,2016-02,2016-02,,CARABAYLLO,14/04/2026 14:01:23
331,2da. convocatoria,Instituto de Educación Superior,IES PRIVADO TECSUP N° 1,SEDE SANTA ANITA,ELECTRONICA Y AUTOMATIZACION INDUSTRIAL,ANULADA,,2016-09,,CARABAYLLO,14/04/2026 14:01:23
332,1era. convocatoria,Instituto de Educación Superior,IES PRIVADO TECSUP N° 1,SEDE SANTA ANITA,ELECTRONICA Y AUTOMATIZACION INDUSTRIAL,REGISTRO COMPLETO,2016-03,2016-03,,ATE,14/04/2026 14:01:23
333,1era. convocatoria,Instituto de Educación Superior,IES PRIVADO TECSUP N° 1,SEDE SANTA ANITA,ELECTRONICA Y AUTOMATIZACION INDUSTRIAL,EN PROCESO DE REGISTRO,,2015-11,2015-11,ARAMANGO,14/04/2026 14:01:23
334,1era. convocatoria,Instituto de Educación Superior,IES PRIVADO TECSUP N° 1,SEDE SANTA ANITA,ELECTRONICA Y AUTOMATIZACION INDUSTRIAL,REGISTRO COMPLETO,2016-02,2016-02,,SAN JUAN DE LURIGANCHO,14/04/2026 14:01:23
335,2da. convocatoria,Instituto de Educación Superior,IES PRIVADO TECSUP N° 1,SEDE SANTA ANITA,ELECTRONICA Y AUTOMATIZACION INDUSTRIAL,ANULADA,,2016-09,,SAN JUAN DE LURIGANCHO,14/04/2026 14:01:23
336,1era. convocatoria,Instituto de Educación Superior,IES PRIVADO TECSUP N° 1,SEDE SANTA ANITA,ELECTRONICA Y AUTOMATIZACION INDUSTRIAL,EN PROCESO DE REGISTRO,,2016-03,,LOS OLIVOS,14/04/2026 14:01:23
337,2da. convocatoria,Instituto de Educación Superior,IES PRIVADO TECSUP N° 1,SEDE SANTA ANITA,ELECTRONICA Y AUTOMATIZACION INDUSTRIAL,ANULADA,,2016-09,,,14/04/2026 14:01:23
338,1era. convocatoria,Instituto de Educación Superior,IES PRIVADO TECSUP N° 1,SEDE SANTA ANITA,ELECTRONICA Y AUTOMATIZACION INDUSTRIAL,EN PROCESO DE REGISTRO,,2016-03,,,14/04/2026 14:01:23
339,1era. convocatoria,Instituto de Educación Superior,IES PRIVADO TECSUP N° 1,SEDE SANTA ANITA,ELECTRONICA Y AUTOMATIZACION INDUSTRIAL,EN PROCESO DE REGISTRO,,2016-03,,,14/04/2026 14:01:23
340,1era. convocatoria,Instituto de Educación Superior,IES PRIVADO TECSUP N° 1,SEDE SANTA ANITA,ELECTRONICA Y AUTOMATIZACION INDUSTRIAL,EN PROCESO DE REGISTRO,,2016-03,,,14/04/2026 14:01:23
341,2da. convocatoria,Instituto de Educación Superior,IES PRIVADO TECSUP N° 1,SEDE SANTA ANITA,ELECTRONICA Y AUTOMATIZACION INDUSTRIAL,ANULADA,,2016-09,,SANTA ANITA,14/04/2026 14:01:23
342,1era. convocatoria,Instituto de Educación Superior,IES PRIVADO TECSUP N° 1,SEDE SANTA ANITA,ELECTRONICA Y AUTOMATIZACION INDUSTRIAL,EN PROCESO DE REGISTRO,,2016-03,,VILLA MARIA DEL TRIUNFO,14/04/2026 14:01:23
343,1era. convocatoria,Instituto de Educación Superior,IES PRIVADO TECSUP N° 1,SEDE SANTA ANITA,ELECTRONICA Y AUTOMATIZACION INDUSTRIAL,ANULADA,2015-11,2015-11,2016-02,ARAMANGO,14/04/2026 14:01:23
344,1era. convocatoria,Instituto de Educación Superior,IES PRIVADO TECSUP N° 1,SEDE SANTA ANITA,ELECTRONICA Y AUTOMATIZACION INDUSTRIAL,REGISTRO COMPLETO,2015-11,2015-11,,ABANCAY,14/04/2026 14:01:23
345,1era. convocatoria,Instituto de Educación Superior,IES PRIVADO TECSUP N° 1,SEDE SANTA ANITA,ELECTRONICA Y AUTOMATIZACION INDUSTRIAL,REGISTRO COMPLETO,2016-03,2016-02,2016-03,EL TAMBO,14/04/2026 14:01:23
346,1era. convocatoria,Instituto de Educación Superior,IES PRIVADO TECSUP N° 1,SEDE SANTA ANITA,ELECTRONICA Y AUTOMATIZACION INDUSTRIAL,REGISTRO COMPLETO,2016-03,2016-03,,LIMA,14/04/2026 14:01:23
347,1era. convocatoria,Instituto de Educación Superior,IES PRIVADO TECSUP N° 1,SEDE SANTA ANITA,ELECTRONICA Y AUTOMATIZACION INDUSTRIAL,EN PROCESO DE REGISTRO,,2016-03,,,14/04/2026 14:01:23
348,2da. convocatoria,Instituto de Educación Superior,IES PRIVADO TECSUP N° 1,SEDE SANTA ANITA,ELECTRONICA Y AUTOMATIZACION INDUSTRIAL,ANULADA,,2016-10,2017-01,,14/04/2026 14:01:23
349,1era. convocatoria,Instituto de Educación Superior,IES PRIVADO TECSUP N° 1,SEDE SANTA ANITA,REDES Y COMUNICACIONES DE DATOS,REGISTRO COMPLETO,2016-02,2016-02,,EL AGUSTINO,14/04/2026 14:01:23
350,1era. convocatoria,Instituto de Educación Superior,IES PRIVADO TECSUP N° 1,SEDE SANTA ANITA,REDES Y COMUNICACIONES DE DATOS,EN PROCESO DE REGISTRO,,2016-03,,CHACLACAYO,14/04/2026 14:01:23
351,1era. convocatoria,Instituto de Educación Superior,IES PRIVADO TECSUP N° 1,SEDE SANTA ANITA,REDES Y COMUNICACIONES DE DATOS,REGISTRO COMPLETO,2016-01,2016-01,,ATE,14/04/2026 14:01:23
352,1era. convocatoria,Instituto de Educación Superior,IES PRIVADO TECSUP N° 1,SEDE SANTA ANITA,REDES Y COMUNICACIONES DE DATOS,EN PROCESO DE REGISTRO,,2016-03,,CARABAYLLO,14/04/2026 14:01:23
353,1era. convocatoria,Instituto de Educación Superior,IES PRIVADO TECSUP N° 1,SEDE SANTA ANITA,REDES Y COMUNICACIONES DE DATOS,REGISTRO COMPLETO,2016-03,2016-02,,ATE,14/04/2026 14:01:23
354,2da. convocatoria,Instituto de Educación Superior,IES PRIVADO TECSUP N° 1,SEDE SANTA ANITA,REDES Y COMUNICACIONES DE DATOS,REGISTRO COMPLETO,2016-08,2016-08,,ATE,14/04/2026 14:01:23
355,1era. convocatoria,Instituto de Educación Superior,IES PRIVADO TECSUP N° 1,SEDE SANTA ANITA,REDES Y COMUNICACIONES DE DATOS,REGISTRO COMPLETO,2016-03,2016-03,,VILLA MARIA DEL TRIUNFO,14/04/2026 14:01:23
356,1era. convocatoria,Instituto de Educación Superior,IES PRIVADO TECSUP N° 1,SEDE SANTA ANITA,REDES Y COMUNICACIONES DE DATOS,EN PROCESO DE REGISTRO,,2016-03,2016-03,LURIGANCHO,14/04/2026 14:01:23
357,1era. convocatoria,Instituto de Educación Superior,IES PRIVADO TECSUP N° 1,SEDE SANTA ANITA,REDES Y COMUNICACIONES DE DATOS,REGISTRO COMPLETO,2016-02,2016-02,,LA VICTORIA,14/04/2026 14:01:23
358,2da. convocatoria,Instituto de Educación Superior,IES PRIVADO TECSUP N° 1,SEDE SANTA ANITA,REDES Y COMUNICACIONES DE DATOS,ANULADA,,2016-08,,ATE,14/04/2026 14:01:23
359,1era. convocatoria,Instituto de Educación Superior,IES PRIVADO TECSUP N° 1,SEDE SANTA ANITA,REDES Y COMUNICACIONES DE DATOS,REGISTRO COMPLETO,2016-03,2016-02,,LIMA,14/04/2026 14:01:23
360,2da. convocatoria,Instituto de Educación Superior,IES PRIVADO TECSUP N° 1,SEDE SANTA ANITA,REDES Y COMUNICACIONES DE DATOS,ANULADA,,2016-08,,,14/04/2026 14:01:23
361,2da. convocatoria,Instituto de Educación Superior,IES PRIVADO TECSUP N° 1,SEDE SANTA ANITA,REDES Y COMUNICACIONES DE DATOS,ANULADA,,2016-10,,,14/04/2026 14:01:23
362,1era. convocatoria,Instituto de Educación Superior,IES PRIVADO TECSUP N° 1,SEDE SANTA ANITA,REDES Y COMUNICACIONES DE DATOS,EN PROCESO DE REGISTRO,,2016-03,,,14/04/2026 14:01:23
363,1era. convocatoria,Instituto de Educación Superior,IES PRIVADO TECSUP N° 1,SEDE SANTA ANITA,REDES Y COMUNICACIONES DE DATOS,REGISTRO COMPLETO,2016-03,2016-03,,SANTA ANITA,14/04/2026 14:01:23
364,1era. convocatoria,Universidad,PONTIFICIA UNIVERSIDAD CATOLICA DEL PERU,SEDE SAN MIGUEL,PSICOLOGIA,REGISTRO COMPLETO,2016-01,2015-12,,SURQUILLO,14/04/2026 14:01:23
365,2da. convocatoria,Universidad,UNIVERSIDAD PERUANA CAYETANO HEREDIA,SEDE LA MOLINA,PSICOLOGIA,REGISTRO COMPLETO,2016-09,2016-08,2016-09,LOS OLIVOS,14/04/2026 14:01:23
366,1era. convocatoria,Universidad,UNIVERSIDAD PERUANA CAYETANO HEREDIA,SEDE LA MOLINA,PSICOLOGIA,EN PROCESO DE REGISTRO,,2016-02,2016-02,PUEBLO LIBRE,14/04/2026 14:01:23
367,1era. convocatoria,Universidad,UNIVERSIDAD PERUANA CAYETANO HEREDIA,SEDE LA MOLINA,PSICOLOGIA,REGISTRO COMPLETO,2016-02,2016-02,2016-02,SAN MARTIN DE PORRES,14/04/2026 14:01:23
368,1era. convocatoria,Universidad,UNIVERSIDAD PERUANA CAYETANO HEREDIA,SEDE LA MOLINA,PSICOLOGIA,REGISTRO COMPLETO,2016-02,2016-02,,SAN ANTONIO,14/04/2026 14:01:23
369,2da. convocatoria,Universidad,UNIVERSIDAD PERUANA CAYETANO HEREDIA,SEDE LA MOLINA,PSICOLOGIA,EN PROCESO DE REGISTRO,,2016-08,,,14/04/2026 14:01:23
370,1era. convocatoria,Universidad,UNIVERSIDAD PERUANA CAYETANO HEREDIA,SEDE LA MOLINA,PSICOLOGIA,REGISTRO COMPLETO,2016-02,2016-02,2016-02,LIMA,14/04/2026 14:01:23
371,1era. convocatoria,Universidad,UNIVERSIDAD PERUANA CAYETANO HEREDIA,SEDE LA MOLINA,PSICOLOGIA,REGISTRO COMPLETO,2016-02,2016-02,2016-02,VILLA MARIA DEL TRIUNFO,14/04/2026 14:01:23
372,1era. convocatoria,Universidad,UNIVERSIDAD PERUANA CAYETANO HEREDIA,SEDE LA MOLINA,PSICOLOGIA,REGISTRO COMPLETO,2016-02,2016-02,2016-02,LA MOLINA,14/04/2026 14:01:23
373,2da. convocatoria,Universidad,UNIVERSIDAD PERUANA CAYETANO HEREDIA,SEDE CENTRAL,ESTOMATOLOGIA,REGISTRO COMPLETO,2016-09,2016-08,2016-09,COMAS,14/04/2026 14:01:23
374,2da. convocatoria,Universidad,UNIVERSIDAD PERUANA CAYETANO HEREDIA,SEDE CENTRAL,ESTOMATOLOGIA,REGISTRO COMPLETO,2016-09,2016-08,2016-09,RIMAC,14/04/2026 14:01:23
375,2da. convocatoria,Universidad,UNIVERSIDAD PERUANA CAYETANO HEREDIA,SEDE CENTRAL,ESTOMATOLOGIA,REGISTRO COMPLETO,2016-08,2016-08,2016-08,SAN MARTIN DE PORRES,14/04/2026 14:01:23
376,1era. convocatoria,Universidad,UNIVERSIDAD PERUANA CAYETANO HEREDIA,SEDE CENTRAL,FARMACIA Y BIOQUIMICA,REGISTRO COMPLETO,2016-02,2016-02,2016-02,SAN MARTIN DE PORRES,14/04/2026 14:01:23
377,2da. convocatoria,Universidad,UNIVERSIDAD PERUANA CAYETANO HEREDIA,SEDE CENTRAL,ADMINISTRACION EN SALUD,EN PROCESO DE REGISTRO,,2016-08,,,14/04/2026 14:01:23
378,1era. convocatoria,Universidad,UNIVERSIDAD PERUANA CAYETANO HEREDIA,SEDE CENTRAL,ADMINISTRACION EN SALUD,REGISTRO COMPLETO,2016-02,2016-02,2016-02,SAN MARTIN DE PORRES,14/04/2026 14:01:23
379,1era. convocatoria,Universidad,UNIVERSIDAD PERUANA CAYETANO HEREDIA,SEDE CENTRAL,ADMINISTRACION EN SALUD,EN PROCESO DE REGISTRO,,2016-02,,,14/04/2026 14:01:23
380,2da. convocatoria,Universidad,UNIVERSIDAD PERUANA CAYETANO HEREDIA,SEDE CENTRAL,ADMINISTRACION EN SALUD,REGISTRO COMPLETO,2016-08,2016-08,2016-08,SAN JUAN DE LURIGANCHO,14/04/2026 14:01:23
381,1era. convocatoria,Universidad,UNIVERSIDAD PERUANA CAYETANO HEREDIA,SEDE CENTRAL,TECNOLOGIA MEDICA ESPECIALIDAD DE TERAPIA DE AUDICION, VOZ Y LENGUAJE,REGISTRO COMPLETO,2016-02,2016-02,2016-02,LIMA,14/04/2026 14:01:23
382,2da. convocatoria,Universidad,UNIVERSIDAD PERUANA CAYETANO HEREDIA,SEDE CENTRAL,TECNOLOGIA MEDICA ESPECIALIDAD DE TERAPIA DE AUDICION, VOZ Y LENGUAJE,EN PROCESO DE REGISTRO,,2016-08,,,14/04/2026 14:01:23
383,1era. convocatoria,Universidad,UNIVERSIDAD PERUANA CAYETANO HEREDIA,SEDE CENTRAL,TECNOLOGIA MEDICA ESPECIALIDAD DE TERAPIA DE AUDICION, VOZ Y LENGUAJE,REGISTRO COMPLETO,2016-02,2016-02,2016-02,SAN BORJA,14/04/2026 14:01:23
384,1era. convocatoria,Instituto de Educación Superior,IES PRIVADO TECSUP N° 1,SEDE SANTA ANITA,OPERACIONES MINERAS,REGISTRO COMPLETO,2016-03,2016-03,,ATE,14/04/2026 14:01:23
385,1era. convocatoria,Instituto de Educación Superior,IES PRIVADO TECSUP N° 1,SEDE SANTA ANITA,OPERACIONES MINERAS,REGISTRO COMPLETO,2016-02,2016-02,,PUEBLO NUEVO,14/04/2026 14:01:23
386,1era. convocatoria,Instituto de Educación Superior,IES PRIVADO TECSUP N° 1,SEDE SANTA ANITA,OPERACIONES MINERAS,REGISTRO COMPLETO,2016-03,2016-03,2016-03,LEONOR ORDOÑEZ,14/04/2026 14:01:23
387,2da. convocatoria,Instituto de Educación Superior,IES PRIVADO TECSUP N° 1,SEDE SANTA ANITA,OPERACIONES MINERAS,ANULADA,,2016-08,,,14/04/2026 14:01:23
388,1era. convocatoria,Instituto de Educación Superior,IES PRIVADO TECSUP N° 1,SEDE SANTA ANITA,OPERACIONES MINERAS,EN PROCESO DE REGISTRO,,2016-03,,MI PERU,14/04/2026 14:01:23
389,1era. convocatoria,Instituto de Educación Superior,IES PRIVADO TECSUP N° 1,SEDE SANTA ANITA,OPERACIONES MINERAS,EN PROCESO DE REGISTRO,,2016-02,,,14/04/2026 14:01:23
390,1era. convocatoria,Instituto de Educación Superior,IES PRIVADO TECSUP N° 1,SEDE SANTA ANITA,OPERACIONES MINERAS,REGISTRO COMPLETO,2016-02,2016-02,,VILLA MARIA DEL TRIUNFO,14/04/2026 14:01:23
391,1era. convocatoria,Instituto de Educación Superior,IES PRIVADO TECSUP N° 1,SEDE SANTA ANITA,OPERACIONES MINERAS,REGISTRO COMPLETO,2016-02,2016-02,,SAN MARTIN DE PORRES,14/04/2026 14:01:23
392,1era. convocatoria,Instituto de Educación Superior,IES PRIVADO TECSUP N° 1,SEDE SANTA ANITA,PRODUCCION Y GESTION INDUSTRIAL,REGISTRO COMPLETO,2016-03,2016-02,2016-03,INDEPENDENCIA,14/04/2026 14:01:23
393,1era. convocatoria,Instituto de Educación Superior,IES PRIVADO TECSUP N° 1,SEDE SANTA ANITA,PRODUCCION Y GESTION INDUSTRIAL,REGISTRO COMPLETO,2016-03,2016-03,,EL AGUSTINO,14/04/2026 14:01:23
394,1era. convocatoria,Instituto de Educación Superior,IES PRIVADO TECSUP N° 1,SEDE SANTA ANITA,PRODUCCION Y GESTION INDUSTRIAL,EN PROCESO DE REGISTRO,,2016-02,,EL TAMBO,14/04/2026 14:01:23
395,2da. convocatoria,Instituto de Educación Superior,IES PRIVADO TECSUP N° 1,SEDE SANTA ANITA,PRODUCCION Y GESTION INDUSTRIAL,ANULADA,,2016-08,,,14/04/2026 14:01:23
396,2da. convocatoria,Instituto de Educación Superior,IES PRIVADO TECSUP N° 1,SEDE SANTA ANITA,PRODUCCION Y GESTION INDUSTRIAL,ANULADA,,2016-10,,,14/04/2026 14:01:23
397,1era. convocatoria,Instituto de Educación Superior,IES PRIVADO TECSUP N° 1,SEDE SANTA ANITA,PRODUCCION Y GESTION INDUSTRIAL,REGISTRO COMPLETO,2016-02,2016-02,2016-02,SANTA EULALIA,14/04/2026 14:01:23
398,1era. convocatoria,Instituto de Educación Superior,IES PRIVADO TECSUP N° 1,SEDE SANTA ANITA,PRODUCCION Y GESTION INDUSTRIAL,EN PROCESO DE REGISTRO,,2016-02,,,14/04/2026 14:01:23
399,1era. convocatoria,Instituto de Educación Superior,IES PRIVADO TECSUP N° 1,SEDE SANTA ANITA,PRODUCCION Y GESTION INDUSTRIAL,REGISTRO COMPLETO,2016-02,2016-02,,SAN JUAN DE MIRAFLORES,14/04/2026 14:01:23
400,1era. convocatoria,Instituto de Educación Superior,IES PRIVADO TECSUP N° 1,SEDE SANTA ANITA,PRODUCCION Y GESTION INDUSTRIAL,REGISTRO COMPLETO,2016-03,2016-03,,PUNTA NEGRA,14/04/2026 14:01:23
401,1era. convocatoria,Instituto de Educación Superior,IES PRIVADO TECSUP N° 1,SEDE SANTA ANITA,PRODUCCION Y GESTION INDUSTRIAL,REGISTRO COMPLETO,2015-12,2015-12,,LURIGANCHO,14/04/2026 14:01:23
402,1era. convocatoria,Instituto de Educación Superior,IES PRIVADO TECSUP N° 1,SEDE SANTA ANITA,PRODUCCION Y GESTION INDUSTRIAL,REGISTRO COMPLETO,2016-02,2016-02,,LURIGANCHO,14/04/2026 14:01:23
403,2da. convocatoria,Universidad,UNIVERSIDAD DEL PACIFICO,SEDE JESUS MARIA,NEGOCIOS INTERNACIONALES,REGISTRO COMPLETO,2016-06,2016-06,,CHACLACAYO,14/04/2026 14:01:23
404,1era. convocatoria,Universidad,UNIVERSIDAD DEL PACIFICO,SEDE JESUS MARIA,NEGOCIOS INTERNACIONALES,REGISTRO COMPLETO,2016-01,2016-01,2016-01,LIMA,14/04/2026 14:01:23
405,1era. convocatoria,Universidad,UNIVERSIDAD DEL PACIFICO,SEDE JESUS MARIA,NEGOCIOS INTERNACIONALES,REGISTRO COMPLETO,2016-02,2016-02,,VIRU,14/04/2026 14:01:23
406,1era. convocatoria,Universidad,UNIVERSIDAD DEL PACIFICO,SEDE JESUS MARIA,NEGOCIOS INTERNACIONALES,REGISTRO COMPLETO,2016-02,2016-01,2016-02,SAN JUAN DE LURIGANCHO,14/04/2026 14:01:23
407,1era. convocatoria,Universidad,UNIVERSIDAD DE PIURA,SEDE MIRAFLORES,ECONOMIA,REGISTRO COMPLETO,2015-11,2015-11,2015-11,CHURUJA,14/04/2026 14:01:23
408,1era. convocatoria,Universidad,PONTIFICIA UNIVERSIDAD CATOLICA DEL PERU,SEDE SAN MIGUEL,ECONOMIA,REGISTRO COMPLETO,2016-02,2016-01,2016-02,PUNO,14/04/2026 14:01:23
409,1era. convocatoria,Universidad,PONTIFICIA UNIVERSIDAD CATOLICA DEL PERU,SEDE SAN MIGUEL,ECONOMIA,EN PROCESO DE REGISTRO,,2016-01,,LA VICTORIA,14/04/2026 14:01:23
410,2da. convocatoria,Universidad,PONTIFICIA UNIVERSIDAD CATOLICA DEL PERU,SEDE SAN MIGUEL,ECONOMIA,REGISTRO COMPLETO,2016-09,2016-08,2016-09,LOS OLIVOS,14/04/2026 14:01:23
411,1era. convocatoria,Universidad,UNIVERSIDAD DEL PACIFICO,SEDE JESUS MARIA,ECONOMIA,REGISTRO COMPLETO,2016-02,2016-01,2016-02,NASCA,14/04/2026 14:01:23
412,2da. convocatoria,Universidad,UNIVERSIDAD DEL PACIFICO,SEDE JESUS MARIA,ECONOMIA,REGISTRO COMPLETO,2016-06,2016-06,2016-06,CARMEN DE LA LEGUA REYNOSO,14/04/2026 14:01:23
413,1era. convocatoria,Universidad,UNIVERSIDAD DEL PACIFICO,SEDE JESUS MARIA,ECONOMIA,REGISTRO COMPLETO,2016-01,2016-01,,CHICLAYO,14/04/2026 14:01:23
414,2da. convocatoria,Universidad,UNIVERSIDAD DEL PACIFICO,SEDE JESUS MARIA,ECONOMIA,REGISTRO COMPLETO,2016-06,2016-06,,SAN MIGUEL,14/04/2026 14:01:23
415,1era. convocatoria,Universidad,UNIVERSIDAD DEL PACIFICO,SEDE JESUS MARIA,ECONOMIA,REGISTRO COMPLETO,2016-01,2016-01,,SAN JUAN DE LURIGANCHO,14/04/2026 14:01:23
416,2da. convocatoria,Universidad,UNIVERSIDAD DEL PACIFICO,SEDE JESUS MARIA,ECONOMIA,REGISTRO COMPLETO,2016-07,2016-06,2016-07,LA VICTORIA,14/04/2026 14:01:23
417,1era. convocatoria,Universidad,UNIVERSIDAD DEL PACIFICO,SEDE JESUS MARIA,ADMINISTRACION,REGISTRO COMPLETO,2016-01,2016-01,,CHORRILLOS,14/04/2026 14:01:23
418,1era. convocatoria,Universidad,UNIVERSIDAD DEL PACIFICO,SEDE JESUS MARIA,ADMINISTRACION,REGISTRO COMPLETO,2016-01,2016-01,,SAN MIGUEL,14/04/2026 14:01:23
419,1era. convocatoria,Universidad,UNIVERSIDAD DEL PACIFICO,SEDE JESUS MARIA,ADMINISTRACION,EN PROCESO DE REGISTRO,,2016-01,,SAN JUAN DE LURIGANCHO,14/04/2026 14:01:23
420,1era. convocatoria,Universidad,UNIVERSIDAD DEL PACIFICO,SEDE JESUS MARIA,ADMINISTRACION,REGISTRO COMPLETO,2016-02,2016-01,2016-02,JESUS MARIA,14/04/2026 14:01:23
421,1era. convocatoria,Universidad,UNIVERSIDAD DE INGENIERIA Y TECNOLOGIA,SEDE BARRANCO,INGENIERIA DE LA ENERGIA,REGISTRO COMPLETO,2015-12,2015-11,,LOS OLIVOS,14/04/2026 14:01:23
422,1era. convocatoria,Universidad,UNIVERSIDAD DE INGENIERIA Y TECNOLOGIA,SEDE BARRANCO,INGENIERIA DE LA ENERGIA,REGISTRO COMPLETO,2016-02,2016-02,,BELLAVISTA,14/04/2026 14:01:23
423,1era. convocatoria,Universidad,UNIVERSIDAD DE INGENIERIA Y TECNOLOGIA,SEDE BARRANCO,INGENIERIA QUIMICA INDUSTRIAL,REGISTRO COMPLETO,2015-12,2015-11,,SAN JUAN DE LURIGANCHO,14/04/2026 14:01:23
424,1era. convocatoria,Universidad,UNIVERSIDAD DE INGENIERIA Y TECNOLOGIA,SEDE BARRANCO,INGENIERIA QUIMICA INDUSTRIAL,REGISTRO COMPLETO,2016-02,2016-02,2016-02,SAN LUIS,14/04/2026 14:01:23
425,1era. convocatoria,Universidad,UNIVERSIDAD DE INGENIERIA Y TECNOLOGIA,SEDE BARRANCO,INGENIERIA QUIMICA INDUSTRIAL,REGISTRO COMPLETO,2016-02,2016-02,2016-02,BELLAVISTA,14/04/2026 14:01:23
426,1era. convocatoria,Universidad,PONTIFICIA UNIVERSIDAD CATOLICA DEL PERU,SEDE SAN MIGUEL,INGENIERIA DE LAS TELECOMUNICACIONES,REGISTRO COMPLETO,2016-02,2016-01,2016-02,LIMA,14/04/2026 14:01:23
427,1era. convocatoria,Universidad,UNIVERSIDAD DEL PACIFICO,SEDE JESUS MARIA,FINANZAS,REGISTRO COMPLETO,2016-01,2016-01,,SAN MARTIN DE PORRES,14/04/2026 14:01:23
428,1era. convocatoria,Universidad,UNIVERSIDAD DEL PACIFICO,SEDE JESUS MARIA,FINANZAS,REGISTRO COMPLETO,2016-02,2016-01,2016-02,JESUS MARIA,14/04/2026 14:01:23
429,1era. convocatoria,Instituto de Educación Superior,TECSUP TRUJILLO,SEDE TRUJILLO,MANTENIMIENTO Y GESTION DE EQUIPO PESADO,REGISTRO COMPLETO,2016-02,2016-02,2016-02,HUALLANCA,14/04/2026 14:01:23
430,1era. convocatoria,Instituto de Educación Superior,TECSUP TRUJILLO,SEDE TRUJILLO,MANTENIMIENTO Y GESTION DE EQUIPO PESADO,REGISTRO COMPLETO,2016-02,2016-02,2016-02,COISHCO,14/04/2026 14:01:23
431,1era. convocatoria,Instituto de Educación Superior,TECSUP TRUJILLO,SEDE TRUJILLO,MANTENIMIENTO Y GESTION DE EQUIPO PESADO,REGISTRO COMPLETO,2016-02,2016-02,2016-02,NUEVO CHIMBOTE,14/04/2026 14:01:23
432,2da. convocatoria,Instituto de Educación Superior,TECSUP TRUJILLO,SEDE TRUJILLO,MANTENIMIENTO Y GESTION DE EQUIPO PESADO,EN PROCESO DE REGISTRO,,2016-06,,CHAPIMARCA,14/04/2026 14:01:23
433,1era. convocatoria,Instituto de Educación Superior,TECSUP TRUJILLO,SEDE TRUJILLO,MANTENIMIENTO Y GESTION DE EQUIPO PESADO,REGISTRO COMPLETO,2016-02,2016-02,2016-02,SAN JUAN,14/04/2026 14:01:23
434,1era. convocatoria,Instituto de Educación Superior,TECSUP TRUJILLO,SEDE TRUJILLO,MANTENIMIENTO Y GESTION DE EQUIPO PESADO,REGISTRO COMPLETO,2016-02,2016-02,2016-02,SAN PABLO,14/04/2026 14:01:23
435,1era. convocatoria,Instituto de Educación Superior,TECSUP TRUJILLO,SEDE TRUJILLO,MANTENIMIENTO Y GESTION DE EQUIPO PESADO,REGISTRO COMPLETO,2016-02,2016-02,,RIOJA,14/04/2026 14:01:23
436,1era. convocatoria,Instituto de Educación Superior,TECSUP TRUJILLO,SEDE TRUJILLO,MANTENIMIENTO Y GESTION DE EQUIPO PESADO,REGISTRO COMPLETO,2016-02,2016-02,,ELIAS SOPLIN VARGAS,14/04/2026 14:01:23
437,1era. convocatoria,Instituto de Educación Superior,TECSUP TRUJILLO,SEDE TRUJILLO,MANTENIMIENTO Y GESTION DE EQUIPO PESADO,REGISTRO COMPLETO,2016-02,2016-02,,NUEVA CAJAMARCA,14/04/2026 14:01:23
438,2da. convocatoria,Instituto de Educación Superior,TECSUP TRUJILLO,SEDE TRUJILLO,MANTENIMIENTO Y GESTION DE EQUIPO PESADO,EN PROCESO DE REGISTRO,,2016-08,,,14/04/2026 14:01:23
439,1era. convocatoria,Instituto de Educación Superior,TECSUP TRUJILLO,SEDE TRUJILLO,MANTENIMIENTO Y GESTION DE EQUIPO PESADO,REGISTRO COMPLETO,2016-02,2016-02,,VIRU,14/04/2026 14:01:23
440,1era. convocatoria,Instituto de Educación Superior,TECSUP TRUJILLO,SEDE TRUJILLO,MANTENIMIENTO Y GESTION DE EQUIPO PESADO,REGISTRO COMPLETO,2016-02,2016-02,2016-02,IQUITOS,14/04/2026 14:01:23
441,1era. convocatoria,Instituto de Educación Superior,TECSUP TRUJILLO,SEDE TRUJILLO,MANTENIMIENTO Y GESTION DE EQUIPO PESADO,REGISTRO COMPLETO,2016-03,2016-03,,HUANCABAMBA,14/04/2026 14:01:23
442,1era. convocatoria,Instituto de Educación Superior,TECSUP TRUJILLO,SEDE TRUJILLO,MANTENIMIENTO Y GESTION DE EQUIPO PESADO,REGISTRO COMPLETO,2016-03,2016-03,,SULLANA,14/04/2026 14:01:23
443,1era. convocatoria,Instituto de Educación Superior,TECSUP TRUJILLO,SEDE TRUJILLO,MANTENIMIENTO Y GESTION DE EQUIPO PESADO,REGISTRO COMPLETO,2016-02,2016-02,2016-02,SULLANA,14/04/2026 14:01:23
444,1era. convocatoria,Instituto de Educación Superior,TECSUP TRUJILLO,SEDE TRUJILLO,MANTENIMIENTO Y GESTION DE EQUIPO PESADO,REGISTRO COMPLETO,2016-02,2016-02,,SULLANA,14/04/2026 14:01:23
445,1era. convocatoria,Instituto de Educación Superior,TECSUP TRUJILLO,SEDE TRUJILLO,MANTENIMIENTO Y GESTION DE EQUIPO PESADO,REGISTRO COMPLETO,2016-02,2016-02,,HUAMACHUCO,14/04/2026 14:01:23
446,1era. convocatoria,Instituto de Educación Superior,TECSUP TRUJILLO,SEDE TRUJILLO,MANTENIMIENTO Y GESTION DE EQUIPO PESADO,REGISTRO COMPLETO,2016-02,2016-02,2016-02,COCHORCO,14/04/2026 14:01:23
447,1era. convocatoria,Instituto de Educación Superior,TECSUP TRUJILLO,SEDE TRUJILLO,MANTENIMIENTO Y GESTION DE EQUIPO PESADO,REGISTRO COMPLETO,2016-02,2016-02,2016-02,SANAGORAN,14/04/2026 14:01:23
448,1era. convocatoria,Instituto de Educación Superior,TECSUP TRUJILLO,SEDE TRUJILLO,MANTENIMIENTO Y GESTION DE EQUIPO PESADO,REGISTRO COMPLETO,2016-02,2016-02,2016-02,SANAGORAN,14/04/2026 14:01:23
449,1era. convocatoria,Instituto de Educación Superior,TECSUP TRUJILLO,SEDE TRUJILLO,MANTENIMIENTO Y GESTION DE EQUIPO PESADO,REGISTRO COMPLETO,2016-02,2016-02,2016-02,SANAGORAN,14/04/2026 14:01:23
450,1era. convocatoria,Instituto de Educación Superior,TECSUP TRUJILLO,SEDE TRUJILLO,MANTENIMIENTO Y GESTION DE EQUIPO PESADO,REGISTRO COMPLETO,2016-02,2016-02,2016-02,SITABAMBA,14/04/2026 14:01:23
451,1era. convocatoria,Instituto de Educación Superior,TECSUP TRUJILLO,SEDE TRUJILLO,MANTENIMIENTO Y GESTION DE EQUIPO PESADO,REGISTRO COMPLETO,2016-03,2016-03,,HUASO,14/04/2026 14:01:23
452,1era. convocatoria,Instituto de Educación Superior,TECSUP TRUJILLO,SEDE TRUJILLO,MANTENIMIENTO Y GESTION DE EQUIPO PESADO,REGISTRO COMPLETO,2016-02,2016-02,2016-02,SAN PEDRO DE LLOC,14/04/2026 14:01:23
453,1era. convocatoria,Instituto de Educación Superior,TECSUP TRUJILLO,SEDE TRUJILLO,MANTENIMIENTO Y GESTION DE EQUIPO PESADO,REGISTRO COMPLETO,2016-03,2016-02,2016-03,PACASMAYO,14/04/2026 14:01:23
454,1era. convocatoria,Instituto de Educación Superior,TECSUP TRUJILLO,SEDE TRUJILLO,MANTENIMIENTO Y GESTION DE EQUIPO PESADO,REGISTRO COMPLETO,2016-02,2016-02,2016-02,HUAMACHUCO,14/04/2026 14:01:23
455,1era. convocatoria,Instituto de Educación Superior,TECSUP TRUJILLO,SEDE TRUJILLO,MANTENIMIENTO Y GESTION DE EQUIPO PESADO,REGISTRO COMPLETO,2016-02,2016-02,2016-02,HUAMACHUCO,14/04/2026 14:01:23
456,1era. convocatoria,Instituto de Educación Superior,TECSUP TRUJILLO,SEDE TRUJILLO,MANTENIMIENTO Y GESTION DE EQUIPO PESADO,REGISTRO COMPLETO,2016-02,2016-02,,HUAMACHUCO,14/04/2026 14:01:23
457,1era. convocatoria,Instituto de Educación Superior,TECSUP TRUJILLO,SEDE TRUJILLO,MANTENIMIENTO Y GESTION DE EQUIPO PESADO,REGISTRO COMPLETO,2016-02,2016-02,,CHEPEN,14/04/2026 14:01:23
458,1era. convocatoria,Instituto de Educación Superior,TECSUP TRUJILLO,SEDE TRUJILLO,MANTENIMIENTO Y GESTION DE EQUIPO PESADO,REGISTRO COMPLETO,2016-02,2016-02,2016-02,CHEPEN,14/04/2026 14:01:23
459,1era. convocatoria,Instituto de Educación Superior,TECSUP TRUJILLO,SEDE TRUJILLO,MANTENIMIENTO Y GESTION DE EQUIPO PESADO,REGISTRO COMPLETO,2016-02,2016-02,2016-02,CHEPEN,14/04/2026 14:01:23
460,1era. convocatoria,Instituto de Educación Superior,TECSUP TRUJILLO,SEDE TRUJILLO,MANTENIMIENTO Y GESTION DE EQUIPO PESADO,REGISTRO COMPLETO,2016-02,2016-02,2016-02,CALAMARCA,14/04/2026 14:01:23
461,1era. convocatoria,Instituto de Educación Superior,TECSUP TRUJILLO,SEDE TRUJILLO,MANTENIMIENTO Y GESTION DE EQUIPO PESADO,REGISTRO COMPLETO,2016-02,2016-02,,CALAMARCA,14/04/2026 14:01:23
462,1era. convocatoria,Instituto de Educación Superior,TECSUP TRUJILLO,SEDE TRUJILLO,MANTENIMIENTO Y GESTION DE EQUIPO PESADO,REGISTRO COMPLETO,2016-02,2016-02,2016-02,CARABAMBA,14/04/2026 14:01:23
463,1era. convocatoria,Instituto de Educación Superior,TECSUP TRUJILLO,SEDE TRUJILLO,MANTENIMIENTO Y GESTION DE EQUIPO PESADO,REGISTRO COMPLETO,2016-02,2016-02,2016-02,CHICAMA,14/04/2026 14:01:23
464,1era. convocatoria,Instituto de Educación Superior,TECSUP TRUJILLO,SEDE TRUJILLO,MANTENIMIENTO Y GESTION DE EQUIPO PESADO,REGISTRO COMPLETO,2016-02,2016-02,,MAGDALENA DE CAO,14/04/2026 14:01:23
465,1era. convocatoria,Instituto de Educación Superior,TECSUP TRUJILLO,SEDE TRUJILLO,MANTENIMIENTO Y GESTION DE EQUIPO PESADO,REGISTRO COMPLETO,2016-03,2016-03,,PAIJAN,14/04/2026 14:01:23
466,1era. convocatoria,Instituto de Educación Superior,TECSUP TRUJILLO,SEDE TRUJILLO,MANTENIMIENTO Y GESTION DE EQUIPO PESADO,REGISTRO COMPLETO,2016-02,2016-02,2016-02,CASA GRANDE,14/04/2026 14:01:23
467,1era. convocatoria,Instituto de Educación Superior,TECSUP TRUJILLO,SEDE TRUJILLO,MANTENIMIENTO Y GESTION DE EQUIPO PESADO,REGISTRO COMPLETO,2016-02,2016-02,2016-02,CASA GRANDE,14/04/2026 14:01:23
468,1era. convocatoria,Instituto de Educación Superior,TECSUP TRUJILLO,SEDE TRUJILLO,MANTENIMIENTO Y GESTION DE EQUIPO PESADO,REGISTRO COMPLETO,2016-02,2016-02,,CASA GRANDE,14/04/2026 14:01:23
469,1era. convocatoria,Instituto de Educación Superior,TECSUP TRUJILLO,SEDE TRUJILLO,MANTENIMIENTO Y GESTION DE EQUIPO PESADO,REGISTRO COMPLETO,2016-02,2016-02,,CHICAMA,14/04/2026 14:01:23
470,1era. convocatoria,Instituto de Educación Superior,TECSUP TRUJILLO,SEDE TRUJILLO,MANTENIMIENTO Y GESTION DE EQUIPO PESADO,REGISTRO COMPLETO,2016-02,2016-02,2016-02,CHICAMA,14/04/2026 14:01:23
471,1era. convocatoria,Instituto de Educación Superior,TECSUP TRUJILLO,SEDE TRUJILLO,MANTENIMIENTO Y GESTION DE EQUIPO PESADO,REGISTRO COMPLETO,2016-02,2016-02,,CHICAMA,14/04/2026 14:01:23
472,1era. convocatoria,Instituto de Educación Superior,TECSUP TRUJILLO,SEDE TRUJILLO,MANTENIMIENTO Y GESTION DE EQUIPO PESADO,REGISTRO COMPLETO,2016-02,2016-02,2016-02,CHICAMA,14/04/2026 14:01:23
473,1era. convocatoria,Instituto de Educación Superior,TECSUP TRUJILLO,SEDE TRUJILLO,MANTENIMIENTO Y GESTION DE EQUIPO PESADO,REGISTRO COMPLETO,2016-02,2016-02,2016-02,CHICAMA,14/04/2026 14:01:23
474,1era. convocatoria,Instituto de Educación Superior,TECSUP TRUJILLO,SEDE TRUJILLO,MANTENIMIENTO Y GESTION DE EQUIPO PESADO,REGISTRO COMPLETO,2016-02,2016-02,2016-02,CHICAMA,14/04/2026 14:01:23
475,1era. convocatoria,Instituto de Educación Superior,TECSUP TRUJILLO,SEDE TRUJILLO,MANTENIMIENTO Y GESTION DE EQUIPO PESADO,REGISTRO COMPLETO,2016-02,2016-02,2016-02,VICTOR LARCO HERRERA,14/04/2026 14:01:23
476,1era. convocatoria,Instituto de Educación Superior,TECSUP TRUJILLO,SEDE TRUJILLO,MANTENIMIENTO Y GESTION DE EQUIPO PESADO,REGISTRO COMPLETO,2016-02,2016-02,2016-02,VICTOR LARCO HERRERA,14/04/2026 14:01:23
477,1era. convocatoria,Instituto de Educación Superior,TECSUP TRUJILLO,SEDE TRUJILLO,MANTENIMIENTO Y GESTION DE EQUIPO PESADO,REGISTRO COMPLETO,2016-02,2016-02,2016-02,VICTOR LARCO HERRERA,14/04/2026 14:01:23
478,1era. convocatoria,Instituto de Educación Superior,TECSUP TRUJILLO,SEDE TRUJILLO,MANTENIMIENTO Y GESTION DE EQUIPO PESADO,REGISTRO COMPLETO,2016-02,2016-02,2016-02,VICTOR LARCO HERRERA,14/04/2026 14:01:23
479,1era. convocatoria,Instituto de Educación Superior,TECSUP TRUJILLO,SEDE TRUJILLO,MANTENIMIENTO Y GESTION DE EQUIPO PESADO,REGISTRO COMPLETO,2016-02,2016-02,2016-02,CHICAMA,14/04/2026 14:01:23
480,1era. convocatoria,Instituto de Educación Superior,TECSUP TRUJILLO,SEDE TRUJILLO,MANTENIMIENTO Y GESTION DE EQUIPO PESADO,REGISTRO COMPLETO,2016-03,2016-03,,CHICAMA,14/04/2026 14:01:23
481,1era. convocatoria,Instituto de Educación Superior,TECSUP TRUJILLO,SEDE TRUJILLO,MANTENIMIENTO Y GESTION DE EQUIPO PESADO,REGISTRO COMPLETO,2016-02,2016-02,,MOCHE,14/04/2026 14:01:23
482,1era. convocatoria,Instituto de Educación Superior,TECSUP TRUJILLO,SEDE TRUJILLO,MANTENIMIENTO Y GESTION DE EQUIPO PESADO,REGISTRO COMPLETO,2016-02,2016-02,2016-02,VICTOR LARCO HERRERA,14/04/2026 14:01:23
483,1era. convocatoria,Instituto de Educación Superior,TECSUP TRUJILLO,SEDE TRUJILLO,MANTENIMIENTO Y GESTION DE EQUIPO PESADO,REGISTRO COMPLETO,2016-02,2016-02,2016-02,VICTOR LARCO HERRERA,14/04/2026 14:01:23
484,1era. convocatoria,Instituto de Educación Superior,TECSUP TRUJILLO,SEDE TRUJILLO,MANTENIMIENTO Y GESTION DE EQUIPO PESADO,REGISTRO COMPLETO,2016-02,2016-02,2016-02,VICTOR LARCO HERRERA,14/04/2026 14:01:23
485,1era. convocatoria,Instituto de Educación Superior,TECSUP TRUJILLO,SEDE TRUJILLO,MANTENIMIENTO Y GESTION DE EQUIPO PESADO,REGISTRO COMPLETO,2016-02,2016-02,2016-02,VICTOR LARCO HERRERA,14/04/2026 14:01:23
486,1era. convocatoria,Instituto de Educación Superior,TECSUP TRUJILLO,SEDE TRUJILLO,MANTENIMIENTO Y GESTION DE EQUIPO PESADO,REGISTRO COMPLETO,2016-02,2016-02,2016-02,VICTOR LARCO HERRERA,14/04/2026 14:01:23
487,1era. convocatoria,Instituto de Educación Superior,TECSUP TRUJILLO,SEDE TRUJILLO,MANTENIMIENTO Y GESTION DE EQUIPO PESADO,REGISTRO COMPLETO,2016-02,2016-02,2016-02,LA ESPERANZA,14/04/2026 14:01:23
488,1era. convocatoria,Instituto de Educación Superior,TECSUP TRUJILLO,SEDE TRUJILLO,MANTENIMIENTO Y GESTION DE EQUIPO PESADO,REGISTRO COMPLETO,2016-02,2016-02,,LA ESPERANZA,14/04/2026 14:01:23
489,1era. convocatoria,Instituto de Educación Superior,TECSUP TRUJILLO,SEDE TRUJILLO,MANTENIMIENTO Y GESTION DE EQUIPO PESADO,REGISTRO COMPLETO,2016-02,2016-02,,LA ESPERANZA,14/04/2026 14:01:23
490,1era. convocatoria,Instituto de Educación Superior,TECSUP TRUJILLO,SEDE TRUJILLO,MANTENIMIENTO Y GESTION DE EQUIPO PESADO,REGISTRO COMPLETO,2016-02,2016-02,2016-02,LA ESPERANZA,14/04/2026 14:01:23
491,1era. convocatoria,Instituto de Educación Superior,TECSUP TRUJILLO,SEDE TRUJILLO,MANTENIMIENTO Y GESTION DE EQUIPO PESADO,REGISTRO COMPLETO,2016-02,2016-02,2016-02,LA ESPERANZA,14/04/2026 14:01:23
492,1era. convocatoria,Instituto de Educación Superior,TECSUP TRUJILLO,SEDE TRUJILLO,MANTENIMIENTO Y GESTION DE EQUIPO PESADO,REGISTRO COMPLETO,2016-02,2016-02,2016-02,LAREDO,14/04/2026 14:01:23
493,1era. convocatoria,Instituto de Educación Superior,TECSUP TRUJILLO,SEDE TRUJILLO,MANTENIMIENTO Y GESTION DE EQUIPO PESADO,REGISTRO COMPLETO,2016-03,2016-02,2016-03,FLORENCIA DE MORA,14/04/2026 14:01:23
494,1era. convocatoria,Instituto de Educación Superior,TECSUP TRUJILLO,SEDE TRUJILLO,MANTENIMIENTO Y GESTION DE EQUIPO PESADO,REGISTRO COMPLETO,2016-02,2016-02,,HUANCHACO,14/04/2026 14:01:23
495,1era. convocatoria,Instituto de Educación Superior,TECSUP TRUJILLO,SEDE TRUJILLO,MANTENIMIENTO Y GESTION DE EQUIPO PESADO,REGISTRO COMPLETO,2016-02,2016-02,2016-02,HUANCHACO,14/04/2026 14:01:23
496,1era. convocatoria,Instituto de Educación Superior,TECSUP TRUJILLO,SEDE TRUJILLO,MANTENIMIENTO Y GESTION DE EQUIPO PESADO,REGISTRO COMPLETO,2016-02,2016-02,2016-02,LA ESPERANZA,14/04/2026 14:01:23
497,1era. convocatoria,Instituto de Educación Superior,TECSUP TRUJILLO,SEDE TRUJILLO,MANTENIMIENTO Y GESTION DE EQUIPO PESADO,REGISTRO COMPLETO,2016-02,2016-02,2016-02,LA ESPERANZA,14/04/2026 14:01:23
498,1era. convocatoria,Instituto de Educación Superior,TECSUP TRUJILLO,SEDE TRUJILLO,MANTENIMIENTO Y GESTION DE EQUIPO PESADO,REGISTRO COMPLETO,2016-02,2016-02,2016-02,LA ESPERANZA,14/04/2026 14:01:23
499,1era. convocatoria,Instituto de Educación Superior,TECSUP TRUJILLO,SEDE TRUJILLO,MANTENIMIENTO Y GESTION DE EQUIPO PESADO,REGISTRO COMPLETO,2016-02,2016-02,2016-02,EL PORVENIR,14/04/2026 14:01:23
500,1era. convocatoria,Instituto de Educación Superior,TECSUP TRUJILLO,SEDE TRUJILLO,MANTENIMIENTO Y GESTION DE EQUIPO PESADO,REGISTRO COMPLETO,2016-02,2016-02,2016-02,EL PORVENIR,14/04/2026 14:01:23
101,1era. convocatoria,Universidad,UNIVERSIDAD DE INGENIERIA Y TECNOLOGIA,SEDE BARRANCO,INGENIERIA INDUSTRIAL,REGISTRO COMPLETO,2016-02,2016-02,2016-02,SAN JUAN DE MIRAFLORES,14/04/2026 14:01:23
102,1era. convocatoria,Universidad,UNIVERSIDAD DE INGENIERIA Y TECNOLOGIA,SEDE BARRANCO,INGENIERIA INDUSTRIAL,REGISTRO COMPLETO,2015-12,2015-11,,SAN MARTIN DE PORRES,14/04/2026 14:01:23
103,1era. convocatoria,Universidad,UNIVERSIDAD DE INGENIERIA Y TECNOLOGIA,SEDE BARRANCO,INGENIERIA INDUSTRIAL,REGISTRO COMPLETO,2015-12,2015-11,,SAN MARTIN DE PORRES,14/04/2026 14:01:23
104,1era. convocatoria,Universidad,PONTIFICIA UNIVERSIDAD CATOLICA DEL PERU,SEDE SAN MIGUEL,INGENIERIA INDUSTRIAL,REGISTRO COMPLETO,2015-12,2015-12,,JOSE LEONARDO ORTIZ,14/04/2026 14:01:23
105,2da. convocatoria,Universidad,PONTIFICIA UNIVERSIDAD CATOLICA DEL PERU,SEDE SAN MIGUEL,INGENIERIA INDUSTRIAL,REGISTRO COMPLETO,2016-09,2016-08,2016-09,LIMA,14/04/2026 14:01:23
106,1era. convocatoria,Universidad,PONTIFICIA UNIVERSIDAD CATOLICA DEL PERU,SEDE SAN MIGUEL,INGENIERIA INDUSTRIAL,EN PROCESO DE REGISTRO,,2015-12,,LIMA,14/04/2026 14:01:23
107,1era. convocatoria,Universidad,PONTIFICIA UNIVERSIDAD CATOLICA DEL PERU,SEDE SAN MIGUEL,INGENIERIA INDUSTRIAL,REGISTRO COMPLETO,2016-02,2016-01,2016-02,BREÑA,14/04/2026 14:01:23
108,2da. convocatoria,Universidad,PONTIFICIA UNIVERSIDAD CATOLICA DEL PERU,SEDE SAN MIGUEL,INGENIERIA INDUSTRIAL,REGISTRO COMPLETO,2016-08,2016-08,2016-08,CARABAYLLO,14/04/2026 14:01:23
109,1era. convocatoria,Universidad,PONTIFICIA UNIVERSIDAD CATOLICA DEL PERU,SEDE SAN MIGUEL,INGENIERIA INDUSTRIAL,REGISTRO COMPLETO,2016-01,2016-01,2016-01,EL AGUSTINO,14/04/2026 14:01:23
110,1era. convocatoria,Universidad,PONTIFICIA UNIVERSIDAD CATOLICA DEL PERU,SEDE SAN MIGUEL,INGENIERIA INDUSTRIAL,REGISTRO COMPLETO,2016-01,2016-01,,SAN MARTIN DE PORRES,14/04/2026 14:01:23
111,1era. convocatoria,Universidad,PONTIFICIA UNIVERSIDAD CATOLICA DEL PERU,SEDE SAN MIGUEL,INGENIERIA INDUSTRIAL,REGISTRO COMPLETO,2016-01,2016-01,2016-01,SAN MIGUEL,14/04/2026 14:01:23
112,1era. convocatoria,Universidad,PONTIFICIA UNIVERSIDAD CATOLICA DEL PERU,SEDE SAN MIGUEL,INGENIERIA INDUSTRIAL,REGISTRO COMPLETO,2016-02,2016-01,2016-02,SANTIAGO DE SURCO,14/04/2026 14:01:23
113,2da. convocatoria,Universidad,PONTIFICIA UNIVERSIDAD CATOLICA DEL PERU,SEDE SAN MIGUEL,INGENIERIA INDUSTRIAL,REGISTRO COMPLETO,2016-08,2016-08,2017-01,SAN MIGUEL,14/04/2026 14:01:23
114,2da. convocatoria,Universidad,PONTIFICIA UNIVERSIDAD CATOLICA DEL PERU,SEDE SAN MIGUEL,INGENIERIA INDUSTRIAL,REGISTRO COMPLETO,2016-08,2016-08,,SANTIAGO DE SURCO,14/04/2026 14:01:23
115,2da. convocatoria,Universidad,PONTIFICIA UNIVERSIDAD CATOLICA DEL PERU,SEDE SAN MIGUEL,INGENIERIA INDUSTRIAL,REGISTRO COMPLETO,2016-08,2016-08,2017-01,SANTIAGO DE SURCO,14/04/2026 14:01:23
116,2da. convocatoria,Universidad,PONTIFICIA UNIVERSIDAD CATOLICA DEL PERU,SEDE SAN MIGUEL,INGENIERIA INDUSTRIAL,REGISTRO COMPLETO,2016-08,2016-08,2016-08,LOS OLIVOS,14/04/2026 14:01:23
117,1era. convocatoria,Universidad,PONTIFICIA UNIVERSIDAD CATOLICA DEL PERU,SEDE SAN MIGUEL,INGENIERIA INDUSTRIAL,REGISTRO COMPLETO,2016-01,2016-01,,PUENTE PIEDRA,14/04/2026 14:01:23
118,1era. convocatoria,Universidad,PONTIFICIA UNIVERSIDAD CATOLICA DEL PERU,SEDE SAN MIGUEL,INGENIERIA INDUSTRIAL,REGISTRO COMPLETO,2016-01,2016-01,,PUENTE PIEDRA,14/04/2026 14:01:23
119,2da. convocatoria,Universidad,PONTIFICIA UNIVERSIDAD CATOLICA DEL PERU,SEDE SAN MIGUEL,INGENIERIA INDUSTRIAL,REGISTRO COMPLETO,2016-08,2016-08,2016-08,PUENTE PIEDRA,14/04/2026 14:01:23
120,2da. convocatoria,Universidad,PONTIFICIA UNIVERSIDAD CATOLICA DEL PERU,SEDE SAN MIGUEL,INGENIERIA INDUSTRIAL,REGISTRO COMPLETO,2016-09,2016-08,2016-09,SAN JUAN DE LURIGANCHO,14/04/2026 14:01:23
121,2da. convocatoria,Universidad,PONTIFICIA UNIVERSIDAD CATOLICA DEL PERU,SEDE SAN MIGUEL,INGENIERIA INDUSTRIAL,REGISTRO COMPLETO,2016-08,2016-08,,SAN MARTIN DE PORRES,14/04/2026 14:01:23
122,2da. convocatoria,Universidad,PONTIFICIA UNIVERSIDAD CATOLICA DEL PERU,SEDE SAN MIGUEL,INGENIERIA MECANICA,REGISTRO COMPLETO,2016-08,2016-08,,PUENTE PIEDRA,14/04/2026 14:01:23
123,1era. convocatoria,Universidad,PONTIFICIA UNIVERSIDAD CATOLICA DEL PERU,SEDE SAN MIGUEL,INGENIERIA MECANICA,REGISTRO COMPLETO,2016-02,2016-01,2016-01,SAN MARTIN DE PORRES,14/04/2026 14:01:23
124,2da. convocatoria,Universidad,PONTIFICIA UNIVERSIDAD CATOLICA DEL PERU,SEDE SAN MIGUEL,INGENIERIA MECANICA,REGISTRO COMPLETO,2016-08,2016-08,,EL AGUSTINO,14/04/2026 14:01:23
125,2da. convocatoria,Universidad,UNIVERSIDAD DE INGENIERIA Y TECNOLOGIA,SEDE BARRANCO,INGENIERIA MECANICA,REGISTRO COMPLETO,2016-12,2016-11,2016-12,SAN JUAN DE LURIGANCHO,14/04/2026 14:01:23
126,1era. convocatoria,Universidad,UNIVERSIDAD DE INGENIERIA Y TECNOLOGIA,SEDE BARRANCO,INGENIERIA MECANICA,REGISTRO COMPLETO,2015-12,2015-11,,SAN JUAN DE LURIGANCHO,14/04/2026 14:01:23
127,1era. convocatoria,Universidad,UNIVERSIDAD DE INGENIERIA Y TECNOLOGIA,SEDE BARRANCO,INGENIERIA MECANICA,REGISTRO COMPLETO,2015-12,2015-11,,SAN JUAN DE MIRAFLORES,14/04/2026 14:01:23
128,1era. convocatoria,Universidad,UNIVERSIDAD DE INGENIERIA Y TECNOLOGIA,SEDE BARRANCO,INGENIERIA MECANICA,REGISTRO COMPLETO,2016-02,2016-02,,VILLA EL SALVADOR,14/04/2026 14:01:23
129,2da. convocatoria,Universidad,UNIVERSIDAD DE INGENIERIA Y TECNOLOGIA,SEDE BARRANCO,INGENIERIA MECANICA,REGISTRO COMPLETO,2016-12,2016-11,2016-12,SAN MIGUEL,14/04/2026 14:01:23
130,2da. convocatoria,Universidad,UNIVERSIDAD DE INGENIERIA Y TECNOLOGIA,SEDE BARRANCO,INGENIERIA MECANICA,EN PROCESO DE REGISTRO,,2016-09,,,14/04/2026 14:01:23
131,1era. convocatoria,Universidad,UNIVERSIDAD DE INGENIERIA Y TECNOLOGIA,SEDE BARRANCO,INGENIERIA MECANICA,REGISTRO COMPLETO,2016-02,2016-02,,CARABAYLLO,14/04/2026 14:01:23
132,1era. convocatoria,Universidad,PONTIFICIA UNIVERSIDAD CATOLICA DEL PERU,SEDE SAN MIGUEL,INGENIERIA MECATRONICA,REGISTRO COMPLETO,2016-01,2016-01,2016-01,LIMA,14/04/2026 14:01:23
133,1era. convocatoria,Universidad,PONTIFICIA UNIVERSIDAD CATOLICA DEL PERU,SEDE SAN MIGUEL,INGENIERIA MECATRONICA,EN PROCESO DE REGISTRO,,2015-12,2016-01,CHIMBOTE,14/04/2026 14:01:23
134,2da. convocatoria,Universidad,PONTIFICIA UNIVERSIDAD CATOLICA DEL PERU,SEDE SAN MIGUEL,INGENIERIA MECATRONICA,REGISTRO COMPLETO,2016-08,2016-08,,LIMA,14/04/2026 14:01:23
135,1era. convocatoria,Universidad,UNIVERSIDAD PERUANA CAYETANO HEREDIA,SEDE CENTRAL,MEDICINA VETERINARIA Y ZOOTECNIA,EN PROCESO DE REGISTRO,,2016-02,2016-02,COMAS,14/04/2026 14:01:23
136,1era. convocatoria,Universidad,UNIVERSIDAD PERUANA CAYETANO HEREDIA,SEDE CENTRAL,MEDICINA VETERINARIA Y ZOOTECNIA,REGISTRO COMPLETO,2016-02,2016-02,2016-02,INDEPENDENCIA,14/04/2026 14:01:23
137,1era. convocatoria,Universidad,UNIVERSIDAD PERUANA CAYETANO HEREDIA,SEDE CENTRAL,MEDICINA VETERINARIA Y ZOOTECNIA,EN PROCESO DE REGISTRO,,2016-02,,LIMA,14/04/2026 14:01:23
138,1era. convocatoria,Universidad,UNIVERSIDAD PERUANA CAYETANO HEREDIA,SEDE CENTRAL,MEDICINA VETERINARIA Y ZOOTECNIA,REGISTRO COMPLETO,2016-02,2016-02,2016-02,VENTANILLA,14/04/2026 14:01:23
139,1era. convocatoria,Universidad,UNIVERSIDAD PERUANA CAYETANO HEREDIA,SEDE CENTRAL,MEDICINA VETERINARIA Y ZOOTECNIA,REGISTRO COMPLETO,2016-03,2016-02,2016-02,BELLAVISTA,14/04/2026 14:01:23
140,2da. convocatoria,Universidad,UNIVERSIDAD PERUANA CAYETANO HEREDIA,SEDE CENTRAL,MEDICINA VETERINARIA Y ZOOTECNIA,EN PROCESO DE REGISTRO,,2016-08,,,14/04/2026 14:01:23
141,2da. convocatoria,Universidad,UNIVERSIDAD PERUANA CAYETANO HEREDIA,SEDE CENTRAL,MEDICINA VETERINARIA Y ZOOTECNIA,REGISTRO COMPLETO,2016-08,2016-08,,SANTIAGO DE SURCO,14/04/2026 14:01:23
142,1era. convocatoria,Universidad,UNIVERSIDAD PERUANA CAYETANO HEREDIA,SEDE CENTRAL,MEDICINA VETERINARIA Y ZOOTECNIA,REGISTRO COMPLETO,2016-02,2016-02,2016-02,SAN BORJA,14/04/2026 14:01:23
143,1era. convocatoria,Universidad,UNIVERSIDAD PERUANA CAYETANO HEREDIA,SEDE CENTRAL,MEDICINA VETERINARIA Y ZOOTECNIA,EN PROCESO DE REGISTRO,,2016-02,2016-02,SAN MARTIN DE PORRES,14/04/2026 14:01:23
144,1era. convocatoria,Universidad,UNIVERSIDAD PERUANA CAYETANO HEREDIA,SEDE CENTRAL,MEDICINA VETERINARIA Y ZOOTECNIA,EN PROCESO DE REGISTRO,,2016-02,,SAN MARTIN DE PORRES,14/04/2026 14:01:23
145,1era. convocatoria,Universidad,UNIVERSIDAD PERUANA CAYETANO HEREDIA,SEDE CENTRAL,MEDICINA VETERINARIA Y ZOOTECNIA,REGISTRO COMPLETO,2016-02,2016-02,2016-02,LA VICTORIA,14/04/2026 14:01:23
146,1era. convocatoria,Universidad,UNIVERSIDAD PERUANA CAYETANO HEREDIA,SEDE CENTRAL,MEDICINA VETERINARIA Y ZOOTECNIA,EN PROCESO DE REGISTRO,,2016-02,,LOS OLIVOS,14/04/2026 14:01:23
147,1era. convocatoria,Universidad,UNIVERSIDAD PERUANA CAYETANO HEREDIA,SEDE CENTRAL,MEDICINA VETERINARIA Y ZOOTECNIA,REGISTRO COMPLETO,2016-02,2016-02,,SURQUILLO,14/04/2026 14:01:23
148,1era. convocatoria,Universidad,UNIVERSIDAD PERUANA CAYETANO HEREDIA,SEDE CENTRAL,MEDICINA VETERINARIA Y ZOOTECNIA,REGISTRO COMPLETO,2016-02,2016-02,,SANTIAGO DE SURCO,14/04/2026 14:01:23
149,1era. convocatoria,Universidad,UNIVERSIDAD PERUANA CAYETANO HEREDIA,SEDE CENTRAL,MEDICINA VETERINARIA Y ZOOTECNIA,EN PROCESO DE REGISTRO,,2016-02,,,14/04/2026 14:01:23
150,1era. convocatoria,Universidad,UNIVERSIDAD PERUANA CAYETANO HEREDIA,SEDE CENTRAL,MEDICINA VETERINARIA Y ZOOTECNIA,EN PROCESO DE REGISTRO,,2016-02,,,14/04/2026 14:01:23
151,1era. convocatoria,Universidad,UNIVERSIDAD PERUANA CAYETANO HEREDIA,SEDE CENTRAL,MEDICINA VETERINARIA Y ZOOTECNIA,EN PROCESO DE REGISTRO,,2016-02,,,14/04/2026 14:01:23
152,1era. convocatoria,Universidad,UNIVERSIDAD PERUANA CAYETANO HEREDIA,SEDE CENTRAL,MEDICINA VETERINARIA Y ZOOTECNIA,EN PROCESO DE REGISTRO,,2016-02,,,14/04/2026 14:01:23
153,1era. convocatoria,Universidad,PONTIFICIA UNIVERSIDAD CATOLICA DEL PERU,SEDE SAN MIGUEL,QUIMICA,REGISTRO COMPLETO,2016-01,2016-01,,LIMA,14/04/2026 14:01:23
154,1era. convocatoria,Universidad,UNIVERSIDAD PERUANA CAYETANO HEREDIA,SEDE CENTRAL,QUIMICA,REGISTRO COMPLETO,2016-02,2016-02,2016-02,SAN MARTIN DE PORRES,14/04/2026 14:01:23
155,1era. convocatoria,Instituto de Educación Superior,IES PRIVADO TECSUP N° 1,SEDE SANTA ANITA,ELECTROTECNIA INDUSTRIAL,REGISTRO COMPLETO,2016-01,2015-12,,EL AGUSTINO,14/04/2026 14:01:23
156,1era. convocatoria,Instituto de Educación Superior,IES PRIVADO TECSUP N° 1,SEDE SANTA ANITA,ELECTROTECNIA INDUSTRIAL,EN PROCESO DE REGISTRO,,2016-03,2016-03,CHACLACAYO,14/04/2026 14:01:23
157,1era. convocatoria,Instituto de Educación Superior,IES PRIVADO TECSUP N° 1,SEDE SANTA ANITA,ELECTROTECNIA INDUSTRIAL,EN PROCESO DE REGISTRO,,2016-03,,ATE,14/04/2026 14:01:23
158,1era. convocatoria,Instituto de Educación Superior,IES PRIVADO TECSUP N° 1,SEDE SANTA ANITA,ELECTROTECNIA INDUSTRIAL,REGISTRO COMPLETO,2016-02,2016-02,2016-02,HUANCAYO,14/04/2026 14:01:23
159,1era. convocatoria,Instituto de Educación Superior,IES PRIVADO TECSUP N° 1,SEDE SANTA ANITA,ELECTROTECNIA INDUSTRIAL,REGISTRO COMPLETO,2016-02,2016-02,,HUANCAYO,14/04/2026 14:01:23
160,1era. convocatoria,Instituto de Educación Superior,IES PRIVADO TECSUP N° 1,SEDE SANTA ANITA,ELECTROTECNIA INDUSTRIAL,REGISTRO COMPLETO,2016-01,2015-12,,VENTANILLA,14/04/2026 14:01:23
161,1era. convocatoria,Instituto de Educación Superior,IES PRIVADO TECSUP N° 1,SEDE SANTA ANITA,ELECTROTECNIA INDUSTRIAL,EN PROCESO DE REGISTRO,,2016-03,,LIMA,14/04/2026 14:01:23
162,2da. convocatoria,Instituto de Educación Superior,IES PRIVADO TECSUP N° 1,SEDE SANTA ANITA,ELECTROTECNIA INDUSTRIAL,ANULADA,,2016-09,,,14/04/2026 14:01:23
163,2da. convocatoria,Instituto de Educación Superior,IES PRIVADO TECSUP N° 1,SEDE SANTA ANITA,ELECTROTECNIA INDUSTRIAL,ANULADA,,2016-10,2017-01,,14/04/2026 14:01:23
164,2da. convocatoria,Instituto de Educación Superior,IES PRIVADO TECSUP N° 1,SEDE SANTA ANITA,ELECTROTECNIA INDUSTRIAL,ANULADA,,2016-10,,,14/04/2026 14:01:23
165,1era. convocatoria,Instituto de Educación Superior,IES PRIVADO TECSUP N° 1,SEDE SANTA ANITA,ELECTROTECNIA INDUSTRIAL,REGISTRO COMPLETO,2016-03,2016-03,,SANTA ANITA,14/04/2026 14:01:23
166,1era. convocatoria,Instituto de Educación Superior,IES PRIVADO TECSUP N° 1,SEDE SANTA ANITA,ELECTROTECNIA INDUSTRIAL,EN PROCESO DE REGISTRO,,2016-02,2016-02,SAN JUAN DE LURIGANCHO,14/04/2026 14:01:23
167,1era. convocatoria,Instituto de Educación Superior,IES PRIVADO TECSUP N° 1,SEDE SANTA ANITA,MANTENIMIENTO DE MAQUINARIA PESADA,REGISTRO COMPLETO,2016-03,2016-02,,LIMA,14/04/2026 14:01:23
168,1era. convocatoria,Instituto de Educación Superior,IES PRIVADO TECSUP N° 1,SEDE SANTA ANITA,MANTENIMIENTO DE MAQUINARIA PESADA,REGISTRO COMPLETO,2016-03,2016-03,,EL TAMBO,14/04/2026 14:01:23
169,2da. convocatoria,Instituto de Educación Superior,IES PRIVADO TECSUP N° 1,SEDE SANTA ANITA,MANTENIMIENTO DE MAQUINARIA PESADA,ANULADA,,2016-08,,EL TAMBO,14/04/2026 14:01:23
170,2da. convocatoria,Instituto de Educación Superior,IES PRIVADO TECSUP N° 1,SEDE SANTA ANITA,MANTENIMIENTO DE MAQUINARIA PESADA,ANULADA,,2016-10,,,14/04/2026 14:01:23
171,1era. convocatoria,Instituto de Educación Superior,IES PRIVADO TECSUP N° 1,SEDE SANTA ANITA,MANTENIMIENTO DE MAQUINARIA PESADA,EN PROCESO DE REGISTRO,,2016-03,,,14/04/2026 14:01:23
172,1era. convocatoria,Instituto de Educación Superior,IES PRIVADO TECSUP N° 1,SEDE SANTA ANITA,MANTENIMIENTO DE MAQUINARIA PESADA,REGISTRO COMPLETO,2016-03,2016-02,,CERRO AZUL,14/04/2026 14:01:23
173,1era. convocatoria,Instituto de Educación Superior,IES PRIVADO TECSUP N° 1,SEDE SANTA ANITA,MANTENIMIENTO DE MAQUINARIA PESADA,EN PROCESO DE REGISTRO,,2016-03,,LOS OLIVOS,14/04/2026 14:01:23
174,1era. convocatoria,Instituto de Educación Superior,IES PRIVADO TECSUP N° 1,SEDE SANTA ANITA,MANTENIMIENTO DE MAQUINARIA PESADA,REGISTRO COMPLETO,2016-02,2016-02,2016-02,SANTIAGO DE SURCO,14/04/2026 14:01:23
175,1era. convocatoria,Instituto de Educación Superior,IES PRIVADO TECSUP N° 1,SEDE SANTA ANITA,MANTENIMIENTO DE MAQUINARIA PESADA,REGISTRO COMPLETO,2016-03,2016-03,,SAN MIGUEL,14/04/2026 14:01:23
176,2da. convocatoria,Instituto de Educación Superior,IES PRIVADO TECSUP N° 1,SEDE SANTA ANITA,MANTENIMIENTO DE MAQUINARIA PESADA,EN PROCESO DE REGISTRO,,2016-08,2018-08,SAN JUAN DE MIRAFLORES,14/04/2026 14:01:23
177,1era. convocatoria,Instituto de Educación Superior,IES PRIVADO TECSUP N° 1,SEDE SANTA ANITA,MANTENIMIENTO DE MAQUINARIA PESADA,REGISTRO COMPLETO,2016-02,2016-02,,PACHACAMAC,14/04/2026 14:01:23
178,2da. convocatoria,Instituto de Educación Superior,IES PRIVADO TECSUP N° 1,SEDE SANTA ANITA,MANTENIMIENTO DE MAQUINARIA PESADA,ANULADA,,2016-08,2017-01,PACHACAMAC,14/04/2026 14:01:23
179,1era. convocatoria,Instituto de Educación Superior,IES PRIVADO TECSUP N° 1,SEDE SANTA ANITA,MANTENIMIENTO DE MAQUINARIA PESADA,EN PROCESO DE REGISTRO,,2016-03,,PUENTE PIEDRA,14/04/2026 14:01:23
180,1era. convocatoria,Instituto de Educación Superior,TECSUP TRUJILLO,SEDE TRUJILLO,TECNOLOGIA DE LA PRODUCCION,REGISTRO COMPLETO,2016-03,2016-02,2016-02,LLAMA,14/04/2026 14:01:23
181,1era. convocatoria,Instituto de Educación Superior,TECSUP TRUJILLO,SEDE TRUJILLO,TECNOLOGIA DE LA PRODUCCION,REGISTRO COMPLETO,2016-03,2016-02,2016-02,YONAN,14/04/2026 14:01:23
182,1era. convocatoria,Instituto de Educación Superior,TECSUP TRUJILLO,SEDE TRUJILLO,TECNOLOGIA DE LA PRODUCCION,REGISTRO COMPLETO,2016-03,2016-03,,SAN ANDRES DE CUTERVO,14/04/2026 14:01:23
183,1era. convocatoria,Instituto de Educación Superior,TECSUP TRUJILLO,SEDE TRUJILLO,TECNOLOGIA DE LA PRODUCCION,REGISTRO COMPLETO,2016-03,2016-03,,SAN IGNACIO,14/04/2026 14:01:23
184,1era. convocatoria,Instituto de Educación Superior,TECSUP TRUJILLO,SEDE TRUJILLO,TECNOLOGIA DE LA PRODUCCION,REGISTRO COMPLETO,2016-02,2016-02,2016-02,CHAO,14/04/2026 14:01:23
185,1era. convocatoria,Instituto de Educación Superior,TECSUP TRUJILLO,SEDE TRUJILLO,TECNOLOGIA DE LA PRODUCCION,REGISTRO COMPLETO,2016-02,2016-02,2016-02,CHAO,14/04/2026 14:01:23
186,2da. convocatoria,Instituto de Educación Superior,TECSUP TRUJILLO,SEDE TRUJILLO,TECNOLOGIA DE LA PRODUCCION,EN PROCESO DE REGISTRO,,2016-11,,,14/04/2026 14:01:23
187,1era. convocatoria,Instituto de Educación Superior,TECSUP TRUJILLO,SEDE TRUJILLO,TECNOLOGIA DE LA PRODUCCION,REGISTRO COMPLETO,2016-02,2016-02,2016-02,SAN PEDRO DE LLOC,14/04/2026 14:01:23
188,1era. convocatoria,Instituto de Educación Superior,TECSUP TRUJILLO,SEDE TRUJILLO,TECNOLOGIA DE LA PRODUCCION,REGISTRO COMPLETO,2016-02,2016-02,,PACASMAYO,14/04/2026 14:01:23
189,1era. convocatoria,Instituto de Educación Superior,TECSUP TRUJILLO,SEDE TRUJILLO,TECNOLOGIA DE LA PRODUCCION,REGISTRO COMPLETO,2016-02,2016-02,,PACASMAYO,14/04/2026 14:01:23
190,1era. convocatoria,Instituto de Educación Superior,TECSUP TRUJILLO,SEDE TRUJILLO,TECNOLOGIA DE LA PRODUCCION,REGISTRO COMPLETO,2016-02,2016-02,2016-02,HUAMACHUCO,14/04/2026 14:01:23
191,1era. convocatoria,Instituto de Educación Superior,TECSUP TRUJILLO,SEDE TRUJILLO,TECNOLOGIA DE LA PRODUCCION,REGISTRO COMPLETO,2016-02,2016-02,2016-02,CHUGAY,14/04/2026 14:01:23
192,2da. convocatoria,Instituto de Educación Superior,TECSUP TRUJILLO,SEDE TRUJILLO,TECNOLOGIA DE LA PRODUCCION,EN PROCESO DE REGISTRO,,2016-11,,,14/04/2026 14:01:23
193,1era. convocatoria,Instituto de Educación Superior,TECSUP TRUJILLO,SEDE TRUJILLO,TECNOLOGIA DE LA PRODUCCION,REGISTRO COMPLETO,2016-02,2016-02,,CASA GRANDE,14/04/2026 14:01:23
194,1era. convocatoria,Instituto de Educación Superior,TECSUP TRUJILLO,SEDE TRUJILLO,TECNOLOGIA DE LA PRODUCCION,REGISTRO COMPLETO,2016-02,2016-02,2016-02,CASA GRANDE,14/04/2026 14:01:23
195,1era. convocatoria,Instituto de Educación Superior,TECSUP TRUJILLO,SEDE TRUJILLO,TECNOLOGIA DE LA PRODUCCION,REGISTRO COMPLETO,2016-02,2016-02,2016-02,CASA GRANDE,14/04/2026 14:01:23
196,1era. convocatoria,Instituto de Educación Superior,TECSUP TRUJILLO,SEDE TRUJILLO,TECNOLOGIA DE LA PRODUCCION,REGISTRO COMPLETO,2016-02,2016-02,,CASA GRANDE,14/04/2026 14:01:23
197,1era. convocatoria,Instituto de Educación Superior,TECSUP TRUJILLO,SEDE TRUJILLO,TECNOLOGIA DE LA PRODUCCION,REGISTRO COMPLETO,2016-02,2016-02,,CHEPEN,14/04/2026 14:01:23
198,1era. convocatoria,Instituto de Educación Superior,TECSUP TRUJILLO,SEDE TRUJILLO,TECNOLOGIA DE LA PRODUCCION,REGISTRO COMPLETO,2016-02,2016-02,,SAN PEDRO DE LLOC,14/04/2026 14:01:23
199,1era. convocatoria,Instituto de Educación Superior,TECSUP TRUJILLO,SEDE TRUJILLO,TECNOLOGIA DE LA PRODUCCION,REGISTRO COMPLETO,2016-03,2016-02,2016-02,CHOCOPE,14/04/2026 14:01:23
200,1era. convocatoria,Instituto de Educación Superior,TECSUP TRUJILLO,SEDE TRUJILLO,TECNOLOGIA DE LA PRODUCCION,REGISTRO COMPLETO,2016-02,2016-02,2016-02,CHOCOPE,14/04/2026 14:01:23
201,1era. convocatoria,Instituto de Educación Superior,TECSUP TRUJILLO,SEDE TRUJILLO,TECNOLOGIA DE LA PRODUCCION,REGISTRO COMPLETO,2016-02,2016-02,2016-02,PAIJAN,14/04/2026 14:01:23
202,1era. convocatoria,Instituto de Educación Superior,TECSUP TRUJILLO,SEDE TRUJILLO,TECNOLOGIA DE LA PRODUCCION,REGISTRO COMPLETO,2016-02,2016-02,2016-02,PAIJAN,14/04/2026 14:01:23
203,1era. convocatoria,Instituto de Educación Superior,TECSUP TRUJILLO,SEDE TRUJILLO,TECNOLOGIA DE LA PRODUCCION,REGISTRO COMPLETO,2016-02,2016-02,,PAIJAN,14/04/2026 14:01:23
204,1era. convocatoria,Instituto de Educación Superior,TECSUP TRUJILLO,SEDE TRUJILLO,TECNOLOGIA DE LA PRODUCCION,REGISTRO COMPLETO,2016-03,2016-03,,RAZURI,14/04/2026 14:01:23
205,1era. convocatoria,Instituto de Educación Superior,TECSUP TRUJILLO,SEDE TRUJILLO,TECNOLOGIA DE LA PRODUCCION,REGISTRO COMPLETO,2016-03,2016-03,,CHICAMA,14/04/2026 14:01:23
206,1era. convocatoria,Instituto de Educación Superior,TECSUP TRUJILLO,SEDE TRUJILLO,TECNOLOGIA DE LA PRODUCCION,REGISTRO COMPLETO,2016-03,2016-02,2016-03,CHICAMA,14/04/2026 14:01:23
207,1era. convocatoria,Instituto de Educación Superior,TECSUP TRUJILLO,SEDE TRUJILLO,TECNOLOGIA DE LA PRODUCCION,REGISTRO COMPLETO,2016-02,2016-02,,CHICAMA,14/04/2026 14:01:23
208,1era. convocatoria,Instituto de Educación Superior,TECSUP TRUJILLO,SEDE TRUJILLO,TECNOLOGIA DE LA PRODUCCION,REGISTRO COMPLETO,2016-02,2016-02,,CHICAMA,14/04/2026 14:01:23
209,1era. convocatoria,Instituto de Educación Superior,TECSUP TRUJILLO,SEDE TRUJILLO,TECNOLOGIA DE LA PRODUCCION,REGISTRO COMPLETO,2016-03,2016-02,2016-03,CHICAMA,14/04/2026 14:01:23
210,1era. convocatoria,Instituto de Educación Superior,TECSUP TRUJILLO,SEDE TRUJILLO,TECNOLOGIA DE LA PRODUCCION,REGISTRO COMPLETO,2016-02,2016-02,,CHICAMA,14/04/2026 14:01:23
211,1era. convocatoria,Instituto de Educación Superior,TECSUP TRUJILLO,SEDE TRUJILLO,TECNOLOGIA DE LA PRODUCCION,REGISTRO COMPLETO,2016-02,2016-02,,CHICAMA,14/04/2026 14:01:23
212,1era. convocatoria,Instituto de Educación Superior,TECSUP TRUJILLO,SEDE TRUJILLO,TECNOLOGIA DE LA PRODUCCION,REGISTRO COMPLETO,2016-02,2016-02,2016-02,CHICAMA,14/04/2026 14:01:23
213,1era. convocatoria,Instituto de Educación Superior,TECSUP TRUJILLO,SEDE TRUJILLO,TECNOLOGIA DE LA PRODUCCION,REGISTRO COMPLETO,2016-02,2016-02,2016-02,CHICAMA,14/04/2026 14:01:23
214,1era. convocatoria,Instituto de Educación Superior,TECSUP TRUJILLO,SEDE TRUJILLO,TECNOLOGIA DE LA PRODUCCION,REGISTRO COMPLETO,2016-02,2016-02,,CHICAMA,14/04/2026 14:01:23
215,1era. convocatoria,Instituto de Educación Superior,TECSUP TRUJILLO,SEDE TRUJILLO,TECNOLOGIA DE LA PRODUCCION,REGISTRO COMPLETO,2016-02,2016-02,,CHICAMA,14/04/2026 14:01:23
216,1era. convocatoria,Instituto de Educación Superior,TECSUP TRUJILLO,SEDE TRUJILLO,TECNOLOGIA DE LA PRODUCCION,REGISTRO COMPLETO,2016-02,2016-02,2016-02,CHICAMA,14/04/2026 14:01:23
217,1era. convocatoria,Instituto de Educación Superior,TECSUP TRUJILLO,SEDE TRUJILLO,TECNOLOGIA DE LA PRODUCCION,REGISTRO COMPLETO,2016-02,2016-02,2016-02,VICTOR LARCO HERRERA,14/04/2026 14:01:23
218,1era. convocatoria,Instituto de Educación Superior,TECSUP TRUJILLO,SEDE TRUJILLO,TECNOLOGIA DE LA PRODUCCION,REGISTRO COMPLETO,2016-02,2016-02,2016-02,VICTOR LARCO HERRERA,14/04/2026 14:01:23
219,1era. convocatoria,Instituto de Educación Superior,TECSUP TRUJILLO,SEDE TRUJILLO,TECNOLOGIA DE LA PRODUCCION,REGISTRO COMPLETO,2016-03,2016-02,2016-03,VICTOR LARCO HERRERA,14/04/2026 14:01:23
220,1era. convocatoria,Instituto de Educación Superior,TECSUP TRUJILLO,SEDE TRUJILLO,TECNOLOGIA DE LA PRODUCCION,REGISTRO COMPLETO,2016-02,2016-02,2016-02,CHICAMA,14/04/2026 14:01:23
221,1era. convocatoria,Instituto de Educación Superior,TECSUP TRUJILLO,SEDE TRUJILLO,TECNOLOGIA DE LA PRODUCCION,REGISTRO COMPLETO,2016-02,2016-02,,CHICAMA,14/04/2026 14:01:23
222,1era. convocatoria,Instituto de Educación Superior,TECSUP TRUJILLO,SEDE TRUJILLO,TECNOLOGIA DE LA PRODUCCION,REGISTRO COMPLETO,2016-02,2016-02,,CHICAMA,14/04/2026 14:01:23
223,1era. convocatoria,Instituto de Educación Superior,TECSUP TRUJILLO,SEDE TRUJILLO,TECNOLOGIA DE LA PRODUCCION,REGISTRO COMPLETO,2016-02,2016-02,2016-02,LA ESPERANZA,14/04/2026 14:01:23
224,1era. convocatoria,Instituto de Educación Superior,TECSUP TRUJILLO,SEDE TRUJILLO,TECNOLOGIA DE LA PRODUCCION,REGISTRO COMPLETO,2016-02,2016-02,,LA ESPERANZA,14/04/2026 14:01:23
225,1era. convocatoria,Instituto de Educación Superior,TECSUP TRUJILLO,SEDE TRUJILLO,TECNOLOGIA DE LA PRODUCCION,REGISTRO COMPLETO,2016-02,2016-02,2016-02,LA ESPERANZA,14/04/2026 14:01:23
226,1era. convocatoria,Instituto de Educación Superior,TECSUP TRUJILLO,SEDE TRUJILLO,TECNOLOGIA DE LA PRODUCCION,REGISTRO COMPLETO,2016-02,2016-02,2016-02,LAREDO,14/04/2026 14:01:23
227,1era. convocatoria,Instituto de Educación Superior,TECSUP TRUJILLO,SEDE TRUJILLO,TECNOLOGIA DE LA PRODUCCION,REGISTRO COMPLETO,2016-02,2016-02,,VICTOR LARCO HERRERA,14/04/2026 14:01:23
228,1era. convocatoria,Instituto de Educación Superior,TECSUP TRUJILLO,SEDE TRUJILLO,TECNOLOGIA DE LA PRODUCCION,EN PROCESO DE REGISTRO,,2016-02,2016-02,VICTOR LARCO HERRERA,14/04/2026 14:01:23
229,1era. convocatoria,Instituto de Educación Superior,TECSUP TRUJILLO,SEDE TRUJILLO,TECNOLOGIA DE LA PRODUCCION,REGISTRO COMPLETO,2016-02,2016-02,,LA ESPERANZA,14/04/2026 14:01:23
230,1era. convocatoria,Instituto de Educación Superior,TECSUP TRUJILLO,SEDE TRUJILLO,TECNOLOGIA DE LA PRODUCCION,REGISTRO COMPLETO,2016-02,2016-02,,LA ESPERANZA,14/04/2026 14:01:23
231,1era. convocatoria,Instituto de Educación Superior,TECSUP TRUJILLO,SEDE TRUJILLO,TECNOLOGIA DE LA PRODUCCION,REGISTRO COMPLETO,2016-02,2016-02,,LA ESPERANZA,14/04/2026 14:01:23
232,1era. convocatoria,Instituto de Educación Superior,TECSUP TRUJILLO,SEDE TRUJILLO,TECNOLOGIA DE LA PRODUCCION,REGISTRO COMPLETO,2016-02,2016-02,2016-02,LA ESPERANZA,14/04/2026 14:01:23
233,1era. convocatoria,Instituto de Educación Superior,TECSUP TRUJILLO,SEDE TRUJILLO,TECNOLOGIA DE LA PRODUCCION,REGISTRO COMPLETO,2016-02,2016-02,2016-02,LA ESPERANZA,14/04/2026 14:01:23
234,1era. convocatoria,Instituto de Educación Superior,TECSUP TRUJILLO,SEDE TRUJILLO,TECNOLOGIA DE LA PRODUCCION,REGISTRO COMPLETO,2016-02,2016-02,2016-02,LA ESPERANZA,14/04/2026 14:01:23
235,1era. convocatoria,Instituto de Educación Superior,TECSUP TRUJILLO,SEDE TRUJILLO,TECNOLOGIA DE LA PRODUCCION,REGISTRO COMPLETO,2016-03,2016-02,,HUANCHACO,14/04/2026 14:01:23
236,1era. convocatoria,Instituto de Educación Superior,TECSUP TRUJILLO,SEDE TRUJILLO,TECNOLOGIA DE LA PRODUCCION,REGISTRO COMPLETO,2016-03,2016-03,2016-03,LA ESPERANZA,14/04/2026 14:01:23
237,1era. convocatoria,Instituto de Educación Superior,TECSUP TRUJILLO,SEDE TRUJILLO,TECNOLOGIA DE LA PRODUCCION,REGISTRO COMPLETO,2016-02,2016-02,,LA ESPERANZA,14/04/2026 14:01:23
238,1era. convocatoria,Instituto de Educación Superior,TECSUP TRUJILLO,SEDE TRUJILLO,TECNOLOGIA DE LA PRODUCCION,REGISTRO COMPLETO,2016-02,2016-02,,LA ESPERANZA,14/04/2026 14:01:23
239,1era. convocatoria,Instituto de Educación Superior,TECSUP TRUJILLO,SEDE TRUJILLO,TECNOLOGIA DE LA PRODUCCION,REGISTRO COMPLETO,2016-02,2016-02,2016-02,LA ESPERANZA,14/04/2026 14:01:23
240,1era. convocatoria,Instituto de Educación Superior,TECSUP TRUJILLO,SEDE TRUJILLO,TECNOLOGIA DE LA PRODUCCION,REGISTRO COMPLETO,2016-02,2016-02,2016-02,LA ESPERANZA,14/04/2026 14:01:23
241,1era. convocatoria,Instituto de Educación Superior,TECSUP TRUJILLO,SEDE TRUJILLO,TECNOLOGIA DE LA PRODUCCION,REGISTRO COMPLETO,2016-02,2016-02,2016-02,CHAO,14/04/2026 14:01:23
242,1era. convocatoria,Instituto de Educación Superior,TECSUP TRUJILLO,SEDE TRUJILLO,TECNOLOGIA DE LA PRODUCCION,REGISTRO COMPLETO,2016-02,2016-02,2016-02,TRUJILLO,14/04/2026 14:01:23
243,1era. convocatoria,Instituto de Educación Superior,TECSUP TRUJILLO,SEDE TRUJILLO,TECNOLOGIA DE LA PRODUCCION,REGISTRO COMPLETO,2016-02,2016-02,2016-02,TRUJILLO,14/04/2026 14:01:23
244,1era. convocatoria,Instituto de Educación Superior,TECSUP TRUJILLO,SEDE TRUJILLO,TECNOLOGIA DE LA PRODUCCION,REGISTRO COMPLETO,2016-02,2016-02,,TRUJILLO,14/04/2026 14:01:23
245,1era. convocatoria,Instituto de Educación Superior,TECSUP TRUJILLO,SEDE TRUJILLO,TECNOLOGIA DE LA PRODUCCION,REGISTRO COMPLETO,2016-02,2016-02,2016-02,FLORENCIA DE MORA,14/04/2026 14:01:23
246,1era. convocatoria,Instituto de Educación Superior,TECSUP TRUJILLO,SEDE TRUJILLO,TECNOLOGIA DE LA PRODUCCION,REGISTRO COMPLETO,2016-02,2016-02,2016-02,HUANCHACO,14/04/2026 14:01:23
247,1era. convocatoria,Instituto de Educación Superior,TECSUP TRUJILLO,SEDE TRUJILLO,TECNOLOGIA MECANICA ELECTRICA,REGISTRO COMPLETO,2016-02,2016-02,2016-02,LLAMA,14/04/2026 14:01:23
248,1era. convocatoria,Instituto de Educación Superior,TECSUP TRUJILLO,SEDE TRUJILLO,TECNOLOGIA MECANICA ELECTRICA,REGISTRO COMPLETO,2016-02,2016-02,2016-02,CAJAMARCA,14/04/2026 14:01:23
249,1era. convocatoria,Instituto de Educación Superior,TECSUP TRUJILLO,SEDE TRUJILLO,TECNOLOGIA MECANICA ELECTRICA,REGISTRO COMPLETO,2016-02,2016-02,,SANTIAGO,14/04/2026 14:01:23
250,1era. convocatoria,Instituto de Educación Superior,TECSUP TRUJILLO,SEDE TRUJILLO,TECNOLOGIA MECANICA ELECTRICA,REGISTRO COMPLETO,2016-02,2016-02,2016-02,CHAO,14/04/2026 14:01:23
251,1era. convocatoria,Instituto de Educación Superior,TECSUP TRUJILLO,SEDE TRUJILLO,TECNOLOGIA MECANICA ELECTRICA,REGISTRO COMPLETO,2016-02,2016-02,,CHAO,14/04/2026 14:01:23
252,1era. convocatoria,Instituto de Educación Superior,TECSUP TRUJILLO,SEDE TRUJILLO,TECNOLOGIA MECANICA ELECTRICA,REGISTRO COMPLETO,2016-02,2016-02,,CHAO,14/04/2026 14:01:23
253,2da. convocatoria,Instituto de Educación Superior,TECSUP TRUJILLO,SEDE TRUJILLO,TECNOLOGIA MECANICA ELECTRICA,EN PROCESO DE REGISTRO,,2016-09,,,14/04/2026 14:01:23
254,2da. convocatoria,Instituto de Educación Superior,TECSUP TRUJILLO,SEDE TRUJILLO,TECNOLOGIA MECANICA ELECTRICA,EN PROCESO DE REGISTRO,,2016-08,,,14/04/2026 14:01:23
255,2da. convocatoria,Instituto de Educación Superior,TECSUP TRUJILLO,SEDE TRUJILLO,TECNOLOGIA MECANICA ELECTRICA,EN PROCESO DE REGISTRO,,2016-11,,,14/04/2026 14:01:23
256,2da. convocatoria,Instituto de Educación Superior,TECSUP TRUJILLO,SEDE TRUJILLO,TECNOLOGIA MECANICA ELECTRICA,EN PROCESO DE REGISTRO,,2016-09,,,14/04/2026 14:01:23
257,2da. convocatoria,Instituto de Educación Superior,TECSUP TRUJILLO,SEDE TRUJILLO,TECNOLOGIA MECANICA ELECTRICA,EN PROCESO DE REGISTRO,,2016-11,,,14/04/2026 14:01:23
258,1era. convocatoria,Instituto de Educación Superior,TECSUP TRUJILLO,SEDE TRUJILLO,TECNOLOGIA MECANICA ELECTRICA,REGISTRO COMPLETO,2016-02,2016-02,,PARIÑAS,14/04/2026 14:01:23
259,1era. convocatoria,Instituto de Educación Superior,TECSUP TRUJILLO,SEDE TRUJILLO,TECNOLOGIA MECANICA ELECTRICA,REGISTRO COMPLETO,2016-02,2016-02,,ELIAS SOPLIN VARGAS,14/04/2026 14:01:23
260,1era. convocatoria,Instituto de Educación Superior,TECSUP TRUJILLO,SEDE TRUJILLO,TECNOLOGIA MECANICA ELECTRICA,REGISTRO COMPLETO,2016-02,2016-02,,ELIAS SOPLIN VARGAS,14/04/2026 14:01:23
261,1era. convocatoria,Instituto de Educación Superior,TECSUP TRUJILLO,SEDE TRUJILLO,TECNOLOGIA MECANICA ELECTRICA,REGISTRO COMPLETO,2016-03,2016-03,,NUEVA CAJAMARCA,14/04/2026 14:01:23
262,1era. convocatoria,Instituto de Educación Superior,TECSUP TRUJILLO,SEDE TRUJILLO,TECNOLOGIA MECANICA ELECTRICA,REGISTRO COMPLETO,2016-02,2016-02,,NUEVA CAJAMARCA,14/04/2026 14:01:23
263,1era. convocatoria,Instituto de Educación Superior,TECSUP TRUJILLO,SEDE TRUJILLO,TECNOLOGIA MECANICA ELECTRICA,REGISTRO COMPLETO,2016-02,2016-02,,PARDO MIGUEL,14/04/2026 14:01:23
264,1era. convocatoria,Instituto de Educación Superior,TECSUP TRUJILLO,SEDE TRUJILLO,TECNOLOGIA MECANICA ELECTRICA,REGISTRO COMPLETO,2016-03,2016-03,,OTUZCO,14/04/2026 14:01:23
265,1era. convocatoria,Instituto de Educación Superior,TECSUP TRUJILLO,SEDE TRUJILLO,TECNOLOGIA MECANICA ELECTRICA,REGISTRO COMPLETO,2016-03,2016-03,,SAN PEDRO DE LLOC,14/04/2026 14:01:23
266,1era. convocatoria,Instituto de Educación Superior,TECSUP TRUJILLO,SEDE TRUJILLO,TECNOLOGIA MECANICA ELECTRICA,REGISTRO COMPLETO,2016-02,2016-02,,SAN PEDRO DE LLOC,14/04/2026 14:01:23
267,1era. convocatoria,Instituto de Educación Superior,TECSUP TRUJILLO,SEDE TRUJILLO,TECNOLOGIA MECANICA ELECTRICA,REGISTRO COMPLETO,2016-02,2016-02,2016-02,PACASMAYO,14/04/2026 14:01:23
268,1era. convocatoria,Instituto de Educación Superior,TECSUP TRUJILLO,SEDE TRUJILLO,TECNOLOGIA MECANICA ELECTRICA,REGISTRO COMPLETO,2016-02,2016-02,2016-02,HUAMACHUCO,14/04/2026 14:01:23
269,1era. convocatoria,Instituto de Educación Superior,TECSUP TRUJILLO,SEDE TRUJILLO,TECNOLOGIA MECANICA ELECTRICA,REGISTRO COMPLETO,2016-02,2016-02,2016-02,HUAMACHUCO,14/04/2026 14:01:23
270,1era. convocatoria,Instituto de Educación Superior,TECSUP TRUJILLO,SEDE TRUJILLO,TECNOLOGIA MECANICA ELECTRICA,REGISTRO COMPLETO,2016-02,2016-02,2016-02,VICTOR LARCO HERRERA,14/04/2026 14:01:23
271,1era. convocatoria,Instituto de Educación Superior,TECSUP TRUJILLO,SEDE TRUJILLO,TECNOLOGIA MECANICA ELECTRICA,REGISTRO COMPLETO,2016-02,2016-02,,CHICAMA,14/04/2026 14:01:23
272,1era. convocatoria,Instituto de Educación Superior,TECSUP TRUJILLO,SEDE TRUJILLO,TECNOLOGIA MECANICA ELECTRICA,REGISTRO COMPLETO,2016-02,2016-02,,RAZURI,14/04/2026 14:01:23
273,1era. convocatoria,Instituto de Educación Superior,TECSUP TRUJILLO,SEDE TRUJILLO,TECNOLOGIA MECANICA ELECTRICA,REGISTRO COMPLETO,2016-02,2016-02,2016-02,SANTIAGO DE CAO,14/04/2026 14:01:23
274,1era. convocatoria,Instituto de Educación Superior,TECSUP TRUJILLO,SEDE TRUJILLO,TECNOLOGIA MECANICA ELECTRICA,REGISTRO COMPLETO,2016-02,2016-02,,SANTIAGO DE CAO,14/04/2026 14:01:23
275,1era. convocatoria,Instituto de Educación Superior,TECSUP TRUJILLO,SEDE TRUJILLO,TECNOLOGIA MECANICA ELECTRICA,REGISTRO COMPLETO,2016-02,2016-02,,SANTIAGO DE CAO,14/04/2026 14:01:23
276,1era. convocatoria,Instituto de Educación Superior,TECSUP TRUJILLO,SEDE TRUJILLO,TECNOLOGIA MECANICA ELECTRICA,REGISTRO COMPLETO,2016-02,2016-02,2016-02,LA ESPERANZA,14/04/2026 14:01:23
277,1era. convocatoria,Instituto de Educación Superior,TECSUP TRUJILLO,SEDE TRUJILLO,TECNOLOGIA MECANICA ELECTRICA,REGISTRO COMPLETO,2016-02,2016-02,,LA ESPERANZA,14/04/2026 14:01:23
278,1era. convocatoria,Instituto de Educación Superior,TECSUP TRUJILLO,SEDE TRUJILLO,TECNOLOGIA MECANICA ELECTRICA,REGISTRO COMPLETO,2016-02,2016-02,,LA ESPERANZA,14/04/2026 14:01:23
279,1era. convocatoria,Instituto de Educación Superior,TECSUP TRUJILLO,SEDE TRUJILLO,TECNOLOGIA MECANICA ELECTRICA,REGISTRO COMPLETO,2016-02,2016-02,,LA ESPERANZA,14/04/2026 14:01:23
280,1era. convocatoria,Instituto de Educación Superior,TECSUP TRUJILLO,SEDE TRUJILLO,TECNOLOGIA MECANICA ELECTRICA,REGISTRO COMPLETO,2016-02,2016-02,2016-02,LAREDO,14/04/2026 14:01:23
281,1era. convocatoria,Instituto de Educación Superior,TECSUP TRUJILLO,SEDE TRUJILLO,TECNOLOGIA MECANICA ELECTRICA,REGISTRO COMPLETO,2016-02,2016-02,2016-02,VICTOR LARCO HERRERA,14/04/2026 14:01:23
282,1era. convocatoria,Instituto de Educación Superior,TECSUP TRUJILLO,SEDE TRUJILLO,TECNOLOGIA MECANICA ELECTRICA,REGISTRO COMPLETO,2016-03,2016-02,2016-03,TRUJILLO,14/04/2026 14:01:23
283,1era. convocatoria,Instituto de Educación Superior,TECSUP TRUJILLO,SEDE TRUJILLO,TECNOLOGIA MECANICA ELECTRICA,REGISTRO COMPLETO,2016-02,2016-02,2016-02,TRUJILLO,14/04/2026 14:01:23
284,1era. convocatoria,Instituto de Educación Superior,TECSUP TRUJILLO,SEDE TRUJILLO,TECNOLOGIA MECANICA ELECTRICA,REGISTRO COMPLETO,2016-02,2016-02,,TRUJILLO,14/04/2026 14:01:23
285,1era. convocatoria,Instituto de Educación Superior,TECSUP TRUJILLO,SEDE TRUJILLO,TECNOLOGIA MECANICA ELECTRICA,REGISTRO COMPLETO,2016-02,2016-02,,EL PORVENIR,14/04/2026 14:01:23
286,1era. convocatoria,Instituto de Educación Superior,TECSUP TRUJILLO,SEDE TRUJILLO,TECNOLOGIA MECANICA ELECTRICA,REGISTRO COMPLETO,2016-02,2016-02,2016-02,EL PORVENIR,14/04/2026 14:01:23
287,1era. convocatoria,Instituto de Educación Superior,TECSUP TRUJILLO,SEDE TRUJILLO,TECNOLOGIA MECANICA ELECTRICA,REGISTRO COMPLETO,2016-03,2016-02,2016-03,HUANCHACO,14/04/2026 14:01:23
288,1era. convocatoria,Universidad,UNIVERSIDAD PERUANA CAYETANO HEREDIA,SEDE CENTRAL,SALUD PUBLICA Y SALUD GLOBAL,EN PROCESO DE REGISTRO,,2016-02,,,14/04/2026 14:01:23
289,1era. convocatoria,Universidad,UNIVERSIDAD PERUANA CAYETANO HEREDIA,SEDE CENTRAL,SALUD PUBLICA Y SALUD GLOBAL,EN PROCESO DE REGISTRO,,2016-02,2016-02,LINCE,14/04/2026 14:01:23
290,1era. convocatoria,Universidad,UNIVERSIDAD PERUANA CAYETANO HEREDIA,SEDE CENTRAL,TECNOLOGIA MEDICA, ESPECIALIDAD DE TERAPIA FISICA Y REHABILITACION,EN PROCESO DE REGISTRO,,2016-02,2016-02,CALLAO,14/04/2026 14:01:23
291,2da. convocatoria,Universidad,UNIVERSIDAD PERUANA CAYETANO HEREDIA,SEDE CENTRAL,TECNOLOGIA MEDICA, ESPECIALIDAD DE TERAPIA FISICA Y REHABILITACION,EN PROCESO DE REGISTRO,,2016-08,,,14/04/2026 14:01:23
292,1era. convocatoria,Universidad,UNIVERSIDAD PERUANA CAYETANO HEREDIA,SEDE CENTRAL,TECNOLOGIA MEDICA, ESPECIALIDAD DE TERAPIA FISICA Y REHABILITACION,REGISTRO COMPLETO,2016-02,2016-02,2016-02,SAN MARTIN DE PORRES,14/04/2026 14:01:23
293,1era. convocatoria,Universidad,UNIVERSIDAD PERUANA CAYETANO HEREDIA,SEDE CENTRAL,TECNOLOGIA MEDICA, ESPECIALIDAD DE TERAPIA FISICA Y REHABILITACION,EN PROCESO DE REGISTRO,,2016-02,2016-02,SURQUILLO,14/04/2026 14:01:23
294,1era. convocatoria,Universidad,UNIVERSIDAD PERUANA CAYETANO HEREDIA,SEDE CENTRAL,TECNOLOGIA MEDICA, ESPECIALIDAD DE TERAPIA FISICA Y REHABILITACION,EN PROCESO DE REGISTRO,,2016-02,,,14/04/2026 14:01:23
295,1era. convocatoria,Instituto de Educación Superior,IES PRIVADO TECSUP N° 1,SEDE SANTA ANITA,PROCESOS QUIMICOS Y METALURGICOS,REGISTRO COMPLETO,2015-12,2015-12,,ATE,14/04/2026 14:01:23
296,1era. convocatoria,Instituto de Educación Superior,IES PRIVADO TECSUP N° 1,SEDE SANTA ANITA,PROCESOS QUIMICOS Y METALURGICOS,EN PROCESO DE REGISTRO,,2016-03,,ATE,14/04/2026 14:01:23
297,1era. convocatoria,Instituto de Educación Superior,IES PRIVADO TECSUP N° 1,SEDE SANTA ANITA,PROCESOS QUIMICOS Y METALURGICOS,REGISTRO COMPLETO,2016-02,2016-01,,CARHUAMAYO,14/04/2026 14:01:23
298,1era. convocatoria,Instituto de Educación Superior,IES PRIVADO TECSUP N° 1,SEDE SANTA ANITA,PROCESOS QUIMICOS Y METALURGICOS,REGISTRO COMPLETO,2016-03,2016-02,2016-03,LIMA,14/04/2026 14:01:23
299,2da. convocatoria,Instituto de Educación Superior,IES PRIVADO TECSUP N° 1,SEDE SANTA ANITA,PROCESOS QUIMICOS Y METALURGICOS,ANULADA,,2016-08,,,14/04/2026 14:01:23
300,2da. convocatoria,Instituto de Educación Superior,IES PRIVADO TECSUP N° 1,SEDE SANTA ANITA,PROCESOS QUIMICOS Y METALURGICOS,ANULADA,,2016-10,,,14/04/2026 14:01:23
