1,23,2013-02,Beca Excelencia para estudios de Postgrado en el Extranjero,Beca Generación del Bicentenario (anteriormente denominada Beca Presidente de la República),Becas Postgrado Extranjero,400,,31/12/2013,25/11/2012,15/02/2013,16/02/2013,27/02/2013,11/10/2012,11/10/2012,0,45,RDE N° 126-2012-PRONABEC-OBEC-VMGI-MED,14/04/2026 14:01:22
2,3,2012-01,Beca Perú,Beca Peru,Beca Peru,720,2,,15/07/2012,13/09/2012,01/09/2012,01/10/2012,01/01/2012,30/12/2012,15,40,RDE N° 056-2012-PRONABEC-OBEC-VMGI-MED,14/04/2026 14:01:22
3,10,2013-01,Beca 18 Internacional - Cuba,Modalidad Pregrado Internacional,Becas Cuba,100,2,01/12/2012,28/09/2012,20/12/2012,01/07/2012,31/07/2012,01/08/2012,01/09/2012,17,23,RDE N° 091-2012-PRONABEC-OBEC-VMGI-MED,14/04/2026 14:01:22
4,12,2012-02,Beca 18 FFAA (2da Convocatoria),Licenciados FFAA,Beca FFAA,,2,,26/07/2012,07/12/2012,26/07/2012,09/08/2012,25/07/2012,11/08/2012,16,26,,14/04/2026 14:01:22
5,13,2012-01,Beca 18 VRAEM,VRAEM,Beca VRAEM,500,1,30/12/2012,26/07/2012,22/09/2012,26/07/2012,09/08/2012,25/07/2012,29/08/2012,15,23,RDE N° 047-2012-PRONABEC-OBEC-VMGI-MED,14/04/2026 14:01:22
6,16,2012   ,Beca 18 Modalidad Ordinaria,Modalidad Ordinaria,Beca Ordinario,2950,2,,01/01/2012,31/05/2012,20/04/2012,31/05/2012,20/04/2012,31/05/2012,15,23,RM N° 080-2012-ED,14/04/2026 14:01:22
7,17,2012-01,Beca 18 FFAA (1ra Convocatoria),Licenciados FFAA,Beca FFAA,,2,,01/01/2012,22/09/2012,20/04/2012,31/05/2012,20/04/2012,31/05/2012,15,23,RM N° 080-2012-ED,14/04/2026 14:01:22
8,18,2012-01,Beca 18 Reparaciones,Repared,Beca Reparaciones,50,2,,14/09/2012,26/10/2012,18/09/2012,28/09/2012,18/09/2012,28/09/2012,15,29,RDE N° 065-2012-PRONABEC-OBEC-VMGI-MED,14/04/2026 14:01:22
9,20,2013-01,Beca 18 Internacional - Honduras,Modalidad Pregrado Internacional,Becas Honduras,50,2,31/12/2013,28/09/2012,20/12/2012,01/07/2012,31/07/2012,01/08/2012,01/09/2012,17,22,RDE N° 094-2012-PRONABEC-OBEC-VMGI-MED,14/04/2026 14:01:22
10,21,2013-01,Beca 18 Internacional - Francia,Modalidad Pregrado Internacional,Becas Francia,150,2,31/12/2013,28/09/2012,14/12/2012,01/07/2012,31/07/2012,01/08/2012,01/09/2012,17,22,RDE N° 092-2012-PRONABEC-OBEC-VMGI-MED,14/04/2026 14:01:22
11,22,2013-01,Beca Postgrado,Beca Generación del Bicentenario (anteriormente denominada Beca Presidente de la República),Becas Postgrado Extranjero,50,1,31/12/2013,11/10/2012,09/11/2012,11/10/2012,11/10/2012,11/10/2012,11/10/2012,0,99,RDE N° 090-2012-PRONABEC-OBEC-VMGI-MED,14/04/2026 14:01:22
12,24,2013-03,Presidente de la República,Beca Generación del Bicentenario (anteriormente denominada Beca Presidente de la República),Becas Postgrado Extranjero,600,1,31/12/2013,01/03/2013,15/06/2013,17/06/2013,08/07/2013,11/07/2013,15/07/2013,0,99,RDE N° 126-2012-PRONABEC-OBEC-VMGI-MED,14/04/2026 14:01:22
13,25,2013-01,Beca 18 FFAA,Licenciados FFAA,Beca FFAA,500,1,31/12/2012,04/01/2013,22/02/2013,04/01/2013,23/04/2013,04/01/2013,28/02/2013,0,28,RDE N° 082-2013-MINEDU-VMGI-OBEC-PRONABEC,14/04/2026 14:01:22
14,27,2013-01,Beca 18 VRAEM,VRAEM,Beca VRAEM,500,1,31/12/2013,10/01/2013,08/03/2013,10/01/2013,30/04/2013,10/01/2013,28/02/2013,0,23,RDE N° 081-2013-MINEDU-VMGI-OBEC-PRONABEC,14/04/2026 14:01:22
15,26,2013   ,Beca 18 Modalidad Ordinaria,Modalidad Ordinaria,Beca Ordinario,4000,1,31/12/2013,09/01/2013,05/05/2013,04/01/2013,05/05/2013,09/01/2013,28/02/2013,0,23,RDE N° 050-2013-MINEDU-VMGI-OBEC-PRONABEC,14/04/2026 14:01:22
16,28,2013-01,Beca Perú,Beca Peru,Beca Peru,432,1,,30/01/2013,18/02/2013,19/02/2013,06/03/2013,25/02/2013,26/02/2013,,,RDE N° 016-2013-PRONABEC-OBEC-VMGI-MED,14/04/2026 14:01:22
17,29,2013-01,Beca 18 Reparaciones,Repared,Beca Reparaciones,200,2,,15/02/2013,26/03/2013,15/02/2013,10/05/2013,15/02/2013,13/04/2013,,,RDE N° 083-2013-MINEDU-VMGI-OBEC-PRONABEC,14/04/2026 14:01:22
18,1,2010-01,Beca VRAE 2010 - 2011,Beca VRAE,Beca VRAE,,2,,20/03/2013,30/04/2013,20/03/2013,30/04/2013,20/03/2013,30/04/2013,,,,14/04/2026 14:01:22
19,15,2013-01,UNILA,Beca Permanencia,Beca Permanencia de Estudios - UNILA,61,2,,27/03/2013,08/09/2013,04/09/2012,05/04/2012,03/04/2012,05/04/2012,18,,RDE N° 193-2013-MINEDU-VMGI-OBEC-PRONABEC / RJ 419-2013-MINEDU-VMGI-OBEC-PRONABEC-OBE ,14/04/2026 14:01:22
20,31,2013-01,Beca de Especialización Pedagógica - Especialistas,Beca Docente Internacional,Beca Docente,50,2,,24/06/2013,27/06/2013,24/06/2013,13/07/2013,04/06/2013,05/07/2013,0,99,RDE N° 131-2013-MINEDU-VMGI-OBEC-PRONABEC,14/04/2026 14:01:22
21,34,2013-02,Beca Perú (Lima - Callao),Beca Peru,Beca Peru,1092,2,,24/06/2013,26/07/2013,01/08/2013,12/08/2013,24/06/2013,09/08/2013,16,45,RDE N° 138-2013-MINEDU-VMGI-OBEC-PRONABEC,14/04/2026 14:01:22
22,32,2013-01,Beca de Especialización Pedagógica - Docentes,Beca Docente Nacional,Beca Docente,500,2,,01/07/2013,30/07/2013,01/07/2013,30/07/2013,22/07/2013,30/07/2013,0,99,RDE N° 131-2013-MINEDU-VMGI-OBEC-PRONABEC,14/04/2026 14:01:22
23,36,2014-01,Beca 18 Internacional Francia,Modalidad Pregrado Internacional,Beca Pregrado Internacional,50,2,,22/07/2013,20/09/2013,22/07/2013,20/09/2013,22/07/2013,20/09/2013,0,99,RDE N° 154-2013-MINEDU-VMGI-OBEC-PRONABEC,14/04/2026 14:01:22
24,37,2013-01,Beca Especial para el Adolescente,Albergue,Becas Albergue,100,2,,09/07/2013,28/08/2013,09/07/2013,28/08/2013,09/07/2013,28/08/2013,0,23,RDE N° 139-2013-MINEDU-VMGI-OBEC-PRONABEC,14/04/2026 14:01:22
25,38,2014-01,Beca 18 Internacional Honduras,Modalidad Pregrado Internacional,Beca Pregrado Internacional,50,1,31/12/2013,14/10/2013,15/11/2013,18/11/2013,30/11/2013,14/10/2013,01/12/2014,18,23,RDE N° 176-2013-MINEDU-VMGI-OBEC-PRONABEC,14/04/2026 14:01:22
26,40,2013-04,Presidente de la República,Beca Generación del Bicentenario (anteriormente denominada Beca Presidente de la República),Becas Postgrado Extranjero,464,1,,23/09/2013,23/11/2013,23/09/2013,27/11/2013,23/09/2013,16/12/2013,,40,RDE N° 220-2013-MINEDU-VMGI-OBEC-PRONABEC,14/04/2026 14:01:22
27,30,2014-01,Beca 18 FFAA,Licenciados FFAA,Beca FFAA,2000,2,,22/10/2013,15/12/2013,22/10/2013,05/04/2014,22/10/2013,31/01/2014,,29,RDE N° 237-2013-MINEDU-VMGI-OBEC-PRONABEC,14/04/2026 14:01:22
28,53,2014-01,Presidente de la República,Beca Generación del Bicentenario (anteriormente denominada Beca Presidente de la República),Becas Postgrado Extranjero,500,1,31/12/2014,17/01/2014,05/05/2014,17/03/2014,02/06/2014,17/01/2014,05/04/2014,,33,RDE N° 022-2014-MINEDU-VMGI-OBEC-PRONABEC, RDE N° 04011-2014-MINEDU-VMGI-OBEC-PRONABEC,14/04/2026 14:01:22
29,54,2014-01,Beca Perú (Lima - Callao),Beca Peru,Beca Peru,1154,2,,12/02/2014,09/03/2014,06/03/2014,12/03/2014,12/02/2014,12/03/2014,16,45,RDE N° 042-2014-MINEDU-VMGI-OBEC-PRONABEC,14/04/2026 14:01:22
30,334,2022   ,Beca inclusión para carreras universitarias y profesionales técnicas - Convocatoria 2022,Beca Inclusion Carreras Universitarias,Beca Inclusion para Carreras Universitarias,,,,,,,,,,,,RDE N° 101-2022-MINEDU/VMGI-PRONABEC,14/04/2026 14:01:22
31,8,2014-01,Beca Alianza del Pacífico,Beca Alianza del Pacifico ,Beca Alianza del Pacífico,,1,,19/02/2014,19/02/2014,19/02/2014,19/02/2014,19/02/2014,19/02/2014,,,RDE N° 326-2013-MINEDU-VMGI-OBEC-PRONABEC / RDE N° 315 Y 385-2014-MINEDU-VMGI-OBEC-PRONABEC,14/04/2026 14:01:22
32,55,2014-01,Beca Docente de Postgrado para estudios de Maestría en Ciencias de la Educación en el Perú,Beca Maestría en Educación  Docente,Becas Postgrado Nacional,1250,1,31/12/2014,11/03/2014,01/05/2015,17/03/2014,01/05/2015,11/03/2014,01/05/2015,,50,RDE N° 078-2014-MINEDU-VMGI-OBEC-PRONABEC,14/04/2026 14:01:22
33,33,2014-01,Beca 18 VRAEM,VRAEM,Beca VRAEM,1000,1,31/12/2013,25/11/2013,07/02/2014,25/11/2013,15/05/2014,25/11/2013,10/05/2014,,25,RDE N° 236-2013-MINEDU-VMGI-OBEC-PRONABEC / RDE N° 81-2014-MINEDU-VMGI-OBEC-PRONABEC,14/04/2026 14:01:22
34,2,2011-01,Beca Bicentenario de la Independencia del Perú,Beca Bicentenario,Becas Pregrado,,,,19/08/2013,19/08/2013,19/08/2013,19/08/2013,19/08/2013,19/08/2013,,,,14/04/2026 14:01:22
35,4,2010-01,Beca Haya de la Torre,Beca Haya de la Torre,Becas Postgrado Nacional,,,,11/10/2012,09/11/2012,11/10/2012,11/10/2012,11/10/2012,11/10/2012,,,,14/04/2026 14:01:22
36,5,2010-01,Beca de la Amistad Peruano Ecuatoriana,Beca Peru Ecuador ,Becas Postgrado Nacional,,,,11/10/2012,09/11/2012,11/10/2012,11/10/2012,11/10/2012,11/10/2012,,,,14/04/2026 14:01:22
37,39,2014-01,Beca EIB,Educación Intercultural Bilingüe,Becas EIB,560,1,31/12/2013,22/10/2013,11/06/2014,10/02/2014,23/09/2014,01/11/2013,30/05/2014,,27,RDE N° 216-2013-MINEDU-VMGI-OBEC-PRONABEC,14/04/2026 14:01:22
38,41,2013-01,Beca Perú (Ayacucho),Beca Peru,Beca Peru,247,1,,28/10/2013,17/11/2013,18/11/2013,30/11/2013,28/10/2013,06/12/2013,16,45,RDE N° 246-2013-MINEDU-VMGI-OBEC-PRONABEC,14/04/2026 14:01:22
39,42,2013-01,Beca Perú - Piura,Beca Peru,Beca Peru,141,1,,11/11/2013,08/12/2013,09/12/2013,22/12/2013,11/11/2013,03/01/2014,,27,RDE N° 259-2013-MINEDU-VMGI-OBEC-PRONABEC,14/04/2026 14:01:22
40,43,2014-01,Beca 18 Albergue,Albergue,Becas Albergue,200,1,,20/11/2013,22/02/2014,20/11/2013,20/06/2014,20/11/2013,21/03/2014,,23,RDE N° 262-2013-MINEDU-VMGI-OBEC-PRONABEC,,14/04/2026 14:01:22
41,57,2013   ,Beca 18 Modalidad Traslado Becas extranjeras-Perú,Modalidad Ordinaria,Beca Ordinario,,1,,11/03/2014,11/03/2014,11/03/2014,11/03/2014,11/03/2014,11/03/2014,,,RJ N° 252,254,258,259-2014-MINEDU-VMGI-OBEC-PRONABEC,14/04/2026 14:01:22
42,58,2014-02,Presidente de la República,Beca Generación del Bicentenario (anteriormente denominada Beca Presidente de la República),Becas Postgrado Extranjero,800,1,31/12/2014,01/04/2014,06/08/2014,02/05/2014,15/09/2014,01/04/2014,16/09/2014,,36,RDE N° 87-2014-MINEDU-VMGI-OBEC-PRONABEC,14/04/2026 14:01:22
43,44,2014-01,Beca 18 Huallaga,Huallaga,Becas Huallaga,300,2,,07/11/2013,07/02/2014,07/11/2013,05/05/2014,07/11/2013,19/03/2014,,25,RDE N° 264-2013-MINEDU-VMGI-OBEC-PRONABEC,,14/04/2026 14:01:22
44,45,2014-01,Beca de la Amistad Peruano Ecuatoriana,Beca Peru Ecuador ,Beca Amistad Ecuador - Perú,50,1,31/12/2013,13/11/2013,18/02/2014,13/11/2013,17/02/2014,13/11/2013,17/02/2014,29,40,RDE N° 218-2013-MINEDU-VMGI-OBEC-PRONABEC,,14/04/2026 14:01:22
45,46,2014   ,Beca 18 Modalidad Ordinaria,Modalidad Ordinaria,Beca Ordinario,7000,1,31/12/2013,25/11/2013,28/04/2014,25/11/2013,29/08/2014,25/11/2013,16/04/2014,10,22,RDE N° 289-2013-MINEDU-VMGI-OBEC-PRONABEC,,14/04/2026 14:01:22
46,47,2014-01,Beca DES verano e invierno 2014,Beca Docente Nacional,Beca Docente,260,1,31/12/2013,16/12/2013,13/01/2014,26/12/2013,30/12/2013,16/12/2013,15/01/2014,,60,RDE N° 282-2013-MINEDU-VMGI-OBEC-PRONABEC,,14/04/2026 14:01:22
47,48,2014-01,Beca Especializacion en Pedagogía de verano 2014 - Nacional,Beca Docente Nacional,Beca Docente,1800,1,31/12/2013,23/12/2013,21/01/2014,02/01/2014,09/01/2014,23/12/2013,11/01/2014,,60,RDE N° 291-2013-MINEDU-VMGI-OBEC-PRONABEC,,14/04/2026 14:01:22
48,49,2014-01,Beca Especializacion en Pedagogía de verano 2014 - Internacional,Beca Docente Internacional,Beca Docente,320,1,31/12/2013,15/12/2013,25/12/2013,20/12/2013,26/12/2013,15/12/2013,30/12/2013,,60,RDE N° 291-2013-MINEDU-VMGI-OBEC-PRONABEC,,14/04/2026 14:01:22
49,50,2014-01,Beca Especial Reparaciones en Educación,Repared,Beca Reparaciones,200,2,,10/12/2013,13/02/2014,14/02/2014,15/05/2014,10/12/2013,31/03/2014,,,RDE N° 306-2013-MINEDU-VMGI-OBEC-PRONABEC,,14/04/2026 14:01:22
50,51,2014-01,Beca 18 Modalidad Ordinaria - Comunidades Nativas Amazonicas,Comunidades Nativas,Becas CNA,200,1,31/12/2013,25/11/2013,15/02/2014,25/11/2013,13/08/2014,13/11/2013,22/02/2014,15,22,RDE N° 289-2013-MINEDU-VMGI-OBEC-PRONABEC,,14/04/2026 14:01:22
51,52,2014-01,Beca Perú - Cajamarca,Beca Peru,Beca Peru,200,1,,13/01/2014,10/02/2014,11/02/2014,22/02/2014,13/01/2014,24/02/2014,16,45,RDE N° 011-2014-MINEDU-VMGI-OBEC-PRONABEC,14/04/2026 14:01:22
52,6,2013-01,Beca Alianza del Pacífico,Beca Alianza del Pacifico ,Beca Alianza del Pacífico,,1,,06/03/2013,06/03/2013,06/03/2013,06/03/2013,06/03/2013,06/03/2013,,,,14/04/2026 14:01:22
53,7,2013-02,Beca Alianza del Pacífico,Beca Alianza del Pacifico ,Beca Alianza del Pacífico,,1,,11/07/2013,11/07/2013,11/07/2013,11/07/2013,11/07/2013,11/07/2013,,,RDE N° 116-2013-MINEDU-VMGI-OBEC-PRONABEC,14/04/2026 14:01:22
54,59,       ,,,,1,2,13/04/2014,13/04/2012,13/04/2012,13/04/2012,13/04/2012,13/04/2012,13/04/2012,0,99,RDE N° 228-2019-MINEDU-VMGI-PRONABEC,14/04/2026 14:01:22
55,60,2013   ,Beca 18 Modalidad Becas Especiales EIB (traspaso),Educación Intercultural Bilingüe,Becas EIB,180,1,31/12/2013,01/04/2014,01/04/2014,01/04/2014,01/04/2014,01/04/2014,01/04/2014,,23,RDE N° 102-2014-MINEDU-VMGI-OBEC-PRONABEC,14/04/2026 14:01:22
56,61,       ,,,,0,2,01/05/2014,01/05/2014,01/05/2014,01/05/2014,01/05/2014,01/05/2014,01/05/2014,0,99,,14/04/2026 14:01:22
57,65,2014-03,Presidente de la República,Beca Generación del Bicentenario (anteriormente denominada Beca Presidente de la República),Becas Postgrado Extranjero,600,1,31/12/2014,05/08/2014,26/12/2014,25/10/2014,21/02/2015,05/08/2014,02/02/2015,0,36,RDE N° 265-2014-MINEDU-VMGI-OBEC-PRONABEC - RDE N° 365,14/04/2026 14:01:22
58,68,2014-02,Beca de la Amistad Peruano Ecuatoriana,Beca Peru Ecuador ,Beca Amistad Perú - Ecuador,0,2,,01/06/2014,07/07/2014,08/08/2014,08/08/2014,08/08/2014,08/08/2014,0,99,RDE PENDIENTE,14/04/2026 14:01:22
59,71,2015-01,Beca Excelencia Internacional Francia,Beca Excelencia Internacional,Beca Pregrado Internacional,,1,31/12/2014,14/07/2014,20/10/2015,09/09/2014,30/04/2017,16/10/2014,21/11/2014,0,24,RDE N° 205-2014-MINEDU-VMGI-OBEC-PRONABEC, RDE N° 269-2014-MINEDU-VGMI-OBEC-PRONABEC, RDE N° 318-2014-MINEDU-VGMI-OBEC-PRONABEC, RDE N° 396-2014-MINEDU-VGMI-OBEC-PRONABEC
,14/04/2026 14:01:22
60,72,2014-02,Beca EIB,Educación Intercultural Bilingüe,Becas EIB,170,1,,22/10/2013,02/08/2014,15/07/2014,13/08/2014,20/07/2014,20/07/2014,,,RDE N° 210-2014-MINEDU-VMGI-OBEC-PRONABEC,14/04/2026 14:01:22
61,73,2014-01,BECA PERU CUSCO,Beca Peru,Beca Peru,566,1,,17/07/2014,14/08/2014,15/08/2014,20/08/2014,15/08/2014,18/08/2014,16,23,RJ N° 215-2014,14/04/2026 14:01:22
62,74,2015-01,Beca Alianza del Pacífico,Beca Alianza del Pacifico ,Beca Alianza del Pacífico,100,1,,20/08/2014,03/02/2015,27/01/2015,02/02/2015,20/08/2014,02/02/2015,,,RDE N° 304-2014-MINEDU-VMGI-OBEC-PRONABEC / RDE N° 315-2014-MINEDU-VMGI-OBEC-PRONABEC,14/04/2026 14:01:22
63,75,2014   ,BECA DE RECIPROCIDAD PERU-CHINA,Beca Peru - China,Beca Reciprocidad Internacional,9,1,,22/08/2014,22/08/2014,22/08/2014,22/08/2014,22/08/2014,22/08/2014,,,,14/04/2026 14:01:22
64,76,2014-01,Presidente de la República - Programa ALEPRONA,Beca Generación del Bicentenario (anteriormente denominada Beca Presidente de la República),Becas Postgrado Extranjero,100,1,31/12/2014,18/08/2014,21/03/2015,20/10/2014,14/10/2015,01/12/2014,01/12/2014,,36,RDE N° 300-2014-MINEDU-VMGI-OBEC-PRONABEC,14/04/2026 14:01:22
65,77,2014-01,Beca Especializacion en Pedagogía de invierno 2014 - Internacional,Beca Docente Internacional,Beca Docente,50,1,31/12/2013,07/09/2014,14/09/2014,07/09/2014,15/09/2014,17/09/2014,24/09/2014,,55,RDE N° 314-2014-MINEDU-VMGI-OBEC-PRONABEC,14/04/2026 14:01:22
66,78,2014-01,Beca Especializacion en Pedagogía para Docentes y Directivos en Educacion Intercultural Bilingue,Beca Docente Internacional,Beca Docente,300,1,31/12/2014,07/10/2014,20/10/2014,20/10/2014,25/11/2014,13/10/2014,26/10/2014,,55,RDE N° 349-2014-MINEDU-VMGI-OBEC-PRONABEC,14/04/2026 14:01:22
67,79,2015   ,Beca para Poblaciones Vulnerables y en Situaciones Especiales de Formación Técnico Productiva,Beca Tecnico-Productiva,Módulos de Enseñanza,1000,2,,02/10/2014,17/03/2015,20/10/2014,20/05/2015,10/10/2014,15/12/2014,0,60,RDE N° 356-2014-MINEDU-VMGI-OBEC-PRONABEC,14/04/2026 14:01:22
68,80,2014-01,Beca Especialización en Pedagogía para Docentes Nombrados en Instituciones Educativas Públicas en la Especialidad de Inglés,Beca Docente Internacional,Beca Docente,300,1,31/12/2014,24/11/2014,01/12/2014,26/11/2014,06/01/2015,19/11/2014,01/12/2014,0,55,RDE N° 451-2014-MINEDU-VMGI-OBEC-PRONABEC,14/04/2026 14:01:22
69,81,2014-01,Ganadores de las Medallas de Oro y Plata en la Olimpiada Internacional de Matematicas,Beca Olimpiada de Matematicas,Becas olimpiadas,4,1,31/12/2014,20/11/2014,20/11/2014,20/11/2014,20/11/2014,20/11/2014,20/11/2014,,55,RVM 0071-2011-ED,14/04/2026 14:01:22
70,82,2015   ,Beca 18 Ordinaria,Modalidad Ordinaria,Beca Ordinario,,1,31/12/2014,03/12/2014,01/04/2015,01/02/2014,06/11/2015,03/12/2014,01/09/2015,,22,RDE N° 472-2014-MINEDU-VMGI-OBEC-PRONABEC,14/04/2026 14:01:22
71,90,2015   ,Beca Especialización en Pedagogía - Verano 2015,Beca Docente Nacional,Beca Docente,5000,1,31/12/2014,09/12/2014,13/04/2015,22/12/2014,13/02/2015,02/02/2015,07/01/2015,,55,RDE N° 453-2014-MINEDU-VMGI-OBEC-PRONABEC,14/04/2026 14:01:22
72,91,2015-02,Beca Especialización en Pedagogía para Docentes Nombrados en Instituciones Educativas Públicas en la Especialidad de Inglés,Beca Docente Internacional,Beca Docente,200,1,31/12/2014,12/12/2014,21/12/2014,17/12/2014,16/01/2015,12/12/2014,23/12/2014,,55,RDE N° 478-2014-MINEDU-VMGI-OBEC-PRONABEC,14/04/2026 14:01:22
73,96,2015   ,UNILA,Beca Permanencia,Beca Permanencia de Estudios - UNILA,15,1,,26/12/2014,16/04/2015,27/03/2015,15/04/2015,26/12/2014,17/04/2015,18,60,RDE N° 506-2014-MINEDU-VMGI-OBEC-PRONABEC,14/04/2026 14:01:22
74,95,2015   ,Presidente de la República,Beca Generación del Bicentenario (anteriormente denominada Beca Presidente de la República),Becas Postgrado Extranjero,700,1,31/12/2015,25/01/2015,08/09/2015,02/03/2015,13/01/2016,25/01/2014,13/01/2016,0,36,RDE N° 24-2015-MINEDU-VMGI-OBEC-PRONABEC,14/04/2026 14:01:22
75,97,2015   ,Beca Idiomas - Ingles,Beca Ingles,Becas Especiales,1000,12,,03/02/2015,09/04/2015,06/02/2015,13/10/2015,03/02/2015,31/07/2015,,30,RDE N° 46-2015-MINEDU-VMGI-PRONABEC,14/04/2026 14:01:22
76,99,2015-01,Beca Amistad Peruano Ecuatoriana,Beca Peru Ecuador ,Beca Peru,50,2,,13/02/2015,03/07/2015,23/05/2015,31/07/2015,13/02/2015,30/07/2015,29,40,RDE N° 66-2015-MINEDU-VMGI-PRONABEC,14/04/2026 14:01:22
77,101,2015   ,BECA DE RECIPROCIDAD PERU - CHINA,Beca Peru - China,Beca Reciprocidad Internacional,38,1,31/12/2015,19/02/2015,29/03/2015,30/03/2015,07/04/2015,19/02/2015,15/07/2015,,36,RDE N° 74-2015-MINEDU-VMGI-PRONABEC / RDE N° 124-2015,14/04/2026 14:01:22
78,104,2015   ,Presidente de la República - Programa ALEPRONA,Beca Generación del Bicentenario (anteriormente denominada Beca Presidente de la República),Becas Postgrado Extranjero,100,1,31/12/2015,18/03/2015,27/10/2015,16/10/2015,17/12/2015,18/03/2015,17/12/2015,,36,RDE N° 461-2015-MINEDU-VMGI-PRONABEC,14/04/2026 14:01:22
79,106,2015   ,Becas Internacionales Canalidazas,Beca Canalizada,,,,,,,,,,,,,,14/04/2026 14:01:22
80,62,2014-01,Beca para Estudios de Especializacion de Postgrado en Oncología y Pediatría - Beca Salud,Beca Salud,Becas Postgrado Extranjero,200,1,,09/06/2014,27/07/2014,06/07/2014,15/08/2014,09/06/2014,25/07/2014,,,RDE N° 165-2014-MINEDU-VMGI-OBEC-PRONABEC,14/04/2026 14:01:22
81,83,2015   ,Beca 18 Albergue,Albergue,Becas Albergue,,1,31/12/2014,03/12/2014,01/04/2015,01/02/2014,30/06/2015,03/12/2014,08/06/2015,,22,RDE N° 472-2014-MINEDU-VMGI-OBEC-PRONABEC,14/04/2026 14:01:22
82,92,2015   ,Beca Especialización en Pedagogía - Especialización en Innovación y Mejores Prácticas - Convocatoria verano,Beca Docente Internacional,Beca Docente,100,1,31/12/2014,13/12/2014,21/12/2014,22/12/2014,21/01/2015,15/12/2014,07/01/2015,,55,RDE N° 476-2014-MINEDU-VMGI-OBEC-PRONABEC,14/04/2026 14:01:22
83,100,2015-02,Beca Alianza del Pacífico,Beca Alianza del Pacifico ,Beca Alianza del Pacífico,100,1,,21/02/2015,06/07/2015,27/01/2015,14/07/2015,20/08/2014,30/07/2015,,,RDE N° 77-2015-MINEDU-VMGI-PRONABEC,14/04/2026 14:01:22
84,102,2015   ,Beca Presidente de la República: Maestría en Ciencias de la Educación con mención en Gestión de los Entornos Virtuales para el Aprendizaje - Región Moquegua,Beca Maestría en Educación  Docente,Becas Postgrado Nacional,600,1,31/12/2015,20/02/2015,06/03/2015,11/02/2015,01/04/2015,20/02/2015,25/04/2015,,55,RDE N° 82-2015-MINEDU-VMGI-PRONABEC,14/04/2026 14:01:22
85,107,2015   ,Beca Amistad Ecuador-Perú,Beca Peru Ecuador ,Beca Amistad Perú - Ecuador,200,2,,04/06/2015,09/09/2015,10/06/2015,10/07/2015,04/06/2015,30/07/2015,15,50,RDE N° 063-2015-MINEDU-VMGI-PRONABEC,14/04/2026 14:01:22
86,108,2015   ,Beca 18 Internacional,Modalidad Pregrado Internacional,Becas Honduras,100,1,31/01/2016,18/11/2015,02/02/2016,28/12/2015,01/02/2016,18/11/2015,01/02/2016,18,22,RDE N° 499-2015-MINEDU-VMGI-PRONABEC, RDE N° 560-2015-MINEDU-VMGI-PRONABEC,14/04/2026 14:01:22
87,109,2015   ,Beca Especial de Inglés para estudiantes de 4° año de educación secundaria de instituciones públicas EBR,Beca Ingles,Becas Especiales,1000,1,31/12/2015,03/07/2015,01/08/2015,10/07/2015,16/09/2015,03/07/2015,29/08/2015,14,18,RDE N° 46-2015-MINEDU-VMGI-PRONABEC,14/04/2026 14:01:22
88,110,2015   ,Beca Doble Oportunidad,Beca Doble Oportunidad,Beca Doble Oportunidad,2000,1,31/12/2015,16/07/2015,02/09/2015,25/08/2015,19/10/2015,16/07/2015,19/10/2015,17,25,RDE N° 316-2015-MINEDU-VMGI-PRONABEC,14/04/2026 14:01:22
89,112,2015   ,Beca Idiomas - Frances,Beca Frances,Becas Especiales,300,12,,24/07/2015,21/08/2015,19/08/2015,23/12/2015,24/07/2015,14/10/2015,,30,RDE N° 328-2015-MINEDU-VMGI-PRONABEC,14/04/2026 14:01:22
90,116,2015-03,Beca Especialización en Pedagogía para Docentes Nombrados en Instituciones Educativas Públicas en la Especialidad de Inglés,Beca Docente Internacional,Beca Docente,16,1,31/12/2015,21/09/2015,27/09/2015,28/09/2015,05/11/2015,21/09/2015,07/10/2015,,55,RDE N° 409-2015-MINEDU-VMGI-PRONABEC,14/04/2026 14:01:22
91,117,2016-01,Beca Alianza del Pacífico (Peruanos en el extranjero),Beca Alianza del Pacifico ,Beca Alianza del Pacífico Internacional,100,1,,25/09/2015,23/12/2015,25/09/2015,30/10/2015,25/09/2015,23/12/2015,,,,14/04/2026 14:01:22
92,120,2016-1 ,Credito 18 :,Credito 18,CRÉDITO 18,,1,,05/10/2015,16/03/2016,30/10/2015,10/05/2016,10/05/2016,20/12/2016,,,,14/04/2026 14:01:22
93,121,2016   ,Beca Especialización en Pedagogía para Acompañantes Pedagógicos de Educación Intercultural Bilingue,Beca Docente Internacional,Beca Docente,100,1,31/12/2015,17/12/2015,27/12/2015,28/12/2015,30/12/2015,19/12/2015,14/01/2016,,55,RDE N° 570-2015-MINEDU-VMGI-PRONABEC,14/04/2026 14:01:22
94,122,2016   ,Beca Perú,Beca Peru,Beca Peru,147,2,,09/12/2015,09/01/2016,24/12/2015,19/01/2016,30/11/2015,25/01/2016,16,29,RDE N° 539-2015-MINEDU-VMGI-PRONABEC,14/04/2026 14:01:22
95,125,2016   ,Beca Idiomas - Ingles,Beca Ingles,Becas Especiales,200,2,,15/12/2015,29/01/2016,01/02/2016,12/02/2016,15/12/2015,23/03/2016,0,30,RDE N° 618-2015-MINEDU-VMGI-PRONABEC,14/04/2026 14:01:22
96,126,2016   ,Beca 18 Ordinaria,Modalidad Ordinaria,Beca Ordinario,5000,1,31/12/2015,31/12/2015,31/03/2016,29/02/2016,29/02/2016,31/12/2015,21/11/2016,,22,RDE N° 659-2015-MINEDU-VMGI-OBEC-PRONABEC,14/04/2026 14:01:22
97,127,2016   ,Beca 18 Albergue,Albergue,Becas Albergue,,1,31/12/2015,31/12/2015,31/03/2016,29/02/2016,29/02/2016,31/12/2015,21/11/2016,,22,RDE N° 659-2015-MINEDU-VMGI-OBEC-PRONABEC,14/04/2026 14:01:22
98,128,2016   ,Beca 18 REPARED,Repared,Beca Reparaciones,,1,31/12/2015,31/12/2015,31/03/2016,29/02/2016,29/02/2016,31/12/2015,21/11/2016,,40,RDE N° 659-2015-MINEDU-VMGI-OBEC-PRONABEC,14/04/2026 14:01:22
99,129,2016   ,Beca 18 VRAEM,VRAEM,Beca VRAEM,,1,31/12/2015,31/12/2015,31/03/2016,29/02/2016,29/02/2016,31/12/2015,21/11/2016,,22,RDE N° 659-2015-MINEDU-VMGI-OBEC-PRONABEC,14/04/2026 14:01:22
100,130,2016   ,Beca 18 Huallaga,Huallaga,Becas Huallaga,,1,31/12/2015,31/12/2015,31/03/2016,29/02/2016,29/02/2016,31/12/2015,21/11/2016,,22,RDE N° 659-2015-MINEDU-VMGI-OBEC-PRONABEC,14/04/2026 14:01:22
301,392,2023   ,Beca de Continuidad de Estudios de Educación Superior - Convocatoria 2023,Beca Continuidad de Estudios,Beca de Permanencia,,,,,,,,,,,,RDE N° 112-2023-MINEDU/VMGI-PRONABEC,14/04/2026 14:01:23
302,396,2024   ,Beca 18 Ordinaria,Modalidad Ordinaria,Beca Ordinario,6900,,,,,,,,,,,RDE N° 163-2023-MINEDU/VMGI-PRONABEC,14/04/2026 14:01:23
303,397,2024   ,Beca Protección,Albergue,Becas Albergue,230,,,,,,,,,,,RDE N° 163-2023-MINEDU/VMGI-PRONABEC,14/04/2026 14:01:23
304,398,2024   ,Beca REPARED,Repared,Beca Reparaciones,1100,,,,,,,,,,,RDE N° 163-2023-MINEDU/VMGI-PRONABEC,14/04/2026 14:01:23
305,399,2024   ,Beca VRAEM,VRAEM,Beca VRAEM,280,,,,,,,,,,,RDE N° 163-2023-MINEDU/VMGI-PRONABEC,14/04/2026 14:01:23
306,400,2024   ,Beca Huallaga,Huallaga,Becas Huallaga,280,,,,,,,,,,,RDE N° 163-2023-MINEDU/VMGI-PRONABEC,14/04/2026 14:01:23
307,401,2024   ,Beca FFAA,Licenciados FFAA,Beca FFAA,280,,,,,,,,,,,RDE N° 163-2023-MINEDU/VMGI-PRONABEC,14/04/2026 14:01:23
308,402,2024   ,Beca EIB,Educación Intercultural Bilingüe,Becas EIB,200,,,,,,,,,,,RDE N° 163-2023-MINEDU/VMGI-PRONABEC,14/04/2026 14:01:23
309,403,2024   ,Beca CNA y Poblaciones Afroperuanas,Comunidades Nativas,Becas CNA,730,,,,,,,,,,,RDE N° 163-2023-MINEDU/VMGI-PRONABEC,14/04/2026 14:01:23
310,408,2024   ,Beca de Excelencia Académica para Hijos de Docentes - Convocatoria 2024,Beca Excelencia Academica,Beca Excelencia Académica para hijos de docentes,400,,,,,,,,,,,RDE N° 021-2024-MINEDU/VMGI-PRONABEC,14/04/2026 14:01:23
311,414,2024   ,Plataforma de Movilidad Estudiantil y Académica de la Alianza del Pacífico 2024,Beca Alianza del Pacifico ,Beca Alianza del Pacífico,,,,,,,,,,,,RDE N° 041-2024-MINEDU/VMGI-PRONABEC,14/04/2026 14:01:23
312,417,2024   ,Beca de Gestión de la Cooperación Nacional - Beca Perú - Convocatoria 2024,Beca Peru,Beca Peru,,,,,,,,,,,,RDE N° 083-2024-MINEDU/VMGI-PRONABEC,14/04/2026 14:01:23
313,314,2021   ,Beca Perú,Beca Peru,Beca Peru,56,2,31/12/2016,17/08/2021,18/10/2021,16/08/2021,18/08/2021,16/08/2021,22/10/2021,16,99,RDE 115-2021-MINEDU/VMGI-PRONABEC,14/04/2026 14:01:23
314,390,2023   ,Beca Técnico Productiva para Jóvenes de Pueblos Indígenas u Originarios en Situaciones Especiales,Beca Tecnico-Productiva,BECA INCLUSIÓN TÉCNICO PRODUCTIVA,,,,,,,,,,,,RDE Nº 122-2023-MINEDU/VMGI-PRONABEC,14/04/2026 14:01:23
315,391,2023   ,Beca para Situaciones Especiales en Formación Técnico Productiva REPARED,Beca Tecnico Productivo REPARED,Becas Especiales,,,,,,,,,,,,RDE Nº 121-2023-MINEDU/VMGI-PRONABEC,14/04/2026 14:01:23
316,395,2023   ,Beca Inclusión Técnico Productiva - Convocatoria 2023,Beca Inclusion Tecnico-Productiva,BECA INCLUSIÓN TÉCNICO PRODUCTIVA,100,,,,,,,,,,,RDE N° 132-2023-MINEDU/VMGI-PRONABEC,14/04/2026 14:01:23
317,405,2023   ,Beca de Gestión de la Cooperación Nacional - Beca Perú - Convocatoria 2023 - Segundo momento,Beca Peru,Beca Peru,,,,,,,,,,,,RDE N° 134-2023-MINEDU/VMGI-PRONABEC,14/04/2026 14:01:23
318,406,2023   ,Beca de Reciprocidad Perú-China Convocatoria 2023,Beca Peru - China,Beca Reciprocidad Internacional,,,,,,,,,,,,RDE Nº 212-2023-MINEDU/VMGI-PRONABEC,14/04/2026 14:01:23
319,411,2024   ,Beca Técnico Productiva para Jóvenes de Pueblos Indígenas u Originarios en Situaciones Especiales,Beca Tecnico-Productiva,BECA INCLUSIÓN TÉCNICO PRODUCTIVA,110,,,,,,,,,,,RDE Nº 030-2024-MINEDU/VMGI-PRONABEC,14/04/2026 14:01:23
320,413,2024   ,Beca Generación del Bicentenario - Convocatoria 2024,Beca Generación del Bicentenario (anteriormente denominada Beca Presidente de la República),Becas Postgrado Extranjero,,,,,,,,,,,,RDE N° 040-2024-MINEDU/VMGI-PRONABEC,14/04/2026 14:01:23
321,418,2024   ,Beca de Gestión de la Cooperación Nacional - Beca Perú - Convocatoria 2024 - Segundo momento,Beca Peru,Beca Peru,,,,,,,,,,,,RDE N° 083-2024-MINEDU/VMGI-PRONABEC,14/04/2026 14:01:23
322,427,2024   ,Beca de Permanencia de Estudios Nacional - Convocatoria 2024,Beca Permanencia,Beca de Permanencia,,,,,,,,,,,,RDE N° 117-2024-MINEDU/VMGI-PRONABEC,14/04/2026 14:01:23
323,428,2024   ,Crédito PRO - Convocatoria 2024,Credito Pro,Credito Pro,,,,,,,,,,,,RDE N° 127-2024-MINEDU/VMGI-PRONABEC,14/04/2026 14:01:23
324,429,2024   ,Beca de Cumplimiento de Sentencias Supranacionales y Acuerdos de Solución Amistosa Internacionales,Beca de Cumplimiento de Sentencias Supranacionales y Acuerdos de Solución Amistosa Internacionales,Beca Supranacional,,,,,,,,,,,,RDE 124-2024-MINEDU/VMGIPRONABEC,14/04/2026 14:01:23
325,430,2025   ,Beca de Gestión de la Cooperación Nacional - Beca Perú - Convocatoria 2025,Beca Peru,Beca Peru,,,,,,,,,,,,RDE N° 006-2025-MINEDU/VMGI-PRONABEC,14/04/2026 14:01:23
326,431,2025   ,Beca Generación del Bicentenario - Convocatoria 2025,Beca Generación del Bicentenario (anteriormente denominada Beca Presidente de la República),Becas Postgrado Extranjero,,,,,,,,,,,,RDE N° 022-2025-MINEDU/VMGI-PRONABEC,14/04/2026 14:01:23
327,434,2025   ,Beca para Situaciones Especiales en Formación Técnico Productiva REPARED,Beca Tecnico Productivo REPARED,Beca Reparaciones,,,,,,,,,,,,RDE N° 037-2025-MINEDU/VMGI-PRONABEC,14/04/2026 14:01:23
328,435,2025   ,Beca Técnico Productiva para Jóvenes de Pueblos Indígenas u Originarios en Situaciones Especiales,Beca Tecnico-Productiva,Becas CNA,,,,,,,,,,,,RDE N° 037-2025-MINEDU/VMGI-PRONABEC,14/04/2026 14:01:23
329,436,2025   ,Beca Inclusión Técnico Productiva,Beca Inclusion Tecnico-Productiva,BECA INCLUSIÓN TÉCNICO PRODUCTIVA,,,,,,,,,,,,RDE N° 037-2025-MINEDU/VMGI-PRONABEC,14/04/2026 14:01:23
330,437,2025   ,Crédito PRO - Convocatoria 2025,Credito Pro,Credito Pro,,,,,,,,,,,,RDE Nº 045-2025-MINEDU/VMGI-PRONABEC,14/04/2026 14:01:23
331,441,2025   ,Crédito Maestría - Convocatoria 2025,Credito Maestria,Credito Maestria,,,,,,,,,,,,RDE N° 057-2025-MINEDU/VMGI-PRONABEC,14/04/2026 14:01:23
332,442,2025   ,Beca TEC - Convocatoria 2025,Beca Tec,Beca Tec,,,,,,,,,,,,RDE N° 064-2025-MINEDU/VMGI-PRONABEC,14/04/2026 14:01:23
333,443,2026   ,Beca 18 Ordinaria,Modalidad Ordinaria,Beca Ordinario,,,,,,,,,,,,RDE N° 086-2025-MINEDU/VMGI-PRONABEC,14/04/2026 14:01:23
334,444,2026   ,Beca Protección,Albergue,Becas Albergue,,,,,,,,,,,,RDE N° 086-2025-MINEDU/VMGI-PRONABEC,14/04/2026 14:01:23
335,445,2026   ,Beca REPARED,Repared,Beca Reparaciones,,,,,,,,,,,,RDE N° 086-2025-MINEDU/VMGI-PRONABEC,14/04/2026 14:01:23
336,446,2026   ,Beca VRAEM,VRAEM,Beca VRAEM,,,,,,,,,,,,RDE N° 086-2025-MINEDU/VMGI-PRONABEC,14/04/2026 14:01:23
337,447,2026   ,Beca Huallaga,Huallaga,Becas Huallaga,,,,,,,,,,,,RDE N° 086-2025-MINEDU/VMGI-PRONABEC,14/04/2026 14:01:23
338,448,2026   ,Beca FFAA,Licenciados FFAA,Beca FFAA,,,,,,,,,,,,RDE N° 086-2025-MINEDU/VMGI-PRONABEC,14/04/2026 14:01:23
339,449,2026   ,Beca EIB,Educación Intercultural Bilingüe,Becas EIB,,,,,,,,,,,,RDE N° 086-2025-MINEDU/VMGI-PRONABEC,14/04/2026 14:01:23
340,450,2026   ,Beca CNA,Comunidades Nativas,Becas CNA,,,,,,,,,,,,RDE N° 086-2025-MINEDU/VMGI-PRONABEC,14/04/2026 14:01:23
341,451,2026   ,Beca Poblaciones Afroperuanas,Comunidad Pueblo Afroperuano,Becas CNA,,,,,,,,,,,,RDE N° 086-2025-MINEDU/VMGI-PRONABEC,14/04/2026 14:01:23
342,452,2026   ,Beca Excelencia Académica para Hijos de Docentes,Beca Excelencia Academica,Beca Excelencia Académica para hijos de docentes,,,,,,,,,,,,RDE N° 086-2025-MINEDU/VMGI-PRONABEC,14/04/2026 14:01:23
343,453,2025   ,Beca de Permanencia de Estudios Nacional - Convocatoria 2025,Beca Permanencia,Beca de Permanencia,,,,,,,,,,,,RDE N° 107-2025-MINEDU/VMGI-PRONABEC,14/04/2026 14:01:23
344,454,2020   ,Crédito Talento - Convocatoria 2020,CREDITO TALENTO,CREDITO TALENTO,,,,,,,,,,,,RDE N° XXXX-2025-MINEDU/VMGI-PRONABEC,14/04/2026 14:01:23
345,324,2022   ,Beca 18 - Convocatoria 2022 - Preseleccionados,Beca 18 - Preseleccionados,Becas CNA,,,,02/12/2021,02/12/2021,,,,,,,RJ N° 2010-2021-MINEDU/VMGI-PRONABEC-OBE,14/04/2026 14:01:23
346,394,2023   ,Beca de Gestión de la Cooperación Nacional - Beca Perú - Convocatoria 2023,Beca Peru,Beca Peru,48,,,,,,,,,,,RDE N° 134-2023-MINEDU/VMGI-PRONABEC,14/04/2026 14:01:23
347,404,2023   ,Beca de Permanencia de Estudios Nacional - Convocatoria 2023,Beca Permanencia,Beca de Permanencia,8000,,,,,,,,,,,RDE N° 167-2023-MINEDU/VMGI-PRONABEC,14/04/2026 14:01:23
348,410,2024   ,Beca para Situaciones Especiales en Formación Técnico Productiva REPARED,Beca Tecnico Productivo REPARED,Becas Especiales,120,,,,,,,,,,,RDE Nº 029-2024-MINEDU/VMGI-PRONABEC,14/04/2026 14:01:23
349,438,2025   ,Beca de Excelencia Académica para Hijos de Docentes - Convocatoria 2025,Beca Excelencia Academica,Beca Excelencia Académica para hijos de docentes,,,,,,,,,,,,RDE N° 053-2025-MINEDU/VMGI-PRONABEC,14/04/2026 14:01:23
350,440,2025   ,Beca Inclusión para Carreras Universitarias o Profesionales Técnicas - Convocatoria 2025,Beca Inclusion Carreras Universitarias,Beca Inclusion para Carreras Universitarias,,,,,,,,,,,,RDE N° 058-2025-MINEDU/VMGI-PRONABEC,14/04/2026 14:01:23
351,393,2023   ,Beca inclusión para carreras universitarias y profesionales técnicas - Convocatoria 2023,Beca Inclusion Carreras Universitarias,Beca Inclusion para Carreras Universitarias,10,,,,,,,,,,,N 132-2023-MINEDU/VMGI-PRONABEC,14/04/2026 14:01:23
352,323,2022   ,Beca Técnico Productiva para Jóvenes de Pueblos Indígenas u Originarios en Situaciones Especiales,Beca Tecnico-Productiva,BECA INCLUSIÓN TÉCNICO PRODUCTIVA,,,,,,,,,,,,RDE Nº 256-2021-MINEDU/VMGI-PRONABEC,14/04/2026 14:01:23
353,433,2025   ,Plataforma de Movilidad Estudiantil y Académica de la Alianza del Pacífico 2025,Beca Alianza del Pacifico ,Beca Alianza del Pacífico Internacional,100,,,,,,,,,,,RDE N° 039-2025-MINEDU/VMGI-PRONABEC,14/04/2026 14:01:23
354,292,2020   ,Beca Perú,Beca Peru,Beca Peru,5000,2,31/12/2016,02/10/2020,09/11/2020,01/09/2020,30/09/2020,01/09/2020,27/11/2020,16,99,RDE N° 154-2020-MINEDU/VMGI-PRONABEC,14/04/2026 14:01:23
355,290,2020-II,CRÉDITO CONTINUIDAD DE ESTUDIOS,CREDITO CONTINUIDAD,Credito continuidad,7000,2,,09/10/2020,27/10/2020,09/10/2020,07/11/2020,09/10/2020,11/11/2020,,,RDE 162-2020-MINEDU/VMGI-PRONABEC,14/04/2026 14:01:23
356,293,2021   ,BECA MUJERES EN CIENCIA PREGRADO,Beca Mujeres en Ciencias Pregrado,Beca Mujeres en Ciencia Pregrado,5000,2,31/12/2016,07/01/2021,26/02/2021,09/12/2020,23/12/2020,01/10/2020,28/05/2021,16,99,RDE N° 037-2020-MINEDU/VMGI-PRONABEC,14/04/2026 14:01:23
357,291,2021   ,Beca para Situaciones Especiales en Formación Técnico Productiva REPARED,Beca Tecnico Productivo REPARED,Becas Especiales,240,,,27/11/2020,30/04/2021,,,27/11/2020,21/05/2021,,,RDE N° 188-2020-MINEDU/VMGI-PRONABEC,14/04/2026 14:01:23
358,296,2021   ,Beca 18 Ordinaria,Modalidad Ordinaria,Beca Ordinario,,,,,,,,,,,,RDE Nº187-2020-MINEDU/VMGI-PRONABEC,14/04/2026 14:01:23
359,297,2021   ,Beca Albergue,Albergue,Becas Albergue,,,,,,,,,,,,RDE Nº187-2020-MINEDU/VMGI-PRONABEC,14/04/2026 14:01:23
360,298,2021   ,Beca REPARED,Repared,Beca Reparaciones,,,,,,,,,,,,RDE Nº187-2020-MINEDU/VMGI-PRONABEC,14/04/2026 14:01:23
361,299,2021   ,Beca VRAEM,VRAEM,Beca VRAEM,,,,,,,,,,,,RDE Nº187-2020-MINEDU/VMGI-PRONABEC,14/04/2026 14:01:23
362,300,2021   ,Beca Huallaga,Huallaga,Becas Huallaga,,,,,,,,,,,,RDE Nº187-2020-MINEDU/VMGI-PRONABEC,14/04/2026 14:01:23
363,301,2021   ,Beca FFAA,Licenciados FFAA,Beca FFAA,,,,,,,,,,,,RDE Nº187-2020-MINEDU/VMGI-PRONABEC,14/04/2026 14:01:23
364,302,2021   ,Beca EIB,Educación Intercultural Bilingüe,Becas EIB,,,,,,,,,,,,RDE Nº187-2020-MINEDU/VMGI-PRONABEC,14/04/2026 14:01:23
365,303,2021   ,Beca CNA,Comunidades Nativas,Becas CNA,,,,,,,,,,,,RDE Nº187-2020-MINEDU/VMGI-PRONABEC,14/04/2026 14:01:23
366,294,2021   ,Beca Inclusión Técnico Productiva,Beca Inclusion Tecnico-Productiva,BECA INCLUSIÓN TÉCNICO PRODUCTIVA,100,,,03/12/2020,30/04/2021,,,03/12/2020,21/05/2021,,,RDE N° 194-2020-MINEDU/VMGI-PRONABEC,14/04/2026 14:01:23
367,295,2021   ,Beca Inclusión para Carreras Universitarias o Profesionales Técnicas,Beca Inclusion Carreras Universitarias,Beca Inclusion para Carreras Universitarias,1600,1,,04/12/2020,22/02/2021,,,,01/03/2021,,99,RDE N° 194-2020-MINEDU/VMGI-PRONABEC,14/04/2026 14:01:23
368,304,2021   ,BECA GENERACIÓN DEL BICENTENARIO,Beca Generación del Bicentenario (anteriormente denominada Beca Presidente de la República),Becas Postgrado Extranjero,150,1,,22/04/2021,18/06/2021,22/04/2021,28/06/2021,22/04/2021,07/07/2021,,,RDE N° 74-2021-MINEDU-VMGI-PRONABEC,14/04/2026 14:01:23
369,305,2021   ,Beca Excelencia Académica para hijos de docentes,Beca Excelencia Academica,Beca Excelencia Académica para hijos de docentes,,2,,24/05/2021,20/07/2021,16/07/2021,04/08/2021,24/05/2021,11/08/2021,,,RDE N° 88-2021-MINEDU-VMGI-PRONABEC,14/04/2026 14:01:23
370,306,2021   ,CRÉDITO TALENTO,CREDITO TALENTO,CREDITO TALENTO,150,1,,31/05/2021,21/06/2021,31/05/2021,06/07/2021,31/05/2021,12/07/2021,,,RDE Nº 085-2021-MINEDU/VMGI-PRONABEC,14/04/2026 14:01:23
371,333,2022   ,Beca Inclusión Técnico Productiva - Convocatoria 2022,Beca Inclusion Tecnico-Productiva,BECA INCLUSIÓN TÉCNICO PRODUCTIVA,,,,,,,,,,,,RDE N° 101-2022-MINEDU/VMGI-PRONABEC,14/04/2026 14:01:23
372,307,2021   ,BECA DE PERMANENCIA DE ESTUDIOS NACIONAL,Beca Permanencia,Beca de Permanencia,8000,2,,,,,,,,,,RDE 107-2021-MINEDU-VMGI-PRONABEC,14/04/2026 14:01:23
373,310,2021   ,CREDITO 18,Credito 18,CRÉDITO 18,,1,,16/07/2021,04/08/2021,16/07/2021,27/08/2021,16/07/2021,27/08/2021,,,RDE 075-2021-MINEDU/VMGI-PRONABEC,14/04/2026 14:01:23
374,311,2021-AM,AMPLIACIÓN DE LA DURACIÓN DE LA BECA DE CONTINUIDAD DE ESTUDIOS DE EDUCACIÓN SUPERIOR, Convocatoria 2020-I,Beca Continuidad de Estudios,Beca de Permanencia,,,,,,,,,,,,RJ N° XXX-2021-MINEDU-VMGI-PRONABEC,14/04/2026 14:01:23
375,313,2021   ,Beca Perú,Beca Peru,Beca Peru,56,2,31/12/2016,11/08/2021,16/08/2021,11/08/2021,16/08/2021,11/08/2021,18/08/2021,16,99,RDE 115-2021-MINEDU/VMGI-PRONABEC,14/04/2026 14:01:23
376,315,2022   ,Beca 18 Ordinaria,Modalidad Ordinaria,Beca Ordinario,,,,,,,,,,,,RDE N° 205-2021-MINEDU/VMGI-PRONABEC,14/04/2026 14:01:23
377,316,2022   ,Beca Albergue,Albergue,Becas Albergue,,,,,,,,,,,,RDE N° 205-2021-MINEDU/VMGI-PRONABEC,14/04/2026 14:01:23
378,317,2022   ,Beca REPARED,Repared,Beca Reparaciones,,,,,,,,,,,,RDE N° 205-2021-MINEDU/VMGI-PRONABEC,14/04/2026 14:01:23
379,318,2022   ,Beca VRAEM,VRAEM,Beca VRAEM,,,,,,,,,,,,RDE N° 205-2021-MINEDU/VMGI-PRONABEC,14/04/2026 14:01:23
380,319,2022   ,Beca Huallaga,Huallaga,Becas Huallaga,,,,,,,,,,,,RDE N° 205-2021-MINEDU/VMGI-PRONABEC,14/04/2026 14:01:23
381,320,2022   ,Beca FFAA,Licenciados FFAA,Beca FFAA,,,,,,,,,,,,RDE N° 205-2021-MINEDU/VMGI-PRONABEC,14/04/2026 14:01:23
382,321,2022   ,Beca EIB,Educación Intercultural Bilingüe,Becas EIB,,,,,,,,,,,,RDE N° 205-2021-MINEDU/VMGI-PRONABEC,14/04/2026 14:01:23
383,322,2022   ,Beca CNA y Poblaciones Afroperuanas,Comunidades Nativas,Becas CNA,,,,,,,,,,,,RDE N° 205-2021-MINEDU/VMGI-PRONABEC,14/04/2026 14:01:23
384,336,2022   ,Beca de Gestión de la Cooperación Nacional - Beca Perú - Convocatoria 2022 - Segundo momento,Beca Peru,Beca Peru,,,,,,,,,,,,RDE N° 118-2022-MINEDU/VMGI-PRONABEC,14/04/2026 14:01:23
385,325,2022   ,Beca para Situaciones Especiales en Formación Técnico Productiva REPARED,Beca Tecnico Productivo REPARED,Becas Especiales,,,,,,,,,,,,RDE Nº 255-2021-MINEDU/VMGI-PRONABEC,14/04/2026 14:01:23
386,378,2023   ,Beca 18 Ordinaria,Modalidad Ordinaria,Beca Ordinario,3450,,,,,,,,,,,RDE N° 167-2022-MINEDU/VMGI-PRONABEC,14/04/2026 14:01:23
387,407,2024   ,Beca 18 - Convocatoria 2024 - Preseleccionados,Beca 18 - Preseleccionados,Becas CNA,,,,,,,,,,,,RDE N° 163-2023-MINEDU/VMGI-PRONABEC,14/04/2026 14:01:23
388,412,2024   ,Beca inclusión para carreras universitarias o profesionales técnicas - Convocatoria 2024,Beca Inclusion Carreras Universitarias,Beca Inclusion para Carreras Universitarias,,,,,,,,,,,,N 035-2024-MINEDU/VMGI-PRONABEC,14/04/2026 14:01:23
389,415,2024   ,Crédito Talento - Convocatoria 2024,CREDITO TALENTO,CREDITO TALENTO,250,,,,,,,,,,,RDE N° 045-2024-MINEDU/VMGI-PRONABEC,14/04/2026 14:01:23
390,416,2024   ,Beca Inclusión Técnico Productiva - Convocatoria 2024,Beca Inclusion Tecnico-Productiva,BECA INCLUSIÓN TÉCNICO PRODUCTIVA,,,,,,,,,,,,RDE N° 035-2024-MINEDU/VMGI-PRONABEC,14/04/2026 14:01:23
391,419,2025   ,Beca 18 Ordinaria,Modalidad Ordinaria,Beca Ordinario,,,,,,,,,,,,RDE N° 113-2024-MINEDU/VMGI-PRONABEC,14/04/2026 14:01:23
392,420,2025   ,Beca Protección,Albergue,Becas Albergue,,,,,,,,,,,,RDE N° 113-2024-MINEDU/VMGI-PRONABEC,14/04/2026 14:01:23
393,421,2025   ,Beca REPARED,Repared,Beca Reparaciones,,,,,,,,,,,,RDE N° 113-2024-MINEDU/VMGI-PRONABEC,14/04/2026 14:01:23
394,422,2025   ,Beca VRAEM,VRAEM,Beca VRAEM,,,,,,,,,,,,RDE N° 113-2024-MINEDU/VMGI-PRONABEC,14/04/2026 14:01:23
395,423,2025   ,Beca Huallaga,Huallaga,Becas Huallaga,,,,,,,,,,,,RDE N° 113-2024-MINEDU/VMGI-PRONABEC,14/04/2026 14:01:23
396,424,2025   ,Beca FFAA,Licenciados FFAA,Beca FFAA,,,,,,,,,,,,RDE N° 113-2024-MINEDU/VMGI-PRONABEC,14/04/2026 14:01:23
397,425,2025   ,Beca EIB,Educación Intercultural Bilingüe,Becas EIB,,,,,,,,,,,,RDE N° 113-2024-MINEDU/VMGI-PRONABEC,14/04/2026 14:01:23
398,426,2025   ,Beca CNA y Poblaciones Afroperuanas,Comunidades Nativas,Becas CNA,,,,,,,,,,,,RDE N° 113-2024-MINEDU/VMGI-PRONABEC,14/04/2026 14:01:23
399,432,2025   ,Beca de Gestión de la Cooperación Nacional - Beca Perú - Convocatoria 2025 - Segundo momento,Beca Peru,Beca Peru,,,,,,,,,,,,RDE N° 006-2025-MINEDU/VMGI-PRONABEC,14/04/2026 14:01:23
400,439,2025   ,Crédito Talento - Convocatoria 2025,CREDITO TALENTO,CREDITO TALENTO,,,,,,,,,,,,RDE N° 054-2025-MINEDU/VMGI-PRONABEC,14/04/2026 14:01:23
101,131,2016   ,Beca 18 FFAA,Licenciados FFAA,Beca FFAA,,1,31/12/2015,31/12/2015,31/03/2016,29/02/2016,13/10/2016,31/12/2015,21/11/2016,,24,RDE N° 659-2015-MINEDU-VMGI-OBEC-PRONABEC,14/04/2026 14:01:23
102,132,2016   ,Beca 18 EIB,Educación Intercultural Bilingüe,Becas EIB,,1,31/12/2015,31/12/2015,31/03/2016,29/02/2016,29/02/2016,31/12/2015,21/11/2016,,22,RDE N° 659-2015-MINEDU-VMGI-OBEC-PRONABEC,14/04/2026 14:01:23
103,133,2016   ,Beca 18 CNA,Comunidades Nativas,Becas CNA,,1,31/12/2015,31/12/2015,31/03/2016,29/02/2016,29/02/2016,31/12/2015,21/11/2016,,22,RDE N° 659-2015-MINEDU-VMGI-OBEC-PRONABEC,14/04/2026 14:01:23
104,134,2016   ,Beca Especialización en Pedagogía para Docentes Titulados en la Especialidad de Inglés, nombrados en Instituciones Educativas Públicas de Educación Básica Regular en el nivel de educación secundaria,Beca Docente Internacional,Beca Docente,200,1,31/12/2015,06/01/2016,14/01/2016,15/01/2016,03/02/2016,09/01/2016,03/02/2016,,55,RDE N° 648-2015-MINEDU-VMGI-OBEC-PRONABEC,14/04/2026 14:01:23
105,63,2014-01,Beca Especializacion en Pedagogía de invierno 2014 - Nacional,Beca Docente Nacional,Beca Docente,1800,1,,25/06/2014,01/07/2014,27/06/2014,31/12/2014,25/06/2014,19/07/2014,,,RDE N° 158-2014-MINEDU-VMGI-OBEC-PRONABEC,14/04/2026 14:01:23
106,64,2014-02,Beca Perú (Lima - Callao),Beca Peru,Beca Peru,2428,1,,17/06/2014,13/07/2014,14/07/2014,17/07/2014,17/06/2014,24/07/2014,,,RDE N° 176-2014-MINEDU-VMGI-OBEC-PRONABEC,14/04/2026 14:01:23
107,66,2014-01,Vocación de Maestro,Beca Vocacion Maestro,Beca Vocación de Maestro,300,1,,30/06/2014,26/10/2014,14/11/2014,08/12/2014,30/06/2014,16/12/2014,,,RDE N° 198-2014-MINEDU-VMGI-OBEC-PRONABEC / RDE N° 289-2014,14/04/2026 14:01:23
108,67,2014-01,Beca Excelencia Académica,Beca Excelencia Academica,Beca Ordinario,,1,,23/09/2014,02/02/2015,14/11/2014,18/02/2015,25/06/2014,12/12/2014,,,RDE N° 197-2014-MINEDU-VMGI-OBEC-PRONABEC / RDE N° 223-2014,14/04/2026 14:01:23
109,70,2014-02,Beca Especial FFAA,Beca Tecnico-Productiva,Módulos de Enseñanza,1000,1,,27/06/2014,06/08/2014,04/07/2014,19/09/2014,18/08/2014,18/08/2014,,,RDE N° 192-2014-MINEDU-VMGI-OBEC-PRONABEC,14/04/2026 14:01:23
110,69,2014-02,Beca Alianza del Pacífico,Beca Alianza del Pacifico ,Beca Alianza del Pacífico,,1,,18/07/2014,01/09/2014,18/07/2014,18/07/2014,18/07/2014,18/07/2014,,,RDE N° 122-2014-MINEDU-VMGI-OBEC-PRONABEC,14/04/2026 14:01:23
111,136,2014-01,Beca para casos Sociales o de Necesidad o de Extrema Urgencia - Piura,Beca Casos Sociales,Becas casos sociales,19,2,,12/01/2016,27/01/2016,12/01/2016,27/01/2016,12/01/2016,27/01/2016,,,RDE N° 11-2016-MINEDU-VMGI-PRONABEC,14/04/2026 14:01:23
112,138,2016   ,Beca Excelencia Académica para hijos de docentes,Beca Excelencia Academica,Beca Excelencia Académica para hijos de docentes,500,1,,01/02/2016,10/06/2016,01/06/2016,28/11/2016,01/02/2016,28/11/2016,,,RDE N° 582-2015-MINEDU-VMGI-PRONABEC,14/04/2026 14:01:23
113,145,2016   ,Beca de Reciprocidad Perú - China para estudiantes peruanos,Beca Peru - China,Beca Reciprocidad Internacional,10,1,31/12/2016,23/03/2016,05/04/2016,06/04/2016,07/04/2016,23/03/2016,11/04/2016,,40,RDE N° 197-2016-MINEDU-VMGI-OBEC-PRONABEC,14/04/2026 14:01:23
114,147,2016   ,Beca de Reciprocidad Perú - China, dirigida a ciudadanos chinos,Beca Peru - China,Beca Reciprocidad - Nacional,8,1,31/12/2016,12/05/2016,05/08/2016,09/08/2016,10/08/2016,12/05/2016,30/08/2016,,35,RDE N° 177-2016-MINEDU-VMGI-OBEC-PRONABEC,14/04/2026 14:01:23
115,153,2016   ,Beca Amistad Peruano Ecuatoriana,Beca Peru Ecuador ,Beca Amistad Ecuador - Perú,50,2,,29/04/2016,15/07/2016,01/07/2016,23/08/2016,29/04/2016,23/08/2016,29,40,RDE N° 264-2016-MINEDU-VMGI-PRONABEC,14/04/2026 14:01:23
116,154,2016   ,Beca Amistad Ecuador-Perú,Beca Peru Ecuador ,Beca Amistad Perú - Ecuador,200,2,,04/06/2015,09/09/2016,10/06/2015,10/07/2015,04/06/2015,09/09/2016,15,50,RDE N° 268-2016-MINEDU-VMGI-PRONABEC,14/04/2026 14:01:23
117,159,2016   ,Beca Idioma Portugués,Beca Portugués,Becas Especiales,100,1,31/12/2015,26/05/2016,08/07/2016,11/07/2016,26/08/2016,26/05/2016,26/08/2016,0,30,RDE N° 319-2016-MINEDU-VMGI-PRONABEC, RDE N° 375-2016-MINEDU-VMGI-PRONABEC, RDE N° 641-2016-MINEDU-VMGI-PRONABEC,14/04/2026 14:01:23
118,194,2017   ,Beca Excelencia Académica para hijos de docentes,Beca Excelencia Academica,Beca Excelencia Académica para hijos de docentes,20,1,,22/05/2017,26/06/2017,12/06/2017,16/06/2017,22/05/2017,24/07/2017,,,RDE N° 244-2017-MINEDU-VMGI-PRONABEC / RDE N° 255-2017-MINEDU-VMGI-PRONABEC,14/04/2026 14:01:23
119,181,2017   ,Beca de Reciprocidad Perú - China para estudiantes peruanos (PostGrado),Beca Peru - China,Beca Reciprocidad Internacional,10,1,31/12/2017,17/03/2017,08/05/2017,09/05/2017,11/05/2017,23/03/2016,09/05/2017,,40,RDE N° 133-2017-MINEDU-VMGI-PRONABEC,14/04/2026 14:01:23
120,161,2016   ,Beca de Especialización en Pedagogía para Docentes Nombrados de Centros de Educación Básica Especial y Programas de Intervención Temprana,Beca Docente Internacional,Beca Docente,50,,,15/06/2016,19/06/2016,20/06/2016,23/06/2016,15/06/2016,31/07/2016,,,RDE N° 366-2016-MINEDU-VMGI-PRONABEC,14/04/2026 14:01:23
121,168,2016   ,Beca ALEPRONA,Beca ALEPRONA,Beca Especial para graduados universitarios,10,2,,15/07/2016,21/11/2016,28/10/2016,10/03/2017,15/07/2016,10/03/2017,,,RDE N° 498-2016-MINEDU-VMGI-PRONABEC,14/04/2026 14:01:23
122,169,2016   ,Beca de Reciprocidad Cubano - Peruana, para estudiantes, egresados o docentes de CENFOTUR,Beca Peru - Cuba,Beca Reciprocidad Internacional,50,2,31/12/2016,28/11/2016,05/12/2016,02/12/2016,05/12/2016,15/08/2016,23/12/2016,18,,RDE N° 919-2016-MINEDU-VMGI-PRONABEC,14/04/2026 14:01:23
123,170,2016   ,Beca de Reciprocidad Cubano - Peruana,  para egresados o docentes de FORMATUR,Beca Peru - Cuba,Beca Especialistas,50,2,31/12/2016,28/11/2016,16/12/2016,02/12/2016,05/12/2016,15/08/2016,23/12/2016,18,,RDE N° 919-2016-MINEDU-VMGI-PRONABEC,14/04/2026 14:01:23
124,171,2016-03,Beca de Permanencia de Estudios - Nacional,Beca Permanencia,Beca de Permanencia,400,1,31/12/2015,18/08/2016,12/09/2016,13/09/2016,06/01/2017,18/08/2016,28/10/2016,,23,RDE N° 711-2016-MINEDU-VMGI-PRONABEC, RDE N° 765-2016-MINEDU-VMGI-PRONABEC,14/04/2026 14:01:23
125,84,2015   ,Beca 18 REPARED,Repared,Beca Reparaciones,,1,31/12/2014,03/12/2014,01/04/2015,01/02/2014,17/07/2015,03/12/2014,08/06/2015,,50,RDE N° 472-2014-MINEDU-VMGI-OBEC-PRONABEC,14/04/2026 14:01:23
126,85,2015   ,Beca 18 VRAEM,VRAEM,Beca VRAEM,,1,31/12/2014,03/12/2014,01/04/2015,01/02/2014,30/06/2015,03/12/2014,08/06/2015,,22,RDE N° 472-2014-MINEDU-VMGI-OBEC-PRONABEC,14/04/2026 14:01:23
127,86,2015   ,Beca 18 Huallaga,Huallaga,Becas Huallaga,,1,31/12/2014,03/12/2014,01/04/2015,01/02/2014,30/06/2015,03/12/2014,08/06/2015,,22,RDE N° 472-2014-MINEDU-VMGI-OBEC-PRONABEC,14/04/2026 14:01:23
128,87,2015   ,Beca 18 FFAA,Licenciados FFAA,Beca FFAA,,1,31/12/2014,03/12/2014,01/04/2015,01/02/2014,30/06/2015,03/12/2014,08/06/2015,,24,RDE N° 472-2014-MINEDU-VMGI-OBEC-PRONABEC,14/04/2026 14:01:23
129,88,2015   ,Beca 18 EIB,Educación Intercultural Bilingüe,Becas EIB,,1,31/12/2014,03/12/2014,01/04/2015,07/02/2014,14/10/2015,03/12/2014,08/06/2015,,22,RDE N° 472-2014-MINEDU-VMGI-OBEC-PRONABEC,14/04/2026 14:01:23
130,89,2015   ,Beca 18 CNA,Comunidades Nativas,Becas CNA,,1,31/12/2014,09/12/2014,01/04/2015,07/02/2014,09/09/2015,09/12/2014,08/06/2015,,22,RDE N° 472-2014-MINEDU-VMGI-OBEC-PRONABEC,14/04/2026 14:01:23
131,118,2016   ,Beca Excelencia Internacional Francia,Beca Excelencia Internacional,Beca Pregrado Internacional,,1,31/12/2015,21/10/2015,06/11/2015,02/11/2015,30/04/2017,22/10/2015,04/12/2015,0,24,RDE N° 465-2015-MINEDU-VMGI-OBEC-PRONABEC / RDE N° 688-2015,14/04/2026 14:01:23
132,155,2016   ,Beca Especial de Inglés para estudiantes de 3° Y 4° año de educación secundaria de instituciones públicas EBR,Beca Ingles,Becas Especiales,6500,1,31/12/2016,17/05/2016,15/06/2016,16/06/2016,25/08/2016,18/05/2016,13/08/2016,,18,RDE N° 290-2016-MINEDU-VMGI-PRONABEC,14/04/2026 14:01:23
133,165,2016-2 ,Credito 18 : ,Credito 18,CRÉDITO 18,,1,,04/06/2016,30/12/2016,30/07/2016,30/09/2016,12/08/2016,30/12/2016,,,,14/04/2026 14:01:23
134,176,2017-01,Beca Perú,Beca Peru,Beca Peru,151,2,31/12/2016,14/12/2016,11/01/2017,12/01/2017,29/03/2017,14/12/2016,18/01/2017,16,29,RDE N° 965-2016-MINEDU-VMGI-PRONABEC,14/04/2026 14:01:23
135,177,2017-01,Beca para casos Sociales o de Necesidad o de Extrema Urgencia,Beca Casos Sociales,Becas casos sociales,19,2,,16/12/2016,30/01/2017,17/01/2017,17/01/2017,16/12/2016,03/02/2017,,,RDE N° 87-2016-MINEDU-VMGI-PRONABEC,14/04/2026 14:01:23
136,178,2017   ,Beca Excelencia Internacional Francia,Beca Excelencia Internacional,Beca Pregrado Internacional,,1,31/12/2016,19/12/2016,23/12/2016,26/08/2016,30/04/2017,22/10/2015,02/11/2017,0,24,RDE N° 966-2016-MINEDU-VMGI-PRONABEC,14/04/2026 14:01:23
137,179,2017   ,Beca Especialización en Pedagogía para docentes y directores y subdirectores nombrados en Centros de Educación Básica Alternativa,Beca Docente Internacional,Beca Docente,95,1,31/12/2016,19/01/2017,29/01/2017,30/01/2017,03/02/2017,21/01/2017,28/02/2017,,58,RDE N° 17-2017-MINEDU-VMGI-PRONABEC,14/04/2026 14:01:23
138,183,2017   ,Beca Presidente de la República,Beca Generación del Bicentenario (anteriormente denominada Beca Presidente de la República),Becas Postgrado Extranjero,10,1,31/12/2017,11/03/2017,30/05/2017,06/04/2016,05/06/2017,30/03/2016,22/12/2017,18,22,RDE N° 129-2017-MINEDU-VMGI-PRONABEC,14/04/2026 14:01:23
139,187,2017   ,Beca 18 Albergue,Albergue,Becas Albergue,,1,31/12/2016,31/03/2017,07/06/2017,29/02/2016,05/05/2017,31/12/2015,26/06/2017,,22,RDE N° 161-2017-MINEDU-VMGI-OBEC-PRONABEC / RDE N° 258-2017-MINEDU-VMGI-OBEC-PRONABEC,14/04/2026 14:01:23
140,196,2018   ,Beca Alianza del Pacífico - Colombia,Beca Alianza del Pacifico ,Beca Alianza del Pacífico Internacional,100,1,,10/06/2017,31/10/2017,05/05/2016,01/06/2016,05/05/2016,21/05/2017,2621,,RDE N° 1131-2017-MINEDU-VMGI-PRONABEC,14/04/2026 14:01:23
141,197,2018   ,Beca Alianza del Pacífico - Chile,Beca Alianza del Pacifico ,Beca Alianza del Pacífico Internacional,100,1,,10/06/2017,31/10/2017,05/05/2016,01/06/2016,05/05/2016,11/04/2017,2623,,RDE N° 1131-2017-MINEDU-VMGI-PRONABEC,14/04/2026 14:01:23
142,198,2018   ,Beca Alianza del Pacífico - México,Beca Alianza del Pacifico ,Beca Alianza del Pacífico Internacional,100,1,,10/06/2017,31/10/2017,05/05/2016,01/06/2016,05/05/2016,11/04/2017,2620,,RDE N° 1131-2017-MINEDU-VMGI-PRONABEC,14/04/2026 14:01:23
143,199,2018   ,Beca Alianza del Pacífico - Perú,Beca Alianza del Pacifico ,Beca Alianza del Pacífico,100,1,,10/06/2017,31/10/2017,05/05/2016,17/01/2017,05/05/2016,11/04/2017,2102,,RDE N° 1131-2017-MINEDU-VMGI-PRONABEC,14/04/2026 14:01:23
144,200,2017   ,Beca complementaria a las Becas del Gobierno  de Israel,Beca Complementara,Beca Israel,15,1,,22/06/2017,31/12/2017,30/08/2017,31/12/2017,22/06/2017,31/12/2017,,,RDE N° 779-2017-MINEDU-VMGI-OBEC-PRONABEC,14/04/2026 14:01:23
145,202,2017   ,Beca Técnico Productiva para Jóvenes de Pueblos Indígenas u Originarios en Situaciones Especiales,Beca Tecnico-Productiva,BECA INCLUSIÓN TÉCNICO PRODUCTIVA,200,1,31/12/2017,14/07/2017,28/09/2017,19/07/2017,20/07/2017,01/06/2017,26/07/2017,0,34,RDE N° 326-2017-MINEDU-VMGI-PRONABEC,14/04/2026 14:01:23
146,203,2017   ,Beca de reciprocidad Perú - Colombia dirigido a ciudadanos colombianos,Beca Peru - Colombia,Beca Reciprocidad - Nacional,11,1,31/12/2017,03/07/2017,31/08/2017,05/09/2017,18/09/2017,03/07/2017,10/10/2017,,40,RDE N° 166-2017-MINEDU-VMGI-PRONABEC,14/04/2026 14:01:23
147,204,2017   ,Beca de Permanencia de Estudios Nacional - Modalidad Ordinaria 1er ciclo,Beca Permanencia,Beca de Permanencia,400,1,31/12/2015,20/07/2017,03/09/2017,13/09/2016,06/10/2017,20/07/2017,06/10/2017,,23,RDE N° 902-2017-MINEDU-VMGI-PRONABEC,14/04/2026 14:01:23
148,205,2017   ,Beca de Permanencia de Estudios Nacional - Modalidad Ordinaria de 2do a 9no ciclo,Beca Permanencia,Beca de Permanencia,400,1,31/12/2015,20/07/2017,03/09/2017,13/09/2016,06/10/2017,20/07/2017,06/10/2017,,23,RDE N° 902-2017-MINEDU-VMGI-PRONABEC,14/04/2026 14:01:23
149,206,2017   ,Beca de Permanencia de Estudios Nacional - Modalidad Excelencia 1er ciclo,Beca Permanencia,Beca de Permanencia,400,1,31/12/2015,20/07/2017,03/09/2017,13/09/2016,06/10/2017,20/07/2017,06/10/2017,,23,RDE N° 902-2017-MINEDU-VMGI-PRONABEC,14/04/2026 14:01:23
150,207,2017   ,Beca de Permanencia de Estudios Nacional - Modalidad Excelencia de 2do a 9no ciclo,Beca Permanencia,Beca de Permanencia,400,1,31/12/2015,20/07/2017,03/09/2017,13/09/2016,06/10/2017,20/07/2017,06/10/2017,,23,RDE N° 902-2017-MINEDU-VMGI-PRONABEC,14/04/2026 14:01:23
151,208,2017   ,Beca de Permanencia de Estudios Nacional - Modalidad Intercultural 1er ciclo,Beca Permanencia,Beca de Permanencia,400,1,31/12/2015,20/07/2017,03/09/2017,13/09/2016,06/10/2017,20/07/2017,06/10/2017,,23,RDE N° 902-2017-MINEDU-VMGI-PRONABEC,14/04/2026 14:01:23
152,209,2017   ,Beca de Permanencia de Estudios Nacional - Modalidad Intercultural de 2do a 9no ciclo,Beca Permanencia,Beca de Permanencia,400,1,31/12/2015,20/07/2017,03/09/2017,13/09/2016,06/10/2017,20/07/2017,06/10/2017,,23,RDE N° 902-2017-MINEDU-VMGI-PRONABEC,14/04/2026 14:01:23
153,93,2015   ,Beca Especialización en Pedagogía - Educación Intercultural Bilingue,Beca Docente Internacional,Beca Docente,300,1,31/12/2014,12/12/2014,21/12/2014,22/12/2014,10/02/2015,15/12/2014,07/01/2015,,55,RDE N° 476-2014-MINEDU-VMGI-OBEC-PRONABEC,14/04/2026 14:01:23
154,98,2015   ,Beca Perú - Lima Callao,Beca Peru,Beca Peru,,2,,10/02/2015,07/03/2015,07/03/2015,13/03/2015,10/02/2015,14/03/2015,,45,RDE N° 55-2015-MINEDU-VMGI-PRONABEC,14/04/2026 14:01:23
155,139,2016-02,Beca Alianza del Pacífico (extranjeros en el Perú),Beca Alianza del Pacifico ,Beca Alianza del Pacífico,100,1,,03/02/2016,18/07/2016,28/05/2016,22/07/2016,03/02/2016,15/07/2016,,,RDE N° 080-2016-MINEDU-VMGI-OBEC-PRONABEC,14/04/2026 14:01:23
156,140,2016-02,Beca Alianza del Pacífico (Peruanos en el extranjero),Beca Alianza del Pacifico ,Beca Alianza del Pacífico Internacional,100,1,,03/02/2016,25/06/2016,28/05/2016,30/06/2016,03/02/2016,27/06/2016,,,,14/04/2026 14:01:23
157,149,2017   ,Beca Alianza del Pacífico - Perú,Beca Alianza del Pacifico ,Beca Alianza del Pacífico,100,1,,05/05/2016,11/04/2017,05/05/2016,17/01/2017,05/05/2016,11/04/2017,2102,,,14/04/2026 14:01:23
158,212,2017   ,Beca de Permanencia de Estudios - Arte,Beca Permanencia,Beca de Permanencia,225,1,31/12/2016,31/07/2017,31/08/2017,01/09/2017,06/10/2017,31/07/2017,06/10/2017,,26,RDE N° 104-2017-MINEDU-VMGI-PRONABEC, RDE N° 920-2017-MINEDU-VMGI-PRONABEC,14/04/2026 14:01:23
159,213,2017   ,Beca Docente Universitario,Beca Maestría en Educación  Docente,Becas Postgrado Nacional,160,1,31/12/2016,31/07/2017,15/09/2017,21/08/2017,22/08/2017,31/07/2017,15/09/2017,30,56,RDE N° 923-2017-MINEDU-VMGI-OBEC-PRONABEC,14/04/2026 14:01:23
160,214,2017   ,Credito 18 :,Credito 18,CRÉDITO 18,,1,,05/10/2015,07/11/2017,30/10/2015,07/11/2017,10/05/2016,29/12/2017,,,,14/04/2026 14:01:23
161,219,2017   ,Beca Ingles para Docentes de Educacion Basica Regular en Instituciones Educativas Públicas de Nivel secundaria,Beca Docente Ingles,Becas Especiales,800,,,30/08/2017,17/09/2017,18/09/2017,20/09/2017,30/08/2017,12/10/2017,,,RDE N° 972-2017 MINEDU-VMGI-PRONABEC,14/04/2026 14:01:23
162,220,2017-02,Beca Ingles para Docentes de Educacion Basica Regular en Instituciones Educativas Públicas de Nivel secundaria,Beca Docente Ingles,Becas Especiales,215,,,24/10/2017,06/11/2017,07/11/2017,09/11/2017,24/10/2017,10/11/2017,,,RDE N° 1054-2017 MINEDU-VMGI-PRONABEC,14/04/2026 14:01:23
163,221,2017   ,Beca Técnico Productiva REPARED,Beca Tecnico Productivo REPARED,Módulos de Enseñanza,120,2,,25/10/2017,17/11/2017,09/11/2017,12/11/2017,25/10/2017,12/12/2017,18,,RDE N° 1065-2017-MINEDU-VMGI-PRONABEC / RDE N° 1075-2017-MINEDU-VMGI-PRONABEC,14/04/2026 14:01:23
164,222,2017   ,Beca Técnico Productiva VRAEM,Beca Tecnico-Productiva,Módulos de Enseñanza,120,2,,27/11/2017,07/12/2017,09/12/2017,09/12/2017,27/11/2017,04/01/2018,18,,RDE N° 1103-2017-MINEDU-VMGI-PRONABEC, RDE N° 1116-2017-MINEDU-VMGI-PRONABEC,14/04/2026 14:01:23
165,224,2018   ,Beca para casos Sociales o de Necesidad o de Extrema Urgencia,Beca Casos Sociales,Becas casos sociales,32,2,,31/01/2018,11/02/2018,31/01/2018,12/02/2018,31/01/2018,12/02/2018,,,RDE N° 87-2018-MINEDU-VMGI-PRONABEC,14/04/2026 14:01:23
166,225,2018-01,Beca Perú,Beca Peru,Beca Peru,151,2,31/12/2016,16/02/2018,01/03/2018,26/02/2018,27/02/2018,16/02/2018,06/03/2018,16,29,RDE N° 40-2018-MINEDU/VMGI-PRONABEC,14/04/2026 14:01:23
167,234,2018   ,Beca Excelencia Académica para hijos de docentes,Beca Excelencia Academica,Beca Excelencia Académica para hijos de docentes,200,1,,14/06/2018,10/07/2018,11/07/2018,18/07/2018,14/06/2018,17/08/2018,,,RDE N° 143-2018-MINEDU/VMGI-PRONABEC,14/04/2026 14:01:23
168,236,2019   ,Beca Alianza del Pacífico - Colombia,Beca Alianza del Pacifico ,Beca Alianza del Pacífico Internacional,100,1,,02/07/2018,26/10/2018,29/10/2018,23/11/2018,02/07/2018,26/11/2018,2621,,RDE N° 158-2018-MINEDU-VMGI-PRONABEC,14/04/2026 14:01:23
169,237,2019   ,Beca Alianza del Pacífico - Chile,Beca Alianza del Pacifico ,Beca Alianza del Pacífico Internacional,100,1,,02/07/2018,26/10/2018,29/10/2018,23/11/2018,02/07/2018,26/11/2018,2623,,RDE N° 158-2018-MINEDU-VMGI-PRONABEC,14/04/2026 14:01:23
170,238,2019   ,Beca Alianza del Pacífico - México,Beca Alianza del Pacifico ,Beca Alianza del Pacífico Internacional,100,1,,02/07/2018,26/10/2018,29/10/2018,23/11/2018,02/07/2018,26/11/2018,2620,,RDE N° 158-2018-MINEDU-VMGI-PRONABEC,14/04/2026 14:01:23
171,239,2019   ,Beca Alianza del Pacífico - Perú,Beca Alianza del Pacifico ,Beca Alianza del Pacífico,100,1,,02/07/2018,26/10/2018,29/10/2018,23/11/2018,02/07/2018,26/11/2018,2102,,RDE N° 158-2018-MINEDU-VMGI-PRONABEC,14/04/2026 14:01:23
172,240,2018-02,Beca para casos Sociales o de Necesidad o de Extrema Urgencia,Beca Casos Sociales,Becas casos sociales,32,2,,09/07/2018,22/07/2018,23/07/2018,23/07/2018,09/07/2018,25/07/2018,,,RDE N° 169-2018-MINEDU/VMGI-PRONABEC,14/04/2026 14:01:23
173,241,2018-02,Beca Perú,Beca Peru,Beca Peru,151,2,31/12/2016,09/07/2018,15/07/2018,16/07/2018,16/07/2018,09/07/2018,18/07/2018,16,29,RDE N° 170-2018-MINEDU/VMGI-PRONABEC,14/04/2026 14:01:23
174,103,2015   ,Beca Extraordinaria FFAA,Licenciados FFAA,Beca FFAA,1000,1,31/12/2014,06/03/2015,15/04/2015,16/04/2015,15/07/2015,06/03/2015,25/05/2015,,24,RDE N° 107-2015-MINEDU-VMGI-PRONABEC,14/04/2026 14:01:23
175,141,2016   ,Beca de Especialización en Pedagogía, dirigida a Docentes Ganadores del Concurso Nacional de Buenas Practicas Docentes del 2014-II y 2015 III,Beca Docente Internacional,Beca Docente,50,1,31/12/2016,25/02/2016,29/02/2016,01/03/2016,02/03/2016,31/03/2016,07/03/2016,,58,RDE N° 103-2016-MINEDU-VMGI-PRONABEC,14/04/2026 14:01:23
176,142,2016-01,Beca para casos Sociales o de Necesidad o de Extrema Urgencia,Beca Casos Sociales,Becas casos sociales,19,2,,25/02/2016,09/03/2016,11/03/2016,05/01/2017,25/02/2016,18/03/2016,,,RDE N° 11-2016-MINEDU-VMGI-PRONABEC,14/04/2026 14:01:23
177,180,2017   ,Beca 18 Internacional,Modalidad Pregrado Internacional,Becas Honduras,100,1,28/02/2017,15/02/2017,31/05/2017,16/03/2017,16/04/2017,17/07/2017,31/05/2017,18,22,RDE N° 065-2017-MINEDU-VMGI-PRONABEC,14/04/2026 14:01:23
178,105,2015   ,Beca Especial para Entrenamiento Deportivo Especializado - Beca Deportes Cuba,Beca Deportes,Beca Reciprocidad Internacional,200,2,,13/03/2015,10/04/2015,23/03/2015,28/05/2015,13/03/2015,28/05/2015,,25,RDE N° 117-2015-MINEDU-VMGI-PRONABEC,14/04/2026 14:01:23
179,166,2016-02,Beca Perú,Beca Peru,Beca Peru,151,2,,16/06/2016,30/06/2016,01/07/2016,06/07/2016,16/06/2016,15/07/2016,16,29,RDE N° 385-2016-MINEDU-VMGI-PRONABEC,14/04/2026 14:01:23
180,175,2017   ,Vocación de Maestro,Beca Vocacion Maestro,Beca Vocación de Maestro,511,1,31/12/2016,01/12/2016,31/05/2017,06/02/2017,19/07/2017,31/05/2017,02/08/2017,,22,RJ N° 933-2016-MINEDU-VMGI-PRONABEC, RDE N° 042-2017-MINEDU-VMGI-PRONABEC, RDE N° 051-2017-MINEDU-VMGI-PRONABEC,14/04/2026 14:01:23
181,201,2017   ,Beca de Movilidad Estudiantil en Pedagogía Paulo Freire,Movilidad Estudiantil,Beca Israel,15,1,,26/06/2017,12/07/2017,12/07/2017,13/07/2017,26/06/2017,26/07/2017,,,RDE N° 810-2017-MINEDU-VMGI-PRONABEC, RDE N° 833-2017-MINEDU-VMGI-PRONABEC,14/04/2026 14:01:23
182,111,2016   ,Vocación de Maestro,Beca Vocacion Maestro,Beca Vocación de Maestro,300,1,,27/07/2015,06/11/2015,27/07/2015,28/03/2016,27/07/2015,15/01/2016,,,RJ N° 326-2015-MINEDU-VMGI-PRONABEC,14/04/2026 14:01:23
183,113,2015   ,Beca complementaria a las Becas otorgadas por el gobierno  de Israel,Beca Complementara,Beca Israel,15,1,,01/08/2015,30/12/2015,08/08/2015,30/12/2015,01/08/2015,30/10/2015,,,RDE N° 294-2015-MINEDU-VMGI-PRONABEC,14/04/2026 14:01:23
184,114,2015   ,Beca para casos Sociales o de Necesidad o de Extrema Urgencia,Beca Casos Sociales,Becas casos sociales,100,2,,07/08/2015,20/10/2015,31/08/2015,31/08/2015,07/08/2015,23/10/2015,,,RDE N° 333-2015-MINEDU-VMGI-PRONABEC,14/04/2026 14:01:23
185,119,2016   ,Beca de Permanencia de Estudios - Nacional,Beca Permanencia,Beca de Permanencia,300,1,31/12/2015,02/11/2015,31/01/2016,04/01/2016,23/03/2016,02/11/2015,22/03/2016,,28,RDE N° 457-2015-MINEDU-VMGI-OBEC-PRONABEC,14/04/2026 14:01:23
186,123,2016   ,Beca de Permanencia de Estudios Nacional para Estudiantes del Conservatorio Nacional de Musica,Beca Permanencia,Beca de Permanencia,40,2,,07/12/2015,09/01/2016,11/01/2016,11/03/2016,07/12/2015,18/02/2016,0,35,RDE N° 569-2015-MINEDU-VMGI-PRONABEC,14/04/2026 14:01:23
187,124,2016   ,Beca Postgrado para estudios en maestría dirigido a catedráticos de universidades publicas del país,Beca Maestría en Educación  Docente,Becas Postgrado Nacional,500,1,01/01/2016,07/12/2015,11/02/2016,02/02/2016,19/02/2016,07/12/2015,06/02/2016,0,55,RDE N° 568-2015-MINEDU-VMGI-PRONABEC,14/04/2026 14:01:23
188,135,2016   ,Beca Especialización en Pedagogía 2016 para Directores, Sub-directoress y profesores nombrados de los Centros de Educación Básica Alternativa Públicos,Beca Docente Internacional,Beca Docente,100,1,31/12/2015,11/01/2015,14/01/2016,15/01/2016,17/01/2016,11/01/2016,19/01/2016,,58,RDE N° 658-2015-MINEDU-VMGI-PRONABEC,14/04/2026 14:01:23
189,137,2016   ,Presidente de la República,Beca Generación del Bicentenario (anteriormente denominada Beca Presidente de la República),Becas Postgrado Extranjero,100,1,31/12/2016,07/01/2016,10/03/2016,10/03/2016,31/01/2017,07/01/2016,18/06/2016,0,36,RDE N° 670-2015-MINEDU-VMGI-OBEC-PRONABEC,14/04/2026 14:01:23
190,143,2016   ,Beca de reciprocidad Perú - Colombia dirigido a estudiantes colombianos,Beca Peru - Colombia,Beca Reciprocidad - Nacional,20,1,31/12/2016,02/05/2016,13/07/2016,11/05/2016,04/08/2016,18/06/2016,31/07/2016,,40,RDE N° 183-2016-MINEDU-VMGI-OBEC-PRONABEC / RJ 322-2016-MINEDU-VMGI-PRONABEC,14/04/2026 14:01:23
191,144,2016   ,Beca de reciprocidad Colombia - Perú dirigido a estudiantes peruanos,Beca Peru - Colombia,Beca Reciprocidad Internacional,20,1,31/12/2016,01/04/2016,19/06/2016,21/04/2016,21/06/2016,23/03/2016,31/07/2016,,40,RDE N° 187-2016-MINEDU-VMGI-OBEC-PRONABEC ,14/04/2026 14:01:23
192,146,2016   ,Beca complementaria a las Becas otorgadas por el gobierno  de Israel,Beca Complementara,Beca Israel,15,1,,08/04/2016,28/10/2016,08/08/2015,01/12/2016,05/04/2016,31/12/2016,,,RDE N° 188-2016-MINEDU-VMGI-OBEC-PRONABEC,14/04/2026 14:01:23
193,148,2016   ,Beca Doble Oportunidad,Beca Doble Oportunidad,Beca Doble Oportunidad,500,1,31/12/2016,02/05/2016,30/05/2016,24/05/2016,21/07/2016,05/05/2016,30/06/2016,17,25,RDE N° 261-2016-MINEDU-VMGI-PRONABEC,14/04/2026 14:01:23
194,150,2017   ,Beca Alianza del Pacífico - México,Beca Alianza del Pacifico ,Beca Alianza del Pacífico Internacional,100,1,,05/05/2016,11/04/2017,05/05/2016,01/06/2016,05/05/2016,11/04/2017,2620,,,14/04/2026 14:01:23
195,151,2017   ,Beca Alianza del Pacífico - Chile,Beca Alianza del Pacifico ,Beca Alianza del Pacífico Internacional,100,1,,05/05/2016,11/04/2017,05/05/2016,01/06/2016,05/05/2016,11/04/2017,2623,,,14/04/2026 14:01:23
196,152,2017   ,Beca Alianza del Pacífico - Colombia,Beca Alianza del Pacifico ,Beca Alianza del Pacífico Internacional,100,1,,12/08/2016,21/11/2016,05/05/2016,01/06/2016,05/05/2016,21/05/2017,2621,,,14/04/2026 14:01:23
197,156,2016   ,Beca de Postgrado Franco Peruana para becarios de Beca 18 de pregrado en Francia,Beca franco peruana,Becas Postgrado Extranjero,8,1,01/01/2016,25/05/2016,18/07/2016,02/06/2016,24/08/2016,26/05/2016,24/08/2016,0,55,RDE N° 325-2016-MINEDU-VMGI-PRONABEC,14/04/2026 14:01:23
198,157,2016   ,Beca de Postgrado Franco Peruana para profesionales residentes en Perú,Beca franco peruana,Becas Postgrado Extranjero,2,1,01/01/2016,25/05/2016,18/07/2016,02/06/2016,24/08/2016,26/05/2016,24/08/2016,0,55,RDE N° 325-2016-MINEDU-VMGI-PRONABEC,14/04/2026 14:01:23
199,158,2016-02,Beca de Permanencia de Estudios - Nacional,Beca Permanencia,Beca de Permanencia,1500,1,31/12/2015,25/05/2016,08/07/2016,20/06/2016,19/08/2016,25/05/2016,31/08/2016,,23,RDE N° 306-2016-MINEDU-VMGI-PRONABEC, RDE N° 389-2016-MINEDU-VMGI-PRONABEC,14/04/2026 14:01:23
200,160,2016   ,Beca de Especialización en Educación Física,Beca Docente Internacional,Beca Docente,100,1,31/12/2016,08/06/2016,19/06/2016,14/06/2016,17/06/2016,10/06/2016,31/07/2016,,55,RDE N° 354-2016-MINEDU-VMGI-PRONABEC,14/04/2026 14:01:23
201,164,2015-2 ,Credito 18 : ,Credito 18,CRÉDITO 18,,1,,05/10/2015,28/02/2018,20/11/2015,20/12/2015,22/12/2015,10/01/2016,,,,14/04/2026 14:01:23
202,173,2017   ,Beca de Especialización en Pedagogía para docentes y directores de instituciones educativas en intercultural bilingue,Beca Docente Internacional,Beca Docente,100,1,31/12/2016,15/12/2016,24/12/2016,26/12/2016,24/01/2017,18/12/2016,24/01/2017,,55,RDE N° 952-2016-MINEDU-VMGI-PRONABEC,14/04/2026 14:01:23
203,174,2017   ,Beca de Especialización en Pedagogía para Docentes de Inglés de Instituciones Educativas Públicas de Educación Básica Regular en el Nivel de Secundaria,Beca Docente Internacional,Beca Docente,180,1,31/12/2015,12/12/2016,20/12/2016,22/12/2016,24/01/2017,12/12/2016,24/01/2017,,55,RDE N° 943-2016-MINEDU-VMGI-PRONABEC,14/04/2026 14:01:23
204,182,2017   ,Beca de Reciprocidad Perú - China para estudiantes peruanos (Pregrado),Beca Peru - China,Beca Reciprocidad Internacional,10,1,31/12/2017,17/03/2017,08/05/2017,09/05/2017,20/05/2017,23/03/2016,20/05/2017,18,22,RDE N° 133-2017-MINEDU-VMGI-PRONABEC,14/04/2026 14:01:23
205,186,2017   ,Beca 18 Ordinaria,Modalidad Ordinaria,Beca Ordinario,5000,1,31/12/2016,31/03/2017,07/06/2017,29/02/2016,05/05/2017,31/12/2015,26/06/2017,,22,RDE N° 161-2017-MINEDU-VMGI-OBEC-PRONABEC / RDE N° 258-2017-MINEDU-VMGI-OBEC-PRONABEC,14/04/2026 14:01:23
206,184,2017   ,Beca Mi Vocación Técnica,Beca Mi Vocacion Tecnica,Becas Pregrado,20,1,31/12/2016,23/03/2017,31/05/2017,17/05/2017,09/06/2017,30/06/2017,10/07/2017,,40,RDE N° 140-2017-MINEDU-VMGI-PRONABEC,14/04/2026 14:01:23
207,185,2017   ,Beca de reciprocidad Perú - Colombia,Beca Peru - Colombia,Beca Reciprocidad Internacional,20,1,31/12/2017,17/04/2017,22/06/2017,26/06/2017,12/10/2017,17/04/2017,30/06/2017,,40,RDE N° 88-2017-MINEDU-VMGI-PRONABEC / RDE N° 174-2017-MINEDU-VMGI-PRONABEC,14/04/2026 14:01:23
208,195,2017   ,Beca Alianza del Pacífico - Colombia 2,Beca Alianza del Pacifico ,Beca Alianza del Pacífico Internacional,100,1,,18/04/2017,26/05/2017,05/05/2016,01/06/2016,05/05/2016,21/05/2017,2621,,RDE N° 192-2017-MINEDU-VMGI-OBEC-PRONABEC / RDE N° 249-2017-MINEDU-VMGI-OBEC-PRONABEC,14/04/2026 14:01:23
209,210,2017-2 ,Beca Presidente de la República,Beca Generación del Bicentenario (anteriormente denominada Beca Presidente de la República),Becas Postgrado Extranjero,100,1,31/12/2017,20/07/2017,11/08/2017,12/08/2017,19/05/2017,20/07/2017,13/09/2017,18,50,RDE N° 909-2017-MINEDU-VMGI-PRONABEC,14/04/2026 14:01:23
210,211,2017   ,Beca Complementaria a la Beca Amistad Peruano Ecuatoriana,Beca Peru Ecuador ,Beca Amistad Perú - Ecuador,9,2,,21/07/2017,30/07/2017,31/07/2017,31/07/2017,21/07/2017,01/08/2017,18,,RDE N° 907-2017-MINEDU-VMGI-PRONABEC,14/04/2026 14:01:23
211,115,2016-01,Beca Alianza del Pacífico,Beca Alianza del Pacifico ,Beca Alianza del Pacífico,100,1,,10/08/2015,01/01/2016,27/09/2015,29/01/2016,10/08/2014,29/01/2016,,,RDE N° 336-2015-MINEDU-VMGI-OBEC-PRONABEC,14/04/2026 14:01:23
212,167,2016-02,Beca para casos Sociales o de Necesidad o de Extrema Urgencia,Beca Casos Sociales,Becas casos sociales,19,2,,14/07/2016,30/09/2016,25/07/2016,05/01/2017,14/07/2016,14/10/2016,,,RDE N° 87-2016-MINEDU-VMGI-PRONABEC,14/04/2026 14:01:23
213,188,2017   ,Beca 18 REPARED,Repared,Beca Reparaciones,,1,31/12/2016,31/03/2017,07/06/2017,29/02/2016,05/05/2017,31/12/2015,26/06/2017,,40,RDE N° 161-2017-MINEDU-VMGI-OBEC-PRONABEC / RDE N° 258-2017-MINEDU-VMGI-OBEC-PRONABEC,14/04/2026 14:01:23
214,215,2017   ,Beca Doble Oportunidad,Beca Doble Oportunidad,Beca Doble Oportunidad,500,1,31/12/2016,08/08/2017,12/10/2017,16/10/2017,19/10/2017,08/08/2017,13/11/2017,17,25,RDE N° 926-2016-MINEDU-VMGI-PRONABEC,14/04/2026 14:01:23
215,218,2017   ,Beca ALEPRONA,Beca ALEPRONA,Beca Especial para graduados universitarios,10,2,31/12/2017,26/10/2017,10/11/2017,13/11/2017,16/11/2017,26/10/2017,09/03/2017,,50,RDE N° 1067-2017-MINEDU-VMGI-PRONABEC,14/04/2026 14:01:23
216,223,2017   ,Beca Técnico Productiva FFAA,Beca Tecnico-Productiva,Módulos de Enseñanza,1300,2,,01/12/2017,10/12/2017,11/12/2017,11/12/2017,01/12/2017,05/01/2018,18,,RDE N° 1107-2017-MINEDU-VMGI-PRONABEC / RDE N° 1115-2017-MINEDU-VMGI-PRONABEC,14/04/2026 14:01:23
217,226,2018   ,Beca 18 Ordinaria,Modalidad Ordinaria,Beca Ordinario,900,1,31/12/2016,04/04/2018,30/04/2018,29/02/2016,05/05/2017,31/12/2015,30/04/2018,,22,RDE N° 083-2018-MINEDU-VMGI-OBEC-PRONABEC,14/04/2026 14:01:23
218,227,2018   ,Beca Albergue,Albergue,Becas Albergue,100,1,31/12/2016,04/04/2018,30/04/2018,29/02/2016,05/05/2017,31/12/2015,30/04/2018,,22,RDE N° 083-2018-MINEDU-VMGI-OBEC-PRONABEC,14/04/2026 14:01:23
219,228,2018   ,Beca REPARED,Repared,Beca Reparaciones,400,1,31/12/2016,04/04/2018,30/04/2018,29/02/2016,05/05/2017,31/12/2015,30/04/2018,,40,RDE N° 083-2018-MINEDU-VMGI-OBEC-PRONABEC,14/04/2026 14:01:23
220,229,2018   ,Beca VRAEM,VRAEM,Beca VRAEM,100,1,31/12/2016,04/04/2018,30/04/2018,29/02/2016,05/05/2017,31/12/2015,30/04/2018,,22,RDE N° 083-2018-MINEDU-VMGI-OBEC-PRONABEC,14/04/2026 14:01:23
221,230,2018   ,Beca Huallaga,Huallaga,Becas Huallaga,100,1,31/12/2016,04/04/2018,30/04/2018,29/02/2016,05/05/2017,31/12/2015,30/04/2018,,22,RDE N° 083-2018-MINEDU-VMGI-OBEC-PRONABEC,14/04/2026 14:01:23
222,231,2018   ,Beca FFAA,Licenciados FFAA,Beca FFAA,100,1,31/12/2016,04/04/2018,30/04/2018,29/02/2016,05/05/2017,31/12/2015,30/04/2018,,24,RDE N° 083-2018-MINEDU-VMGI-OBEC-PRONABEC,14/04/2026 14:01:23
223,232,2018   ,Beca EIB,Educación Intercultural Bilingüe,Becas EIB,100,1,31/12/2016,04/04/2018,30/04/2018,29/02/2016,05/05/2017,31/12/2015,30/04/2018,,22,RDE N° 083-2018-MINEDU-VMGI-OBEC-PRONABEC,14/04/2026 14:01:23
224,233,2018   ,Beca CNA,Comunidades Nativas,Becas CNA,200,1,31/12/2016,04/04/2018,30/04/2018,29/02/2016,05/05/2017,31/12/2015,30/04/2018,,22,RDE N° 083-2018-MINEDU-VMGI-OBEC-PRONABEC,14/04/2026 14:01:23
225,235,2018   ,Beca Presidente de la República,Beca Generación del Bicentenario (anteriormente denominada Beca Presidente de la República),Becas Postgrado Extranjero,100,1,31/12/2017,11/07/2018,10/08/2018,12/07/2018,31/08/2018,11/07/2018,02/10/2018,18,45,RDE N° 172-2018-MINEDU-VMGI-PRONABEC, RDE N° 212-2018-MINEDU/VMGI-PRONABEC,14/04/2026 14:01:23
226,189,2017   ,Beca 18 VRAEM,VRAEM,Beca VRAEM,,1,31/12/2016,31/03/2017,07/06/2017,29/02/2016,05/05/2017,31/12/2015,26/06/2017,,22,RDE N° 161-2017-MINEDU-VMGI-OBEC-PRONABEC / RDE N° 258-2017-MINEDU-VMGI-OBEC-PRONABEC,14/04/2026 14:01:23
227,190,2017   ,Beca 18 Huallaga,Huallaga,Becas Huallaga,,1,31/12/2016,31/03/2017,07/06/2017,29/02/2016,05/05/2017,31/12/2015,26/06/2017,,22,RDE N° 161-2017-MINEDU-VMGI-OBEC-PRONABEC / RDE N° 258-2017-MINEDU-VMGI-OBEC-PRONABEC,14/04/2026 14:01:23
228,191,2017   ,Beca 18 FFAA,Licenciados FFAA,Beca FFAA,,1,31/12/2016,31/03/2017,07/06/2017,29/02/2016,05/05/2017,31/12/2015,26/06/2017,,24,RDE N° 161-2017-MINEDU-VMGI-OBEC-PRONABEC / RDE N° 258-2017-MINEDU-VMGI-OBEC-PRONABEC,14/04/2026 14:01:23
229,192,2017   ,Beca 18 EIB,Educación Intercultural Bilingüe,Becas EIB,,1,31/12/2016,31/03/2017,07/06/2017,29/02/2016,05/05/2017,31/12/2015,26/06/2017,,22,RDE N° 161-2017-MINEDU-VMGI-OBEC-PRONABEC / RDE N° 258-2017-MINEDU-VMGI-OBEC-PRONABEC,14/04/2026 14:01:23
230,193,2017   ,Beca 18 CNA,Comunidades Nativas,Becas CNA,,1,31/12/2016,31/03/2017,07/06/2017,29/02/2016,05/05/2017,31/12/2015,26/06/2017,,22,RDE N° 161-2017-MINEDU-VMGI-OBEC-PRONABEC / RDE N° 258-2017-MINEDU-VMGI-OBEC-PRONABEC,14/04/2026 14:01:23
231,217,2017   ,Beca Ingles Docente Investigador de Universidades Publicas,Beca Ingles Docente Investigador de Universidades Publicas,Beca Especialistas,417,1,31/12/2016,07/08/2017,13/09/2017,28/08/2017,29/08/2017,07/08/2017,13/09/2017,,56,RDE N° 938-2017,14/04/2026 14:01:23
232,242,2018   ,Beca de Permanencia de Estudios Nacional,Beca Permanencia,Beca de Permanencia,400,1,31/12/2015,25/07/2018,09/09/2018,01/08/2018,16/09/2018,25/07/2018,10/10/2018,,23,RDE N° 185-2018-MINEDU-VMGI-PRONABEC-OBE,14/04/2026 14:01:23
233,243,2019   ,Beca 18 Ordinaria,Modalidad Ordinaria,Beca Ordinario,900,1,31/12/2016,20/05/2019,22/07/2019,15/11/2018,21/02/2020,15/10/2018,03/09/2019,,22,RDE N° 235-2018-MINEDU-VMGI-OBEC-PRONABEC,14/04/2026 14:01:23
234,244,2019   ,Beca Albergue,Albergue,Becas Albergue,100,1,31/12/2016,20/05/2019,22/07/2019,15/11/2018,05/12/2018,15/10/2018,03/09/2019,,22,RDE N° 235-2018-MINEDU-VMGI-OBEC-PRONABEC,14/04/2026 14:01:23
235,245,2019   ,Beca REPARED,Repared,Beca Reparaciones,400,1,31/12/2016,20/05/2019,22/07/2019,15/11/2018,05/12/2018,15/10/2018,03/09/2019,,40,RDE N° 235-2018-MINEDU-VMGI-OBEC-PRONABEC,14/04/2026 14:01:23
236,246,2019   ,Beca VRAEM,VRAEM,Beca VRAEM,100,1,31/12/2016,20/05/2019,22/07/2019,15/11/2018,05/12/2018,15/10/2018,03/09/2019,,22,RDE N° 235-2018-MINEDU-VMGI-OBEC-PRONABEC,14/04/2026 14:01:23
237,247,2019   ,Beca Huallaga,Huallaga,Becas Huallaga,100,1,31/12/2016,20/05/2019,22/07/2019,15/11/2018,05/12/2018,15/10/2018,03/09/2019,,22,RDE N° 235-2018-MINEDU-VMGI-OBEC-PRONABEC,14/04/2026 14:01:23
238,248,2019   ,Beca FFAA,Licenciados FFAA,Beca FFAA,100,1,31/12/2016,20/05/2019,22/07/2019,15/11/2018,05/12/2018,15/10/2018,03/09/2019,,24,RDE N° 235-2018-MINEDU-VMGI-OBEC-PRONABEC,14/04/2026 14:01:23
239,249,2019   ,Beca EIB,Educación Intercultural Bilingüe,Becas EIB,100,1,31/12/2016,20/05/2019,22/07/2019,15/11/2018,05/12/2018,15/10/2018,03/09/2019,,22,RDE N° 235-2018-MINEDU-VMGI-OBEC-PRONABEC,14/04/2026 14:01:23
240,250,2019   ,Beca CNA,Comunidades Nativas,Becas CNA,200,1,31/12/2016,20/05/2019,22/07/2019,15/11/2018,05/12/2018,15/10/2018,03/09/2019,,22,RDE N° 235-2018-MINEDU-VMGI-OBEC-PRONABEC,14/04/2026 14:01:23
241,251,2018   ,Beca para Situaciones Especiales en Formación Técnico Productiva REPARED,Beca Tecnico Productivo REPARED,Becas Especiales,100,2,,14/11/2018,06/12/2018,21/11/2018,30/11/2018,14/11/2018,05/12/2018,18,,RJ N° 266-2018-MINEDU-VMGI-PRONABEC,14/04/2026 14:01:23
242,252,2019   ,Beca Técnico Productiva para jóvenes de pueblos indígenas u originarios en situaciones especiales,Beca Tecnico-Productiva,BECA INCLUSIÓN TÉCNICO PRODUCTIVA,100,2,,03/12/2018,23/01/2019,24/01/2019,25/01/2019,03/12/2018,30/01/2019,18,,RDE N° 271-2018-MINEDU-VMGI-PRONABEC / RDE N° 308-2018-MINEDU-VMGI-PRONABEC,14/04/2026 14:01:23
243,257,2019   ,Beca de Permanencia de Estudios Nacional,Beca Permanencia,Beca de Permanencia,2675,1,,27/06/2019,16/08/2019,12/08/2019,26/08/2019,27/06/2019,25/09/2019,,,RDE N° 131-2019-MINEDU-VMGI-PRONABEC,14/04/2026 14:01:23
244,258,2019   ,CREDITO TALENTO,CREDITO TALENTO,CREDITO TALENTO,,2,,12/08/2019,04/09/2019,05/09/2019,12/09/2019,12/08/2019,12/09/2019,,,,14/04/2026 14:01:23
245,259,2019   ,Beca Perú,Beca Peru,Beca Peru,151,2,31/12/2016,20/09/2019,15/11/2019,18/11/2019,22/11/2019,20/09/2019,27/12/2019,16,29,RDE N° 228-2019-MINEDU-VMGI-PRONABEC,14/04/2026 14:01:23
246,260,2019   ,Beca para casos Sociales o de Necesidad o de Extrema Urgencia,Beca Casos Sociales,Becas casos sociales,32,2,,01/10/2019,13/11/2019,18/11/2019,22/11/2019,30/09/2019,27/12/2019,,,RDE N° 236-2019-MINEDU/VMGI-PRONABEC,14/04/2026 14:01:23
247,261,2019   ,CREDITO 18,Credito 18,CRÉDITO 18,,,,15/08/2019,04/11/2019,15/08/2019,04/11/2019,15/08/2019,04/11/2019,,,,14/04/2026 14:01:23
248,265,2020   ,Beca 18 Ordinaria,Modalidad Ordinaria,Beca Ordinario,2850,1,,08/06/2020,17/07/2020,12/11/2019,11/03/2020,13/09/2019,30/07/2020,,22,RDE N° 222-2019-MINEDU/VMGI-PRONABEC,14/04/2026 14:01:23
249,266,2020   ,Beca Albergue,Albergue,Becas Albergue,100,1,,08/06/2020,17/07/2020,12/11/2019,11/03/2020,13/09/2019,30/07/2020,,22,RDE N° 222-2019-MINEDU/VMGI-PRONABEC,14/04/2026 14:01:23
250,267,2020   ,Beca REPARED,Repared,Beca Reparaciones,450,1,,08/06/2020,17/07/2020,12/11/2019,11/03/2020,13/09/2019,30/07/2020,,40,RDE N° 222-2019-MINEDU/VMGI-PRONABEC,14/04/2026 14:01:23
251,268,2020   ,Beca VRAEM,VRAEM,Beca VRAEM,100,1,,08/06/2020,17/07/2020,12/11/2019,11/03/2020,13/09/2019,30/07/2020,,22,RDE N° 222-2019-MINEDU/VMGI-PRONABEC,14/04/2026 14:01:23
252,269,2020   ,Beca Huallaga,Huallaga,Becas Huallaga,100,1,,08/06/2020,17/07/2020,12/11/2019,11/03/2020,13/09/2019,30/07/2020,,22,RDE N° 222-2019-MINEDU/VMGI-PRONABEC,14/04/2026 14:01:23
253,270,2020   ,Beca FFAA,Licenciados FFAA,Beca FFAA,100,1,,08/06/2020,17/07/2020,12/11/2019,11/03/2020,13/09/2019,30/07/2020,,24,RDE N° 222-2019-MINEDU/VMGI-PRONABEC,14/04/2026 14:01:23
254,271,2020   ,Beca EIB,Educación Intercultural Bilingüe,Becas EIB,100,1,,08/06/2020,17/07/2020,12/11/2019,11/03/2020,13/09/2019,30/07/2020,,22,RDE N° 222-2019-MINEDU/VMGI-PRONABEC,14/04/2026 14:01:23
255,272,2020   ,Beca CNA,Comunidades Nativas,Becas CNA,200,1,,08/06/2020,17/07/2020,12/11/2019,11/03/2020,13/09/2019,30/07/2020,,22,RDE N° 222-2019-MINEDU/VMGI-PRONABEC,14/04/2026 14:01:23
256,262,2020   ,Beca Alianza del Pacífico - Colombia,Beca Alianza del Pacifico ,Beca Alianza del Pacífico Internacional,0,1,,22/07/2019,15/11/2019,11/11/2019,05/12/2019,22/07/2019,23/12/2019,,,RDE N° 181-2019-MINEDU-VMGI-PRONABEC,14/04/2026 14:01:23
257,263,2020   ,Beca Alianza del Pacífico - Chile,Beca Alianza del Pacifico ,Beca Alianza del Pacífico Internacional,0,1,,22/07/2019,15/11/2019,11/11/2019,05/12/2019,22/07/2019,23/12/2019,,,RDE N° 181-2019-MINEDU-VMGI-PRONABEC,14/04/2026 14:01:23
258,264,2020   ,Beca Alianza del Pacífico - México,Beca Alianza del Pacifico ,Beca Alianza del Pacífico Internacional,0,1,,22/07/2019,15/11/2019,11/11/2019,05/12/2019,22/07/2019,23/12/2019,,,RDE N° 181-2019-MINEDU-VMGI-PRONABEC,14/04/2026 14:01:23
259,273,2020   ,Beca Alianza del Pacífico - Perú,Beca Alianza del Pacifico ,Beca Alianza del Pacífico,0,1,,07/08/2019,15/11/2019,11/11/2019,05/12/2019,07/08/2019,23/12/2019,,,RDE N° 181-2019-MINEDU-VMGI-PRONABEC,14/04/2026 14:01:23
260,274,2020   ,Beca Traslado - Universidad Pública Filial Desistida,BECA TRASLADO PARA ESTUDIANTES DE FILIALES DESISTIDAS DE UNIVERSIDADES PÚBLICAS LICENCIADAS,Becas Pregrado,1600,1,,03/02/2020,20/07/2020,20/07/2020,31/07/2020,03/02/2020,31/07/2020,,99,RDE N° 338-2019-MINEDU/VMGI-PRONABEC,14/04/2026 14:01:23
261,275,2020   ,Beca Traslado - Universidad Privada no licenciada,BECA TRASLADO PARA ESTUDIANTES DE UNIVERSIDADES PRIVADAS NO LICENCIADAS,Becas Pregrado,1600,1,,03/02/2020,20/07/2020,20/07/2020,31/07/2020,03/02/2020,31/07/2020,,99,RDE N° 338-2019-MINEDU/VMGI-PRONABEC,14/04/2026 14:01:23
262,276,2020   ,BECA CANADA,Beca Canadá,Beca Pregrado Internacional,,,,23/01/2020,07/03/2020,02/03/2020,13/02/2020,23/01/2020,20/03/2020,,,,14/04/2026 14:01:23
263,282,2020   ,Beca Presidente de la República,Beca Generación del Bicentenario (anteriormente denominada Beca Presidente de la República),Becas Postgrado Extranjero,150,1,,28/05/2020,20/07/2020,16/07/2020,03/08/2020,30/04/2020,04/07/2020,,,RDE N° 046-2020-MINEDU-VMGI-PRONABEC - RDE N° 068-2020-MINEDU-VMGI-PRONABEC - 101-2020-MINEDU-VMGI-PRONABEC,14/04/2026 14:01:23
264,285,2020   ,Beca Traslado - Universidad Pública no licenciada,BECA TRASLADO PARA UNIVERSIDAD PUBLICA NO LICENCIADA,Becas Pregrado,1600,1,,08/06/2020,20/07/2020,20/07/2020,31/07/2020,08/06/2020,31/07/2020,,99,RDE N° 338-2019-MINEDU/VMGI-PRONABEC,14/04/2026 14:01:23
265,286,2020   ,CREDITO CONTINUIDAD,CREDITO CONTINUIDAD,Credito continuidad,3000,2,,01/07/2020,03/08/2020,01/07/2020,30/07/2020,01/07/2020,14/08/2020,,,RDE N° 066-2020-MINEDU-VMGI-PRONABEC,14/04/2026 14:01:23
266,253,2018   ,Credito 18 :,Credito 18,CRÉDITO 18,,1,,08/03/2019,08/03/2019,11/03/2019,12/03/2019,08/03/2019,12/03/2019,,,,14/04/2026 14:01:23
267,254,2019   ,BECA CANADA 2019,Beca Canadá,Beca Pregrado Internacional,,,,11/03/2019,26/04/2019,,,,,,,,14/04/2026 14:01:23
268,255,2019   ,Beca Excelencia Académica para hijos de docentes,Beca Excelencia Academica,Beca Excelencia Académica para hijos de docentes,400,1,,01/07/2019,06/09/2019,25/05/2019,12/09/2019,30/04/2019,07/10/2019,,,RDE N° 101-2019-MINEDU-VMGI-PRONABEC,14/04/2026 14:01:23
269,256,2019   ,Beca Presidente de la República,Beca Generación del Bicentenario (anteriormente denominada Beca Presidente de la República),Becas Postgrado Extranjero,150,1,,30/04/2019,30/05/2019,28/05/2019,11/06/2019,30/04/2019,04/07/2019,,,RDE N° 082-2019-MINEDU-VMGI-PRONABEC,14/04/2026 14:01:23
270,277,2020   ,CREDITO TALENTO,CREDITO TALENTO,CREDITO TALENTO,,2,,26/02/2020,09/06/2020,26/02/2020,19/03/2020,26/02/2020,19/06/2020,,,RDE N° 12-2020-MINEDU/VMGI-PRONABEC,14/04/2026 14:01:23
271,284,2020   ,Beca de Continuidad de Estudios,Beca Continuidad de Estudios,Beca de Permanencia,14000,1,,08/06/2020,17/07/2020,06/07/2020,04/08/2020,08/06/2020,13/08/2020,,99,RDE N° 055-2020-MINEDU/VMGI-PRONABEC,14/04/2026 14:01:23
272,288,2020-02,BECA CONTINUIDAD DE ESTUDIOS - INSTITUCIONES PÚBLICAS,Beca Continuidad de Estudios,Beca de Permanencia,1600,1,,04/09/2020,23/09/2020,14/09/2020,04/10/2020,04/09/2020,14/10/2020,,99,RDE N° 135-2020-MINEDU/VMGI-PRONABEC,14/04/2026 14:01:23
273,289,2020-02,BECA CONTINUIDAD DE ESTUDIOS - INSTITUCIONES PRIVADAS,Beca Continuidad de Estudios,Beca de Permanencia,1600,1,,04/09/2020,23/09/2020,14/09/2020,04/10/2020,04/09/2020,14/10/2020,,99,RDE N° 135-2020-MINEDU/VMGI-PRONABEC,14/04/2026 14:01:23
274,287,2020-02,CREDITO 18,Credito 18,CRÉDITO 18,,1,,17/08/2020,26/08/2020,24/08/2020,11/09/2020,31/08/2020,23/09/2020,,,RDE N.° 298-2019-MINEDU/VMGI-PRONABEC,14/04/2026 14:01:23
275,278,2020   ,Beca Excelencia Académica para hijos de docentes,Beca Excelencia Academica,Beca Excelencia Académica para hijos de docentes,400,1,,23/07/2020,08/08/2020,,17/07/2020,,20/08/2020,,99,RDE N° 031-2020-MINEDU/VMGI-PRONABEC,14/04/2026 14:01:23
276,279,2020   ,Beca Deporte Escolar,BECA DEPORTE ESCOLAR,Becas Pregrado,1600,1,,17/07/2020,07/08/2020,,,17/07/2020,05/02/2021,,99,RDE N° 036-2020-MINEDU-VMGI-PRONABEC - RDE N° 056-2020-MINEDU-VMGI-PRONABEC,14/04/2026 14:01:23
277,281,2020   ,BECA DE PERMANENCIA DE ESTUDIOS NACIONAL,Beca Permanencia,Beca de Permanencia,8000,1,,29/05/2020,10/07/2020,23/06/2020,23/07/2020,,19/08/2020,,99,RDE N° 047-2020-MINEDU-VMGI-PRONABEC,14/04/2026 14:01:23
278,283,2020   ,Beca Talento Escolar,BECA TALENTO ESCOLAR,Becas Pregrado,1600,1,,20/07/2020,07/08/2020,,,,20/08/2020,,99,RDE N° 045-2020-MINEDU/VMGI-PRONABEC,14/04/2026 14:01:23
279,280,2020   ,Beca Mi Vocación Técnica,Beca Mi Vocacion Tecnica,Becas Pregrado,800,1,,17/06/2020,21/07/2020,,,,,,99,RDE N° 064-2020-MINEDU/VMGI-PRONABEC,14/04/2026 14:01:23
280,308,2021   ,Beca Perú,Beca Peru,Beca Peru,56,2,31/12/2016,02/07/2021,09/08/2021,02/07/2021,09/08/2021,02/07/2021,09/08/2021,16,99,RDE 115-2021-MINEDU/VMGI-PRONABEC,14/04/2026 14:01:23
281,312,2021-AM,AMPLIACIÓN DE LA DURACIÓN DE LA BECA DE CONTINUIDAD DE ESTUDIOS DE EDUCACIÓN SUPERIOR, Convocatoria 2020-II,Beca Continuidad de Estudios,Beca de Permanencia,,,,,,,,,,,,RJ N° XXX-2021-MINEDU-VMGI-PRONABEC,14/04/2026 14:01:23
282,309,2021   ,Beca de Continuidad de Estudios de Educación Superior - Convocatoria 2021,Beca Continuidad de Estudios,Beca de Permanencia,10000,1,,23/07/2021,13/08/2021,,,,,,99,RDE N° 138-2021-MINEDU/VMGI-PRONABEC,14/04/2026 14:01:23
283,326,2022   ,Beca de Continuidad de Estudios de Educación Superior - Convocatoria 2022,Beca Continuidad de Estudios,Beca de Permanencia,,,,,,,,,,,,RDE 054-2022-MINEDU/VMGI-PRONABEC,14/04/2026 14:01:23
284,327,2022   ,Beca Generación del Bicentenario - Convocatoria 2022,Beca Generación del Bicentenario (anteriormente denominada Beca Presidente de la República),Becas Postgrado Extranjero,,,,,,,,,,,,RDE N° 092-2022-MINEDU/VMGI-PRONABEC,14/04/2026 14:01:23
285,329,2022   ,Concurso de la Plataforma de Movilidad Estudiantil de la Alianza del Pacífico XIII Convocatoria 2022,Beca Alianza del Pacifico ,Beca Alianza del Pacífico,,,,,,,,,,,,RDE 097-2022-MINEDU/VMGI-PRONABEC,14/04/2026 14:01:23
286,330,2022   ,Beca de Excelencia Académica para Hijos de Docentes - Convocatoria 2022,Beca Excelencia Academica,Beca Excelencia Académica para hijos de docentes,,,,,,,,,,,,RDE N° 098-2022-MINEDU/VMGI-PRONABEC,14/04/2026 14:01:23
287,331,2022   ,Concurso de la Beca de Permanencia de Estudios Nacional - Convocatoria 2022,Beca Permanencia,Beca de Permanencia,,,,,,,,,,,,RDE N° 100-2022-MINEDU/VMGI-PRONABEC,14/04/2026 14:01:23
288,335,2022   ,Beca de Gestión de la Cooperación Nacional - Beca Perú - Convocatoria 2022,Beca Peru,Beca Peru,,,,,,,,,,,,RDE N° 118-2022-MINEDU/VMGI-PRONABEC,14/04/2026 14:01:23
289,337,2022   ,Beca de Gestión de la Cooperación Nacional - Beca Perú - Convocatoria 2022 - Tercer momento,Beca Peru,Beca Peru,,,,,,,,,,,,RDE N° 118-2022-MINEDU/VMGI-PRONABEC,14/04/2026 14:01:23
290,379,2023   ,Beca Protección,Albergue,Becas Albergue,115,,,,,,,,,,,RDE N° 167-2022-MINEDU/VMGI-PRONABEC,14/04/2026 14:01:23
291,380,2023   ,Beca REPARED,Repared,Beca Reparaciones,550,,,,,,,,,,,RDE N° 167-2022-MINEDU/VMGI-PRONABEC,14/04/2026 14:01:23
292,381,2023   ,Beca VRAEM,VRAEM,Beca VRAEM,140,,,,,,,,,,,RDE N° 167-2022-MINEDU/VMGI-PRONABEC,14/04/2026 14:01:23
293,382,2023   ,Beca Huallaga,Huallaga,Becas Huallaga,140,,,,,,,,,,,RDE N° 167-2022-MINEDU/VMGI-PRONABEC,14/04/2026 14:01:23
294,383,2023   ,Beca FFAA,Licenciados FFAA,Beca FFAA,140,,,,,,,,,,,RDE N° 167-2022-MINEDU/VMGI-PRONABEC,14/04/2026 14:01:23
295,384,2023   ,Beca EIB,Educación Intercultural Bilingüe,Becas EIB,100,,,,,,,,,,,RDE N° 167-2022-MINEDU/VMGI-PRONABEC,14/04/2026 14:01:23
296,385,2023   ,Beca CNA y Poblaciones Afroperuanas,Comunidades Nativas,Becas CNA,365,,,,,,,,,,,RDE N° 167-2022-MINEDU/VMGI-PRONABEC,14/04/2026 14:01:23
297,386,2023   ,Beca de Excelencia Académica para Hijos de Docentes - Convocatoria 2023,Beca Excelencia Academica,Beca Excelencia Académica para hijos de docentes,,,,,,,,,,,,RDE N° 080-2023-MINEDU/VMGI-PRONABEC,14/04/2026 14:01:23
298,387,2023   ,Plataforma de Movilidad Estudiantil y Académica de la Alianza del Pacífico 2023,Beca Alianza del Pacifico ,Beca Alianza del Pacífico Internacional,,,,,,,,,,,,RDE N° 086-2023-MINEDU/VMGI-PRONABEC,14/04/2026 14:01:23
299,388,2023   ,Beca Generación del Bicentenario - Convocatoria 2023,Beca Generación del Bicentenario (anteriormente denominada Beca Presidente de la República),Becas Postgrado Extranjero,,,,,,,,,,,,RDE N° 099-2023-MINEDU/VMGI-PRONABEC,14/04/2026 14:01:23
300,389,2023   ,Crédito Talento - Convocatoria 2023,CREDITO TALENTO,CREDITO TALENTO,,,,,,,,,,,,RDE N° 090-2023-MINEDU/VMGI-PRONABEC,14/04/2026 14:01:23
